player_id,team_id,player_name,position,club_team,market_value_eur,caps,date_of_birth,height_cm,career_goals,matches_played,matches_started,minutes_played,tournament_goals,assists,yellow_cards,red_cards,penalty_goals,own_goals,clean_sheets,saves,goals_conceded,data_source,last_verified,team_name,fifa_code,group_letter,confederation,fifa_ranking_pre_tournament,elo_rating,manager_name,market_value_eur_is_outlier,career_goals_is_outlier,caps_is_outlier,minutes_played_is_outlier,market_value_eur_capped,age_years,start_rate,minutes_per_match,goal_involvement,discipline_index,value_per_cap,experience_tier,age_group,team_avg_market_value,team_total_market_value,team_avg_age,squad_size,goals_per_90,assists_per_90,goal_contribution,goal_contribution_per_90,minutes_per_goal,save_percentage,clean_sheet_percentage,start_percentage,market_value_per_cap,goals_per_cap,avg_minutes_per_match,is_high_value,cluster,pca1,pca2
1,1,José Raúl Rangel,GK,CD Guadalajara,8933646,15,2000-02-25,190,0,5,5,438,0,0,0,0,0,0,4.0,7.0,3.0,sofascore.com,2026-07-19,Mexico,MEX,A,CONCACAF,14,1810,Javier Aguirre,False,False,False,False,8933646.0,26.3,1.0,87.6,0,0,558352.875,Developing(11-30),24-27,15842558.038461538,411906509,27.892307692307693,26,0.0,0.0,0,0.0,,70.0,80.0,100.0,558352.875,0.0,87.6,0,0,0.15242396686003906,0.14023988309723817
2,1,Jorge Eduardo Sanchez,DEF,PAOK Saloniki,24628639,59,1997-12-10,176,3,4,4,349,0,1,1,0,0,0,0.0,0.0,0.0,sofascore.com,2026-07-19,Mexico,MEX,A,CONCACAF,14,1810,Javier Aguirre,False,False,False,False,24628639.0,28.5,1.0,87.25,1,1,410477.31666666665,Established(31-60),28-31,15842558.038461538,411906509,27.892307692307693,26,0.0,0.25787965616045844,1,0.25787965616045844,,,0.0,100.0,410477.31666666665,0.05084745762711865,87.25,1,0,1.9314444096763597,0.1928252925251915
3,1,César Jasib Montes,DEF,FC Lokomotiv Moscow,10912552,69,1997-02-24,191,4,4,4,315,0,0,0,1,0,0,0.0,0.0,0.0,sofascore.com,2026-07-19,Mexico,MEX,A,CONCACAF,14,1810,Javier Aguirre,False,False,False,False,10912552.0,29.3,1.0,78.75,0,3,155893.6,Veteran(60+),28-31,15842558.038461538,411906509,27.892307692307693,26,0.0,0.0,0,0.0,,,0.0,100.0,155893.6,0.057971014492753624,78.75,0,0,2.046204872448262,-0.9370679337659836
4,1,Edson Omar Alvarez,DEF,Fenerbahçe SK,10875943,100,1997-10-24,180,7,4,2,239,0,0,1,0,0,0,0.0,0.0,0.0,sofascore.com,2026-07-19,Mexico,MEX,A,CONCACAF,14,1810,Javier Aguirre,False,False,False,False,10875943.0,28.6,0.5,59.75,0,1,107682.60396039604,Veteran(60+),28-31,15842558.038461538,411906509,27.892307692307693,26,0.0,0.0,0,0.0,,,0.0,50.0,107682.60396039604,0.07,59.75,0,0,1.0790749806064102,-1.132056360187201
5,1,Johan Felipe Vasquez,DEF,Genoa CFC,18265363,47,1998-10-22,182,3,4,4,360,0,0,1,0,0,0,0.0,0.0,0.0,sofascore.com,2026-07-19,Mexico,MEX,A,CONCACAF,14,1810,Javier Aguirre,False,False,False,False,18265363.0,27.6,1.0,90.0,0,1,380528.3958333333,Established(31-60),28-31,15842558.038461538,411906509,27.892307692307693,26,0.0,0.0,0,0.0,,,0.0,100.0,380528.3958333333,0.06382978723404255,90.0,1,0,1.1839892346580176,-0.22317625180588208
6,1,Erik Antonio Lira,MID,CF Cruz Azul,21520963,26,2000-05-08,172,0,4,4,346,0,1,0,0,0,0,0.0,0.0,0.0,sofascore.com,2026-07-19,Mexico,MEX,A,CONCACAF,14,1810,Javier Aguirre,False,False,False,False,21520963.0,26.1,1.0,86.5,1,0,797072.7037037037,Developing(11-30),24-27,15842558.038461538,411906509,27.892307692307693,26,0.0,0.26011560693641617,1,0.26011560693641617,,,0.0,100.0,797072.7037037037,0.0,86.5,1,0,0.9239214670222031,0.8498926259882453
7,1,Luis Francisco Romo,MID,CD Guadalajara,12552748,62,1995-06-05,183,4,4,4,268,1,1,0,0,0,0,0.0,0.0,0.0,sofascore.com,2026-07-19,Mexico,MEX,A,CONCACAF,14,1810,Javier Aguirre,False,False,False,False,12552748.0,31.0,1.0,67.0,2,0,199249.96825396825,Veteran(60+),28-31,15842558.038461538,411906509,27.892307692307693,26,0.33582089552238803,0.33582089552238803,2,0.6716417910447761,268.0,,0.0,100.0,199249.96825396825,0.06451612903225806,67.0,0,0,1.8086052863766684,-0.1474201299464645
8,1,Álvaro Fidalgo,MID,Real Betis,10697494,5,1997-04-09,175,0,3,1,95,1,0,0,0,0,0,0.0,0.0,0.0,sofascore.com,2026-07-19,Mexico,MEX,A,CONCACAF,14,1810,Javier Aguirre,False,False,False,False,10697494.0,29.2,0.3333333333333333,31.666666666666668,1,0,1782915.6666666667,Rookie(<=10),28-31,15842558.038461538,411906509,27.892307692307693,26,0.9473684210526315,0.0,1,0.9473684210526315,95.0,,0.0,33.33333333333333,1782915.6666666667,0.0,31.666666666666668,0,3,-0.7401915366640662,0.3441751918351354
9,1,Raúl Alonso Jimenez,FWD,Fulham FC,15211168,127,1991-05-05,188,46,4,4,319,3,0,0,0,1,0,0.0,0.0,0.0,sofascore.com,2026-07-19,Mexico,MEX,A,CONCACAF,14,1810,Javier Aguirre,False,True,True,False,15211168.0,35.1,1.0,79.75,3,0,118837.25,Veteran(60+),32+,15842558.038461538,411906509,27.892307692307693,26,0.8463949843260189,0.0,3,0.8463949843260189,106.33333333333333,,0.0,100.0,118837.25,0.36220472440944884,79.75,0,2,4.755250384665078,-2.0013122508961847
10,1,Ernesto Alexis Vega,FWD,Deportivo Toluca FC,17281661,53,1997-11-25,175,7,1,0,11,0,0,0,0,0,0,0.0,0.0,0.0,sofascore.com,2026-07-19,Mexico,MEX,A,CONCACAF,14,1810,Javier Aguirre,False,False,False,False,17281661.0,28.5,0.0,11.0,0,0,320030.75925925927,Established(31-60),28-31,15842558.038461538,411906509,27.892307692307693,26,0.0,0.0,0,0.0,,,0.0,0.0,320030.75925925927,0.1320754716981132,11.0,0,3,-0.8755671485496752,-0.2783440445953352
11,1,Santiago Tomás Gimenez,FWD,AC Milan,18000000,47,2001-04-18,180,6,4,0,83,0,0,0,0,0,0,0.0,0.0,0.0,sofascore.com,2026-07-19,Mexico,MEX,A,CONCACAF,14,1810,Javier Aguirre,False,False,False,False,18000000.0,25.1,0.0,20.75,0,0,375000.0,Established(31-60),24-27,15842558.038461538,411906509,27.892307692307693,26,0.0,0.0,0,0.0,,,0.0,0.0,375000.0,0.1276595744680851,20.75,1,3,-1.0065192551183144,0.19565224315743376
12,1,Carlos Acevedo,GK,Club Santos Laguna,15432043,7,1996-04-19,185,0,0,0,0,0,0,0,0,0,0,0.0,0.0,0.0,Unverified/Unknown,2026-07-19,Mexico,MEX,A,CONCACAF,14,1810,Javier Aguirre,False,False,False,False,15432043.0,30.1,0.0,0.0,0,0,1929005.375,Rookie(<=10),28-31,15842558.038461538,411906509,27.892307692307693,26,,,0,,,,,,1929005.375,0.0,0.0,0,3,-1.7671815751098485,0.1584041795246888
13,1,Francisco Guillermo Ochoa,GK,AEL Limassol,11314518,153,1985-07-13,185,0,1,0,12,0,0,0,0,0,0,0.0,0.0,0.0,sofascore.com,2026-07-19,Mexico,MEX,A,CONCACAF,14,1810,Javier Aguirre,False,False,True,False,11314518.0,40.9,0.0,12.0,0,0,73470.8961038961,Veteran(60+),32+,15842558.038461538,411906509,27.892307692307693,26,0.0,0.0,0,0.0,,,0.0,0.0,73470.8961038961,0.0,12.0,0,3,0.6108760510042635,-2.8566647738906545
14,1,Armando Gonzalez,FWD,CD Guadalajara,8407678,8,2003-04-20,182,1,1,0,14,0,0,0,0,0,0,0.0,0.0,0.0,sofascore.com,2026-07-19,Mexico,MEX,A,CONCACAF,14,1810,Javier Aguirre,False,False,False,False,8407678.0,23.1,0.0,14.0,0,0,934186.4444444445,Rookie(<=10),24-27,15842558.038461538,411906509,27.892307692307693,26,0.0,0.0,0,0.0,,,0.0,0.0,934186.4444444445,0.125,14.0,0,3,-1.932027483866469,0.7129633118081449
15,1,Israel Reyes,DEF,Club América,24804521,35,2000-05-23,181,2,4,2,200,0,0,0,0,0,0,0.0,0.0,0.0,sofascore.com,2026-07-19,Mexico,MEX,A,CONCACAF,14,1810,Javier Aguirre,False,False,False,False,24804521.0,26.1,0.5,50.0,0,0,689014.4722222222,Established(31-60),24-27,15842558.038461538,411906509,27.892307692307693,26,0.0,0.0,0,0.0,,,0.0,50.0,689014.4722222222,0.05714285714285714,50.0,1,3,-0.3290440865187688,0.3915230089428935
16,1,Julián Andrés Quinones,FWD,Al Qadsiah FC,14000000,23,1997-03-24,177,3,5,5,414,4,1,0,0,0,0,0.0,0.0,0.0,sofascore.com,2026-07-19,Mexico,MEX,A,CONCACAF,14,1810,Javier Aguirre,False,False,False,False,14000000.0,29.2,1.0,82.8,5,0,583333.3333333334,Developing(11-30),28-31,15842558.038461538,411906509,27.892307692307693,26,0.8695652173913043,0.21739130434782608,5,1.0869565217391304,103.5,,0.0,100.0,583333.3333333334,0.13043478260869565,82.8,0,1,2.700167125778298,1.2871139461823609
17,1,Orbelín Pineda,MID,AEK Athens,16337698,92,1996-03-24,169,12,2,0,29,0,0,0,0,0,0,0.0,0.0,0.0,sofascore.com,2026-07-19,Mexico,MEX,A,CONCACAF,14,1810,Javier Aguirre,False,True,False,False,16337698.0,30.2,0.0,14.5,0,0,175674.17204301077,Veteran(60+),28-31,15842558.038461538,411906509,27.892307692307693,26,0.0,0.0,0,0.0,,,0.0,0.0,175674.17204301077,0.13043478260869565,14.5,0,3,-0.11426280104765263,-1.0323315470330814
18,1,Obed Goméz Vargas,MID,Atlético De Madrid,10000000,6,2005-08-05,175,0,3,0,63,0,0,0,0,0,0,0.0,0.0,0.0,sofascore.com,2026-07-19,Mexico,MEX,A,CONCACAF,14,1810,Javier Aguirre,False,False,False,False,10000000.0,20.8,0.0,21.0,0,0,1428571.4285714286,Rookie(<=10),U23,15842558.038461538,411906509,27.892307692307693,26,0.0,0.0,0,0.0,,,0.0,0.0,1428571.4285714286,0.0,21.0,0,3,-1.9900680571988285,1.043416804816743
19,1,Gilberto Rafael Mora,MID,Club Tijuana,19301116,9,2008-10-14,175,0,4,3,216,0,0,0,0,0,0,0.0,0.0,0.0,sofascore.com,2026-07-19,Mexico,MEX,A,CONCACAF,14,1810,Javier Aguirre,False,False,False,False,19301116.0,17.7,0.75,54.0,0,0,1930111.6,Rookie(<=10),U23,15842558.038461538,411906509,27.892307692307693,26,0.0,0.0,0,0.0,,,0.0,75.0,1930111.6,0.0,54.0,1,0,-0.8607430685322874,1.4902636404005203
20,1,Mateo Chavez,DEF,AZ Alkmaar,23666035,10,2004-05-12,178,0,1,1,78,1,0,0,0,0,0,0.0,0.0,0.0,sofascore.com,2026-07-19,Mexico,MEX,A,CONCACAF,14,1810,Javier Aguirre,False,False,False,False,23666035.0,22.1,1.0,78.0,1,0,2151457.727272727,Rookie(<=10),U23,15842558.038461538,411906509,27.892307692307693,26,1.1538461538461537,0.0,1,1.1538461538461537,78.0,,0.0,100.0,2151457.727272727,0.0,78.0,1,0,0.3595503162215542,1.3031423431956575
21,1,César Saúl Huerta,FWD,RSC Anderlecht,9517865,26,2000-12-03,171,3,1,0,6,0,0,0,0,0,0,0.0,0.0,0.0,sofascore.com,2026-07-19,Mexico,MEX,A,CONCACAF,14,1810,Javier Aguirre,False,False,False,False,9517865.0,25.5,0.0,6.0,0,0,352513.51851851854,Developing(11-30),24-27,15842558.038461538,411906509,27.892307692307693,26,0.0,0.0,0,0.0,,,0.0,0.0,352513.51851851854,0.11538461538461539,6.0,0,3,-1.6233794816234213,0.23960727300897894
22,1,Guillermo Martinez,FWD,Pumas UNAM,24670186,12,1995-03-15,191,3,2,1,72,0,0,0,0,0,0,0.0,0.0,0.0,sofascore.com,2026-07-19,Mexico,MEX,A,CONCACAF,14,1810,Javier Aguirre,False,False,False,False,24670186.0,31.2,0.5,36.0,0,0,1897706.6153846155,Developing(11-30),32+,15842558.038461538,411906509,27.892307692307693,26,0.0,0.0,0,0.0,,,0.0,50.0,1897706.6153846155,0.25,36.0,1,3,-0.523680366555419,0.08467882908970785
23,1,Jesús Daniel Gallardo,DEF,Deportivo Toluca FC,24033269,123,1994-08-15,174,3,5,4,372,0,0,0,0,0,0,0.0,0.0,0.0,sofascore.com,2026-07-19,Mexico,MEX,A,CONCACAF,14,1810,Javier Aguirre,False,False,True,False,24033269.0,31.8,0.8,74.4,0,0,193816.68548387097,Veteran(60+),32+,15842558.038461538,411906509,27.892307692307693,26,0.0,0.0,0,0.0,,,0.0,80.0,193816.68548387097,0.024390243902439025,74.4,1,0,1.6242853377418467,-1.353533967825524
24,1,Luis Gerardo Chavez,MID,FC Dynamo Moscow,19973810,46,1996-01-15,178,5,1,0,24,0,0,0,0,0,0,0.0,0.0,0.0,sofascore.com,2026-07-19,Mexico,MEX,A,CONCACAF,14,1810,Javier Aguirre,False,False,False,False,19973810.0,30.4,0.0,24.0,0,0,424974.6808510638,Established(31-60),28-31,15842558.038461538,411906509,27.892307692307693,26,0.0,0.0,0,0.0,,,0.0,0.0,424974.6808510638,0.10869565217391304,24.0,1,3,-0.7542111253482763,-0.3169055045433447
25,1,Roberto Carlos Alvarado,FWD,CD Guadalajara,13567593,69,1998-09-07,176,6,5,5,430,0,3,0,0,0,0,0.0,0.0,0.0,sofascore.com,2026-07-19,Mexico,MEX,A,CONCACAF,14,1810,Javier Aguirre,False,False,False,False,13567593.0,27.8,1.0,86.0,3,0,193822.75714285715,Veteran(60+),28-31,15842558.038461538,411906509,27.892307692307693,26,0.0,0.627906976744186,3,0.627906976744186,,,0.0,100.0,193822.75714285715,0.08695652173913043,86.0,0,1,2.702393384079586,0.8307375785271077
26,1,Brian Gutierrez,MID,CD Guadalajara,8000000,8,2003-06-17,178,2,4,2,197,0,0,1,0,0,0,0.0,0.0,0.0,sofascore.com,2026-07-19,Mexico,MEX,A,CONCACAF,14,1810,Javier Aguirre,False,False,False,False,8000000.0,23.0,0.5,49.25,0,1,888888.8888888889,Rookie(<=10),U23,15842558.038461538,411906509,27.892307692307693,26,0.0,0.0,0,0.0,,,0.0,50.0,888888.8888888889,0.25,49.25,0,0,-0.6332134795751945,0.5788919507064346
27,2,Ronwen Hayden Williams,GK,Mamelodi Sundowns FC,800000,65,1992-01-21,184,0,4,4,360,0,0,0,0,0,0,1.0,17.0,4.0,sofascore.com,2026-07-19,South Africa,RSA,A,CAF,60,1620,Hugo Broos,False,False,False,False,800000.0,34.4,1.0,90.0,0,0,12121.212121212122,Veteran(60+),32+,1834615.3846153845,47700000,26.81153846153846,26,0.0,0.0,0,0.0,,80.95238095238095,25.0,100.0,12121.212121212122,0.0,90.0,0,0,0.8592850509858851,-2.0755658831487893
28,2,Tholo Thabang Matuludi,DEF,Polokwane City FC,1200000,3,1999-01-14,189,0,0,0,0,0,0,0,0,0,0,0.0,0.0,0.0,Unverified/Unknown,2026-07-19,South Africa,RSA,A,CAF,60,1620,Hugo Broos,False,False,False,False,1200000.0,27.4,0.0,0.0,0,0,300000.0,Rookie(<=10),28-31,1834615.3846153845,47700000,26.81153846153846,26,,,0,,,,,,300000.0,0.0,0.0,0,3,-2.2993550755945047,-0.38519080519722143
29,2,Khulumani Ndamane,DEF,Mamelodi Sundowns FC,1200000,5,2004-02-05,183,0,0,0,0,0,0,0,0,0,0,0.0,0.0,0.0,Unverified/Unknown,2026-07-19,South Africa,RSA,A,CAF,60,1620,Hugo Broos,False,False,False,False,1200000.0,22.3,0.0,0.0,0,0,200000.0,Rookie(<=10),U23,1834615.3846153845,47700000,26.81153846153846,26,,,0,,,,,,200000.0,0.0,0.0,0,3,-2.5038586729289483,0.15845201307110177
30,2,Teboho Mokoena,MID,Mamelodi Sundowns FC,2800000,58,1997-01-24,177,9,3,3,270,1,0,2,0,1,0,0.0,0.0,0.0,sofascore.com,2026-07-19,South Africa,RSA,A,CAF,60,1620,Hugo Broos,False,False,False,False,2800000.0,29.4,1.0,90.0,1,2,47457.627118644064,Established(31-60),28-31,1834615.3846153845,47700000,26.81153846153846,26,0.33333333333333337,0.0,1,0.33333333333333337,270.0,,0.0,100.0,47457.627118644064,0.15517241379310345,90.0,0,0,2.006712800699767,-1.3631092448291804
31,2,Thalente Wandile Mbatha,MID,Orlando Pirates FC,2000000,17,2000-03-06,179,3,4,2,258,0,0,1,0,0,0,0.0,0.0,0.0,sofascore.com,2026-07-19,South Africa,RSA,A,CAF,60,1620,Hugo Broos,False,False,False,False,2000000.0,26.3,0.5,64.5,0,1,111111.11111111111,Developing(11-30),24-27,1834615.3846153845,47700000,26.81153846153846,26,0.0,0.0,0,0.0,,,0.0,50.0,111111.11111111111,0.17647058823529413,64.5,0,0,-0.42495145096173415,-0.6003926796256727
32,2,Aubrey Maphosa Modiba,DEF,Mamelodi Sundowns FC,1800000,49,1995-07-22,171,3,4,4,346,0,0,1,0,0,0,0.0,0.0,0.0,sofascore.com,2026-07-19,South Africa,RSA,A,CAF,60,1620,Hugo Broos,False,False,False,False,1800000.0,30.9,1.0,86.5,0,1,36000.0,Established(31-60),28-31,1834615.3846153845,47700000,26.81153846153846,26,0.0,0.0,0,0.0,,,0.0,100.0,36000.0,0.061224489795918366,86.5,0,0,0.9273336576803681,-1.5580392811600967
33,2,Oswin Reagan Appollis,FWD,Orlando Pirates FC,2500000,28,2001-08-25,171,8,4,3,256,0,0,0,0,0,0,0.0,0.0,0.0,sofascore.com,2026-07-19,South Africa,RSA,A,CAF,60,1620,Hugo Broos,False,False,False,False,2500000.0,24.8,0.75,64.0,0,0,86206.89655172414,Developing(11-30),24-27,1834615.3846153845,47700000,26.81153846153846,26,0.0,0.0,0,0.0,,,0.0,75.0,86206.89655172414,0.2857142857142857,64.0,0,0,-0.294659913094442,-0.6203380557632105
34,2,Tshepang Moremi,FWD,Orlando Pirates FC,1400000,10,2000-10-02,169,1,2,0,32,0,1,0,0,0,0,0.0,0.0,0.0,sofascore.com,2026-07-19,South Africa,RSA,A,CAF,60,1620,Hugo Broos,False,False,False,False,1400000.0,25.7,0.0,16.0,1,0,127272.72727272728,Rookie(<=10),24-27,1834615.3846153845,47700000,26.81153846153846,26,0.0,2.8125,1,2.8125,,,0.0,0.0,127272.72727272728,0.1,16.0,0,3,-1.5239901190529646,0.1839095311762202
35,2,Lyle Brent Foster,FWD,Burnley FC,8000000,32,2000-09-03,185,10,1,1,56,0,0,0,0,0,0,0.0,0.0,0.0,sofascore.com,2026-07-19,South Africa,RSA,A,CAF,60,1620,Hugo Broos,False,False,False,False,8000000.0,25.8,1.0,56.0,0,0,242424.24242424243,Established(31-60),24-27,1834615.3846153845,47700000,26.81153846153846,26,0.0,0.0,0,0.0,,,0.0,100.0,242424.24242424243,0.3125,56.0,0,0,0.06592621162681059,-0.6860022471261933
36,2,Relebohile Mofokeng,FWD,Orlando Pirates FC,3000000,14,2004-10-23,168,1,3,2,170,0,0,0,0,0,0,0.0,0.0,0.0,sofascore.com,2026-07-19,South Africa,RSA,A,CAF,60,1620,Hugo Broos,False,False,False,False,3000000.0,21.6,0.6666666666666666,56.666666666666664,0,0,200000.0,Developing(11-30),U23,1834615.3846153845,47700000,26.81153846153846,26,0.0,0.0,0,0.0,,,0.0,66.66666666666666,200000.0,0.07142857142857142,56.666666666666664,0,0,-1.019944897863641,0.04366941739653726
37,2,Themba Zwane,MID,Mamelodi Sundowns FC,250000,56,1989-08-03,178,12,1,0,29,0,0,0,1,0,0,0.0,0.0,0.0,sofascore.com,2026-07-19,South Africa,RSA,A,CAF,60,1620,Hugo Broos,False,True,False,False,250000.0,36.9,0.0,29.0,0,3,4385.964912280701,Established(31-60),32+,1834615.3846153845,47700000,26.81153846153846,26,0.0,0.0,0,0.0,,,0.0,0.0,4385.964912280701,0.21428571428571427,29.0,0,0,0.5967742061490684,-2.4190608905432947
38,2,Thapelo Maseko,FWD,AEL Limassol,1200000,8,2003-11-11,178,1,3,3,245,1,0,0,0,0,0,0.0,0.0,0.0,sofascore.com,2026-07-19,South Africa,RSA,A,CAF,60,1620,Hugo Broos,False,False,False,False,1200000.0,22.6,1.0,81.66666666666667,1,0,133333.33333333334,Rookie(<=10),U23,1834615.3846153845,47700000,26.81153846153846,26,0.3673469387755102,0.0,1,0.3673469387755102,245.0,,0.0,100.0,133333.33333333334,0.125,81.66666666666667,0,0,-0.009618126886161198,0.1469950006734778
39,2,Sphephelo S'miso Sithole,MID,CD Tondela,600000,30,1999-03-03,197,1,3,3,270,0,0,0,1,0,0,0.0,0.0,0.0,sofascore.com,2026-07-19,South Africa,RSA,A,CAF,60,1620,Hugo Broos,False,False,False,False,600000.0,27.3,1.0,90.0,0,3,19354.83870967742,Developing(11-30),28-31,1834615.3846153845,47700000,26.81153846153846,26,0.0,0.0,0,0.0,,,0.0,100.0,19354.83870967742,0.03333333333333333,90.0,0,0,1.1951335512514887,-1.0101904572190061
40,2,Mbekezeli Mfanufikile Mbokazi,DEF,Chicago Fire FC,3500000,11,2005-09-19,177,1,4,4,360,0,0,0,0,0,0,0.0,0.0,0.0,sofascore.com,2026-07-19,South Africa,RSA,A,CAF,60,1620,Hugo Broos,False,False,False,False,3500000.0,20.7,1.0,90.0,0,0,291666.6666666667,Developing(11-30),U23,1834615.3846153845,47700000,26.81153846153846,26,0.0,0.0,0,0.0,,,0.0,100.0,291666.6666666667,0.09090909090909091,90.0,0,0,-0.35322283803209104,0.12795461893462165
41,2,Iqraam Rayners,FWD,Mamelodi Sundowns FC,2800000,21,1995-12-19,174,5,4,2,161,0,0,0,0,0,0,0.0,0.0,0.0,sofascore.com,2026-07-19,South Africa,RSA,A,CAF,60,1620,Hugo Broos,False,False,False,False,2800000.0,30.5,0.5,40.25,0,0,127272.72727272728,Developing(11-30),28-31,1834615.3846153845,47700000,26.81153846153846,26,0.0,0.0,0,0.0,,,0.0,50.0,127272.72727272728,0.23809523809523808,40.25,0,3,-0.763866575361468,-1.0678341959014066
42,2,Sipho Justin Chaine,GK,Orlando Pirates FC,1600000,4,1996-12-14,186,0,0,0,0,0,0,0,0,0,0,0.0,0.0,0.0,Unverified/Unknown,2026-07-19,South Africa,RSA,A,CAF,60,1620,Hugo Broos,False,False,False,False,1600000.0,29.5,0.0,0.0,0,0,320000.0,Rookie(<=10),28-31,1834615.3846153845,47700000,26.81153846153846,26,,,0,,,,,,320000.0,0.0,0.0,0,3,-2.1886721022237716,-0.6198694787676777
43,2,Sekotori Evidence Makgopa,FWD,Orlando Pirates FC,1400000,28,2000-06-05,183,6,4,2,214,0,0,0,0,0,0,0.0,0.0,0.0,sofascore.com,2026-07-19,South Africa,RSA,A,CAF,60,1620,Hugo Broos,False,False,False,False,1400000.0,26.0,0.5,53.5,0,0,48275.862068965514,Developing(11-30),24-27,1834615.3846153845,47700000,26.81153846153846,26,0.0,0.0,0,0.0,,,0.0,50.0,48275.862068965514,0.21428571428571427,53.5,0,0,-0.6938174853230328,-0.7144322170177307
44,2,Samukele Alucious Kabini,DEF,Molde FK,2500000,6,2004-03-15,179,0,0,0,0,0,0,0,0,0,0,0.0,0.0,0.0,Unverified/Unknown,2026-07-19,South Africa,RSA,A,CAF,60,1620,Hugo Broos,False,False,False,False,2500000.0,22.2,0.0,0.0,0,0,357142.85714285716,Rookie(<=10),U23,1834615.3846153845,47700000,26.81153846153846,26,,,0,,,,,,357142.85714285716,0.0,0.0,0,3,-2.482552535783278,0.19163596302569905
45,2,Nkosinathi Emmanuel Sibisi,DEF,Orlando Pirates FC,1600000,22,1995-09-22,172,0,1,1,90,0,0,1,0,0,0,0.0,0.0,0.0,sofascore.com,2026-07-19,South Africa,RSA,A,CAF,60,1620,Hugo Broos,False,False,False,False,1600000.0,30.7,1.0,90.0,0,1,69565.21739130435,Developing(11-30),28-31,1834615.3846153845,47700000,26.81153846153846,26,0.0,0.0,0,0.0,,,0.0,100.0,69565.21739130435,0.0,90.0,0,0,0.525619697636397,-1.1800352943100194
46,2,Khuliso Johnson Mudau,DEF,Mamelodi Sundowns FC,1200000,35,1995-04-26,179,1,4,4,360,0,0,0,0,0,0,0.0,0.0,0.0,sofascore.com,2026-07-19,South Africa,RSA,A,CAF,60,1620,Hugo Broos,False,False,False,False,1200000.0,31.1,1.0,90.0,0,0,33333.333333333336,Established(31-60),32+,1834615.3846153845,47700000,26.81153846153846,26,0.0,0.0,0,0.0,,,0.0,100.0,33333.333333333336,0.02857142857142857,90.0,0,0,0.3831988738216418,-1.3665647715904476
47,2,Ime Daniel Okon,DEF,Hannover 96,450000,9,2004-02-20,187,1,4,4,360,0,0,0,0,0,0,0.0,0.0,0.0,sofascore.com,2026-07-19,South Africa,RSA,A,CAF,60,1620,Hugo Broos,False,False,False,False,450000.0,22.3,1.0,90.0,0,0,45000.0,Rookie(<=10),U23,1834615.3846153845,47700000,26.81153846153846,26,0.0,0.0,0,0.0,,,0.0,100.0,45000.0,0.1111111111111111,90.0,0,0,-0.3376782620692907,-0.105690799480091
48,2,Stuart Ricardo Goss,GK,Siwelele FC,350000,7,1994-04-02,181,0,0,0,0,0,0,0,0,0,0,0.0,0.0,0.0,Unverified/Unknown,2026-07-19,South Africa,RSA,A,CAF,60,1620,Hugo Broos,False,False,False,False,350000.0,32.2,0.0,0.0,0,0,43750.0,Rookie(<=10),32+,1834615.3846153845,47700000,26.81153846153846,26,,,0,,,,,,43750.0,0.0,0.0,0,3,-2.043810570099254,-0.9872435146601403
49,2,Jayden Oswin Adams,MID,Mamelodi Sundowns FC,1800000,9,2001-05-05,177,2,3,2,117,0,0,0,0,0,0,0.0,0.0,0.0,sofascore.com,2026-07-19,South Africa,RSA,A,CAF,60,1620,Hugo Broos,False,False,False,False,1800000.0,25.1,0.6666666666666666,39.0,0,0,180000.0,Rookie(<=10),24-27,1834615.3846153845,47700000,26.81153846153846,26,0.0,0.0,0,0.0,,,0.0,66.66666666666666,180000.0,0.2222222222222222,39.0,0,3,-1.1234120053963197,-0.3187129772825618
50,2,Olwethu Mpilwenhle Makhanya,DEF,Philadelphia Union,2000000,1,2004-04-30,185,0,0,0,0,0,0,0,0,0,0,0.0,0.0,0.0,Unverified/Unknown,2026-07-19,South Africa,RSA,A,CAF,60,1620,Hugo Broos,False,False,False,False,2000000.0,22.1,0.0,0.0,0,0,1000000.0,Rookie(<=10),U23,1834615.3846153845,47700000,26.81153846153846,26,,,0,,,,,,1000000.0,0.0,0.0,0,3,-2.5534089781498848,0.24790045391501034
51,2,Kamogelo Michael Sebelebele,FWD,Orlando Pirates FC,1200000,9,2002-07-21,166,1,1,0,6,0,0,0,0,0,0,0.0,0.0,0.0,sofascore.com,2026-07-19,South Africa,RSA,A,CAF,60,1620,Hugo Broos,False,False,False,False,1200000.0,23.9,0.0,6.0,0,0,120000.0,Rookie(<=10),24-27,1834615.3846153845,47700000,26.81153846153846,26,0.0,0.0,0,0.0,,,0.0,0.0,120000.0,0.1111111111111111,6.0,0,3,-2.2730190379534507,-0.08828442644102671
52,2,Bradley Paul Cross,DEF,Kaizer Chiefs FC,550000,1,2001-01-30,175,0,0,0,0,0,0,0,0,0,0,0.0,0.0,0.0,Unverified/Unknown,2026-07-19,South Africa,RSA,A,CAF,60,1620,Hugo Broos,False,False,False,False,550000.0,25.4,0.0,0.0,0,0,275000.0,Rookie(<=10),24-27,1834615.3846153845,47700000,26.81153846153846,26,,,0,,,,,,275000.0,0.0,0.0,0,3,-2.42038724227304,-0.15648501182550764
53,3,Seunggyu Kim,GK,FC Tokyo,500000,87,1990-09-30,187,0,3,3,270,0,0,0,0,0,0,0.0,8.0,3.0,sofascore.com,2026-07-19,South Korea,KOR,A,AFC,22,1800,Hong Myung-bo,False,False,False,False,500000.0,35.7,1.0,90.0,0,0,5681.818181818182,Veteran(60+),32+,5348076.923076923,139050000,28.065384615384616,26,0.0,0.0,0,0.0,,72.72727272727273,0.0,100.0,5681.818181818182,0.0,90.0,0,0,1.3858609469483703,-1.9895823018811996
54,3,Hanbeom Lee,DEF,FC Midtjylland,3000000,9,2002-06-17,188,0,3,3,270,0,0,0,0,0,0,0.0,0.0,0.0,sofascore.com,2026-07-19,South Korea,KOR,A,AFC,22,1800,Hong Myung-bo,False,False,False,False,3000000.0,24.0,1.0,90.0,0,0,300000.0,Rookie(<=10),24-27,5348076.923076923,139050000,28.065384615384616,26,0.0,0.0,0,0.0,,,0.0,100.0,300000.0,0.0,90.0,0,0,-0.06725015889993113,0.2821731805578556
55,3,Gihyuk Lee,MID,Gangwon FC,800000,4,2000-07-07,184,0,3,3,270,0,0,1,0,0,0,0.0,0.0,0.0,sofascore.com,2026-07-19,South Korea,KOR,A,AFC,22,1800,Hong Myung-bo,False,False,False,False,800000.0,25.9,1.0,90.0,0,1,160000.0,Rookie(<=10),24-27,5348076.923076923,139050000,28.065384615384616,26,0.0,0.0,0,0.0,,,0.0,100.0,160000.0,0.0,90.0,0,0,0.2839248996238097,0.03588409905110122
56,3,Minjae Kim,DEF,FC Bayern München,20000000,80,1996-11-15,190,4,3,3,245,0,0,0,0,0,0,0.0,0.0,0.0,sofascore.com,2026-07-19,South Korea,KOR,A,AFC,22,1800,Hong Myung-bo,False,False,False,False,20000000.0,29.6,1.0,81.66666666666667,0,0,246913.58024691357,Veteran(60+),28-31,5348076.923076923,139050000,28.065384615384616,26,0.0,0.0,0,0.0,,,0.0,100.0,246913.58024691357,0.05,81.66666666666667,1,0,1.2644517592699311,-0.7843346961947237
57,3,Taehyeon Kim,DEF,Kashima Antlers,1200000,7,2000-09-17,186,0,0,0,0,0,0,0,0,0,0,0.0,0.0,0.0,Unverified/Unknown,2026-07-19,South Korea,KOR,A,AFC,22,1800,Hong Myung-bo,False,False,False,False,1200000.0,25.7,0.0,0.0,0,0,150000.0,Rookie(<=10),24-27,5348076.923076923,139050000,28.065384615384616,26,,,0,,,,,,150000.0,0.0,0.0,0,3,-2.1244706873222365,0.2512137021219278
58,3,Inbeom Hwang,MID,Feyenoord Rotterdam,7000000,74,1996-09-20,177,7,3,3,264,1,1,0,0,0,0,0.0,0.0,0.0,sofascore.com,2026-07-19,South Korea,KOR,A,AFC,22,1800,Hong Myung-bo,False,False,False,False,7000000.0,29.7,1.0,88.0,2,0,93333.33333333333,Veteran(60+),28-31,5348076.923076923,139050000,28.065384615384616,26,0.34090909090909094,0.34090909090909094,2,0.6818181818181819,264.0,,0.0,100.0,93333.33333333333,0.0945945945945946,88.0,0,0,2.1957338892578733,-0.38372695512998645
59,3,Heung Min Son,FWD,LAFC,15000000,145,1992-07-08,183,56,3,2,170,0,0,0,0,0,0,0.0,0.0,0.0,sofascore.com,2026-07-19,South Korea,KOR,A,AFC,22,1800,Hong Myung-bo,False,True,True,False,15000000.0,33.9,0.6666666666666666,56.666666666666664,0,0,102739.72602739726,Veteran(60+),32+,5348076.923076923,139050000,28.065384615384616,26,0.0,0.0,0,0.0,,,0.0,66.66666666666666,102739.72602739726,0.38620689655172413,56.666666666666664,0,2,3.375263230547231,-2.965765097165752
60,3,Seungho Paik,MID,Birmingham City FC,2000000,28,1997-03-17,182,3,3,3,207,0,0,1,0,0,0,0.0,0.0,0.0,sofascore.com,2026-07-19,South Korea,KOR,A,AFC,22,1800,Hong Myung-bo,False,False,False,False,2000000.0,29.2,1.0,69.0,0,1,68965.5172413793,Developing(11-30),28-31,5348076.923076923,139050000,28.065384615384616,26,0.0,0.0,0,0.0,,,0.0,100.0,68965.5172413793,0.10714285714285714,69.0,0,0,0.578933919180647,-0.6096112722698335
61,3,Guesung Cho,FWD,FC Midtjylland,2500000,44,1998-01-25,188,12,2,0,29,0,0,1,0,0,0,0.0,0.0,0.0,sofascore.com,2026-07-19,South Korea,KOR,A,AFC,22,1800,Hong Myung-bo,False,True,False,False,2500000.0,28.4,0.0,14.5,0,1,55555.555555555555,Established(31-60),28-31,5348076.923076923,139050000,28.065384615384616,26,0.0,0.0,0,0.0,,,0.0,0.0,55555.555555555555,0.2727272727272727,14.5,0,3,-0.5877626491299917,-0.6966677091524274
62,3,Jae Sung Lee,MID,1. FSV Mainz 05,2000000,106,1992-08-10,180,15,2,2,119,0,0,0,0,0,0,0.0,0.0,0.0,sofascore.com,2026-07-19,South Korea,KOR,A,AFC,22,1800,Hong Myung-bo,False,True,False,False,2000000.0,33.8,1.0,59.5,0,0,18691.58878504673,Veteran(60+),32+,5348076.923076923,139050000,28.065384615384616,26,0.0,0.0,0,0.0,,,0.0,100.0,18691.58878504673,0.14150943396226415,59.5,0,0,1.6876385689971205,-2.1841079542440567
63,3,Hee Chan Hwang,MID,Wolverhampton Wanderers FC,6000000,80,1996-01-26,177,17,3,1,107,0,0,0,0,0,0,0.0,0.0,0.0,sofascore.com,2026-07-19,South Korea,KOR,A,AFC,22,1800,Hong Myung-bo,False,True,False,False,6000000.0,30.4,0.3333333333333333,35.666666666666664,0,0,74074.07407407407,Veteran(60+),28-31,5348076.923076923,139050000,28.065384615384616,26,0.0,0.0,0,0.0,,,0.0,33.33333333333333,74074.07407407407,0.2125,35.666666666666664,0,3,0.38869566139545125,-1.3467579136878594
64,3,Bumkeun Song,GK,Jeonbuk Hyundai Motors FC,1000000,3,1997-10-15,196,0,0,0,0,0,0,0,0,0,0,0.0,0.0,0.0,Unverified/Unknown,2026-07-19,South Korea,KOR,A,AFC,22,1800,Hong Myung-bo,False,False,False,False,1000000.0,28.7,0.0,0.0,0,0,250000.0,Rookie(<=10),28-31,5348076.923076923,139050000,28.065384615384616,26,,,0,,,,,,250000.0,0.0,0.0,0,3,-2.0407929009734924,-0.04094603348879464
65,3,Taeseok Lee,DEF,FK Austria Wien,2000000,16,2002-07-28,174,1,2,2,115,0,0,0,0,0,0,0.0,0.0,0.0,sofascore.com,2026-07-19,South Korea,KOR,A,AFC,22,1800,Hong Myung-bo,False,False,False,False,2000000.0,23.9,1.0,57.5,0,0,117647.05882352941,Developing(11-30),24-27,5348076.923076923,139050000,28.065384615384616,26,0.0,0.0,0,0.0,,,0.0,100.0,117647.05882352941,0.0625,57.5,0,0,-0.36965066101177835,0.199494049676599
66,3,Wije Cho,DEF,Jeonbuk Hyundai Motors FC,550000,1,2001-08-25,190,0,0,0,0,0,0,0,0,0,0,0.0,0.0,0.0,Unverified/Unknown,2026-07-19,South Korea,KOR,A,AFC,22,1800,Hong Myung-bo,False,False,False,False,550000.0,24.8,0.0,0.0,0,0,275000.0,Rookie(<=10),24-27,5348076.923076923,139050000,28.065384615384616,26,,,0,,,,,,275000.0,0.0,0.0,0,3,-2.245038100960726,0.4041354634944107
67,3,Moonhwan Kim,DEF,Daejeon Hana Citizen FC,750000,36,1995-08-01,173,0,1,1,71,0,0,0,0,0,0,0.0,0.0,0.0,sofascore.com,2026-07-19,South Korea,KOR,A,AFC,22,1800,Hong Myung-bo,False,False,False,False,750000.0,30.9,1.0,71.0,0,0,20270.27027027027,Established(31-60),28-31,5348076.923076923,139050000,28.065384615384616,26,0.0,0.0,0,0.0,,,0.0,100.0,20270.27027027027,0.0,71.0,0,0,0.31080198716875185,-0.8391709542427598
68,3,Jinseob Park,DEF,Zhejiang FC,1000000,15,1995-10-23,183,1,2,0,31,0,0,0,0,0,0,0.0,0.0,0.0,sofascore.com,2026-07-19,South Korea,KOR,A,AFC,22,1800,Hong Myung-bo,False,False,False,False,1000000.0,30.6,0.0,15.5,0,0,62500.0,Developing(11-30),28-31,5348076.923076923,139050000,28.065384615384616,26,0.0,0.0,0,0.0,,,0.0,0.0,62500.0,0.06666666666666667,15.5,0,3,-1.579421217411651,-0.4228516933808361
69,3,Junho Bae,MID,Stoke City FC,4000000,13,2003-08-21,180,2,0,0,0,0,0,0,0,0,0,0.0,0.0,0.0,Unverified/Unknown,2026-07-19,South Korea,KOR,A,AFC,22,1800,Hong Myung-bo,False,False,False,False,4000000.0,22.8,0.0,0.0,0,0,285714.28571428574,Developing(11-30),U23,5348076.923076923,139050000,28.065384615384616,26,,,0,,,,,,285714.28571428574,0.15384615384615385,0.0,0,3,-2.0824902899492104,0.5427676711701225
70,3,Hyeongyu Oh,FWD,Be ş ikta ş  JK,15000000,28,2001-04-12,183,7,3,1,128,1,0,0,0,0,0,0.0,0.0,0.0,sofascore.com,2026-07-19,South Korea,KOR,A,AFC,22,1800,Hong Myung-bo,False,False,False,False,15000000.0,25.2,0.3333333333333333,42.666666666666664,1,0,517241.3793103448,Developing(11-30),24-27,5348076.923076923,139050000,28.065384615384616,26,0.703125,0.0,1,0.703125,128.0,,0.0,33.33333333333333,517241.3793103448,0.25,42.666666666666664,0,3,-0.2232534538959269,0.4776145214450243
71,3,Kangin Lee,MID,Paris Saint-Germain,28000000,48,2001-02-19,174,10,3,3,270,0,1,1,0,0,0,0.0,0.0,0.0,sofascore.com,2026-07-19,South Korea,KOR,A,AFC,22,1800,Hong Myung-bo,False,False,False,False,28000000.0,25.3,1.0,90.0,1,1,571428.5714285715,Established(31-60),24-27,5348076.923076923,139050000,28.065384615384616,26,0.0,0.33333333333333337,1,0.33333333333333337,,,0.0,100.0,571428.5714285715,0.20833333333333334,90.0,1,0,1.9552287371447674,0.6160237974009647
72,3,Hyunjun Yang,MID,Celtic FC,5000000,9,2002-05-25,179,0,1,0,19,0,0,0,0,0,0,0.0,0.0,0.0,sofascore.com,2026-07-19,South Korea,KOR,A,AFC,22,1800,Hong Myung-bo,False,False,False,False,5000000.0,24.0,0.0,19.0,0,0,500000.0,Rookie(<=10),24-27,5348076.923076923,139050000,28.065384615384616,26,0.0,0.0,0,0.0,,,0.0,0.0,500000.0,0.0,19.0,0,3,-1.8982291119039199,0.4977065448077918
73,3,Hyeonwoo Jo,GK,Ulsan HD,650000,48,1991-09-25,189,0,0,0,0,0,0,0,0,0,0,0.0,0.0,0.0,Unverified/Unknown,2026-07-19,South Korea,KOR,A,AFC,22,1800,Hong Myung-bo,False,False,False,False,650000.0,34.7,0.0,0.0,0,0,13265.30612244898,Established(31-60),32+,5348076.923076923,139050000,28.065384615384616,26,,,0,,,,,,13265.30612244898,0.0,0.0,0,3,-1.2247322186130039,-1.2399011930909796
74,3,Youngwoo Seol,DEF,FK Crvena Zvezda,6500000,35,1998-12-05,180,0,3,3,251,0,0,0,0,0,0,0.0,0.0,0.0,sofascore.com,2026-07-19,South Korea,KOR,A,AFC,22,1800,Hong Myung-bo,False,False,False,False,6500000.0,27.5,1.0,83.66666666666667,0,0,180555.55555555556,Established(31-60),28-31,5348076.923076923,139050000,28.065384615384616,26,0.0,0.0,0,0.0,,,0.0,100.0,180555.55555555556,0.0,83.66666666666667,0,0,0.3648983533911537,-0.31241589951265214
75,3,Jens Castrop,DEF,Borussia Mönchengladbach,10000000,7,2003-07-29,178,0,1,0,44,0,0,0,0,0,0,0.0,0.0,0.0,sofascore.com,2026-07-19,South Korea,KOR,A,AFC,22,1800,Hong Myung-bo,False,False,False,False,10000000.0,22.9,0.0,44.0,0,0,1250000.0,Rookie(<=10),U23,5348076.923076923,139050000,28.065384615384616,26,0.0,0.0,0,0.0,,,0.0,0.0,1250000.0,0.0,44.0,0,3,-1.606148188722606,0.7494998512079387
76,3,Jingyu Kim,MID,Jeonbuk Hyundai Motors FC,1200000,23,1997-02-24,177,3,2,0,50,0,0,0,0,0,0,0.0,0.0,0.0,sofascore.com,2026-07-19,South Korea,KOR,A,AFC,22,1800,Hong Myung-bo,False,False,False,False,1200000.0,29.3,0.0,25.0,0,0,50000.0,Developing(11-30),28-31,5348076.923076923,139050000,28.065384615384616,26,0.0,0.0,0,0.0,,,0.0,0.0,50000.0,0.13043478260869565,25.0,0,3,-1.3490562927035767,-0.4086188766209783
77,3,Jisung Eom,MID,Swansea City AFC,1800000,10,2002-05-09,177,2,2,0,40,0,0,0,0,0,0,0.0,0.0,0.0,sofascore.com,2026-07-19,South Korea,KOR,A,AFC,22,1800,Hong Myung-bo,False,False,False,False,1800000.0,24.1,0.0,20.0,0,0,163636.36363636365,Rookie(<=10),24-27,5348076.923076923,139050000,28.065384615384616,26,0.0,0.0,0,0.0,,,0.0,0.0,163636.36363636365,0.2,20.0,0,3,-1.8327749134259745,0.35748154666275106
78,3,Donggyeong Lee,MID,Ulsan HD,1600000,18,1997-09-20,175,4,0,0,0,0,0,0,0,0,0,0.0,0.0,0.0,Unverified/Unknown,2026-07-19,South Korea,KOR,A,AFC,22,1800,Hong Myung-bo,False,False,False,False,1600000.0,28.7,0.0,0.0,0,0,84210.52631578948,Developing(11-30),28-31,5348076.923076923,139050000,28.065384615384616,26,,,0,,,,,,84210.52631578948,0.2222222222222222,0.0,0,3,-1.7119287175843885,-0.2669719929476443
79,4,Mat ě j Kovar,GK,PSV Eindhoven,3745909,21,2000-05-17,196,0,3,3,270,0,0,0,0,0,0,0.0,9.0,6.0,sofascore.com,2026-07-19,Czechia,CZE,A,UEFA,40,1740,Miroslav Koubek,False,False,False,False,3745909.0,26.1,1.0,90.0,0,0,170268.5909090909,Developing(11-30),24-27,7197762.692307692,187141830,27.615384615384617,26,0.0,0.0,0,0.0,,60.0,0.0,100.0,170268.5909090909,0.0,90.0,0,0,0.11414239011246237,-0.23601867321007303
80,4,David Zima,DEF,SK Slavia Praha,7000000,25,2000-11-08,190,1,1,0,12,0,0,0,0,0,0,0.0,0.0,0.0,sofascore.com,2026-07-19,Czechia,CZE,A,UEFA,40,1740,Miroslav Koubek,False,False,False,False,7000000.0,25.6,0.0,12.0,0,0,269230.76923076925,Developing(11-30),24-27,7197762.692307692,187141830,27.615384615384617,26,0.0,0.0,0,0.0,,,0.0,0.0,269230.76923076925,0.04,12.0,0,3,-1.7303387620170936,0.0108154243147209
81,4,Tomáš Holes,DEF,SK Slavia Praha,1000000,41,1993-03-31,180,2,2,2,154,0,0,0,0,0,0,0.0,0.0,0.0,sofascore.com,2026-07-19,Czechia,CZE,A,UEFA,40,1740,Miroslav Koubek,False,False,False,False,1000000.0,33.2,1.0,77.0,0,0,23809.52380952381,Established(31-60),32+,7197762.692307692,187141830,27.615384615384617,26,0.0,0.0,0,0.0,,,0.0,100.0,23809.52380952381,0.04878048780487805,77.0,0,0,0.5552667046089097,-1.3503141486798012
82,4,Robin Hranac,DEF,TSG Hoffenheim,10000000,15,2000-01-29,189,1,3,3,270,0,0,0,0,0,0,0.0,0.0,0.0,sofascore.com,2026-07-19,Czechia,CZE,A,UEFA,40,1740,Miroslav Koubek,False,False,False,False,10000000.0,26.4,1.0,90.0,0,0,625000.0,Developing(11-30),24-27,7197762.692307692,187141830,27.615384615384617,26,0.0,0.0,0,0.0,,,0.0,100.0,625000.0,0.06666666666666667,90.0,0,0,0.1542829078167632,-0.054373847910330876
83,4,Vladimír Coufal,DEF,TSG Hoffenheim,2500000,63,1992-08-22,175,2,3,3,270,0,1,0,0,0,0,0.0,0.0,0.0,sofascore.com,2026-07-19,Czechia,CZE,A,UEFA,40,1740,Miroslav Koubek,False,False,False,False,2500000.0,33.8,1.0,90.0,1,0,39062.5,Veteran(60+),32+,7197762.692307692,187141830,27.615384615384617,26,0.0,0.33333333333333337,1,0.33333333333333337,,,0.0,100.0,39062.5,0.031746031746031744,90.0,0,0,1.5584648802467764,-1.1578892204890499
84,4,ě pán Chaloupek,DEF,SK Slavia Praha,8333277,6,2003-03-08,188,0,1,1,90,0,0,0,0,0,0,0.0,0.0,0.0,sofascore.com,2026-07-19,Czechia,CZE,A,UEFA,40,1740,Miroslav Koubek,False,False,False,False,8333277.0,23.3,1.0,90.0,0,0,1190468.142857143,Rookie(<=10),24-27,7197762.692307692,187141830,27.615384615384617,26,0.0,0.0,0,0.0,,,0.0,100.0,1190468.142857143,0.0,90.0,0,0,-0.147141062647023,0.36841585115189696
85,4,Ladislav Krejci,DEF,Wolverhampton Wanderers FC,22000000,28,1999-04-20,191,6,3,3,270,1,0,1,0,0,0,0.0,0.0,0.0,sofascore.com,2026-07-19,Czechia,CZE,A,UEFA,40,1740,Miroslav Koubek,False,False,False,False,22000000.0,27.1,1.0,90.0,1,1,758620.6896551724,Developing(11-30),28-31,7197762.692307692,187141830,27.615384615384617,26,0.33333333333333337,0.0,1,0.33333333333333337,270.0,,0.0,100.0,758620.6896551724,0.21428571428571427,90.0,1,0,1.4174234833354833,0.15467537316121993
86,4,Vladimír Darida,MID,FC Hradec Králové,375000,79,1990-08-08,172,8,1,1,55,0,0,0,0,0,0,0.0,0.0,0.0,sofascore.com,2026-07-19,Czechia,CZE,A,UEFA,40,1740,Miroslav Koubek,False,False,False,False,375000.0,35.8,1.0,55.0,0,0,4687.5,Veteran(60+),32+,7197762.692307692,187141830,27.615384615384617,26,0.0,0.0,0,0.0,,,0.0,100.0,4687.5,0.10126582278481013,55.0,0,0,1.0628396700209388,-2.1775053856707203
87,4,Adam Hlozek,FWD,TSG Hoffenheim,10000000,44,2002-07-25,188,5,3,2,158,0,0,0,0,0,0,0.0,0.0,0.0,sofascore.com,2026-07-19,Czechia,CZE,A,UEFA,40,1740,Miroslav Koubek,False,False,False,False,10000000.0,23.9,0.6666666666666666,52.666666666666664,0,0,222222.22222222222,Established(31-60),24-27,7197762.692307692,187141830,27.615384615384617,26,0.0,0.0,0,0.0,,,0.0,66.66666666666666,222222.22222222222,0.11363636363636363,52.666666666666664,0,0,-0.25293193818799764,-0.11346043896019999
88,4,Patrik Schick,FWD,Bayer 04 Leverkusen,18000000,54,1996-01-24,191,26,3,2,179,0,0,0,0,0,0,0.0,0.0,0.0,sofascore.com,2026-07-19,Czechia,CZE,A,UEFA,40,1740,Miroslav Koubek,False,True,False,False,18000000.0,30.4,0.6666666666666666,59.666666666666664,0,0,327272.7272727273,Established(31-60),28-31,7197762.692307692,187141830,27.615384615384617,26,0.0,0.0,0,0.0,,,0.0,66.66666666666666,327272.7272727273,0.48148148148148145,59.666666666666664,1,0,1.063077545416839,-1.104463652241027
89,4,Jan Kuchta,FWD,AC Sparta Praha,2700000,31,1997-01-08,185,3,0,0,0,0,0,0,0,0,0,0.0,0.0,0.0,Unverified/Unknown,2026-07-19,Czechia,CZE,A,UEFA,40,1740,Miroslav Koubek,False,False,False,False,2700000.0,29.4,0.0,0.0,0,0,84375.0,Established(31-60),28-31,7197762.692307692,187141830,27.615384615384617,26,,,0,,,,,,84375.0,0.0967741935483871,0.0,0,3,-1.6122527110546014,-0.6151794574690663
90,4,Lukáš Cerv,MID,FC Viktoria Plze ň,6000000,17,2001-04-10,182,2,2,2,165,0,0,0,0,0,0,0.0,0.0,0.0,sofascore.com,2026-07-19,Czechia,CZE,A,UEFA,40,1740,Miroslav Koubek,False,False,False,False,6000000.0,25.2,1.0,82.5,0,0,333333.3333333333,Developing(11-30),24-27,7197762.692307692,187141830,27.615384615384617,26,0.0,0.0,0,0.0,,,0.0,100.0,333333.3333333333,0.11764705882352941,82.5,0,0,0.023792228416881268,-0.05771806408272132
91,4,Mojmír Chytil,FWD,SK Slavia Praha,4000000,23,1999-04-29,187,6,1,0,6,0,0,0,0,0,0,0.0,0.0,0.0,sofascore.com,2026-07-19,Czechia,CZE,A,UEFA,40,1740,Miroslav Koubek,False,False,False,False,4000000.0,27.1,0.0,6.0,0,0,166666.66666666666,Developing(11-30),28-31,7197762.692307692,187141830,27.615384615384617,26,0.0,0.0,0,0.0,,,0.0,0.0,166666.66666666666,0.2608695652173913,6.0,0,3,-1.6201179710790496,-0.28889659498761383
92,4,David Jurasek,DEF,SK Slavia Praha,5000000,18,2000-08-07,183,1,0,0,0,0,0,0,0,0,0,0.0,0.0,0.0,Unverified/Unknown,2026-07-19,Czechia,CZE,A,UEFA,40,1740,Miroslav Koubek,False,False,False,False,5000000.0,25.8,0.0,0.0,0,0,263157.8947368421,Developing(11-30),24-27,7197762.692307692,187141830,27.615384615384617,26,,,0,,,,,,263157.8947368421,0.05555555555555555,0.0,0,3,-1.9784388184195454,0.02928520994963648
93,4,Pavel Sulc,FWD,Olympique Lyonnais,20000000,22,2000-12-29,177,5,3,2,188,0,0,0,0,0,0,0.0,0.0,0.0,sofascore.com,2026-07-19,Czechia,CZE,A,UEFA,40,1740,Miroslav Koubek,False,False,False,False,20000000.0,25.4,0.6666666666666666,62.666666666666664,0,0,869565.2173913043,Developing(11-30),24-27,7197762.692307692,187141830,27.615384615384617,26,0.0,0.0,0,0.0,,,0.0,66.66666666666666,869565.2173913043,0.22727272727272727,62.666666666666664,1,0,-0.22479557104615464,0.22531309767314756
94,4,Jind ř ich Stanek,GK,SK Slavia Praha,6887644,14,1996-04-27,192,0,0,0,0,0,0,0,0,0,0,0.0,0.0,0.0,Unverified/Unknown,2026-07-19,Czechia,CZE,A,UEFA,40,1740,Miroslav Koubek,False,False,False,False,6887644.0,30.1,0.0,0.0,0,0,459176.26666666666,Developing(11-30),28-31,7197762.692307692,187141830,27.615384615384617,26,,,0,,,,,,459176.26666666666,0.0,0.0,0,3,-1.8494016142335055,-0.3364590950074072
95,4,Lukáš Provod,MID,SK Slavia Praha,8000000,39,1996-10-23,191,3,3,1,120,0,0,0,0,0,0,0.0,0.0,0.0,sofascore.com,2026-07-19,Czechia,CZE,A,UEFA,40,1740,Miroslav Koubek,False,False,False,False,8000000.0,29.6,0.3333333333333333,40.0,0,0,200000.0,Established(31-60),28-31,7197762.692307692,187141830,27.615384615384617,26,0.0,0.0,0,0.0,,,0.0,33.33333333333333,200000.0,0.07692307692307693,40.0,0,3,-0.6278624939126839,-0.662817138863816
96,4,Michal Sadilek,MID,SK Slavia Praha,8000000,36,1999-05-31,169,1,3,2,184,1,0,0,0,0,0,0.0,0.0,0.0,sofascore.com,2026-07-19,Czechia,CZE,A,UEFA,40,1740,Miroslav Koubek,False,False,False,False,8000000.0,27.0,0.6666666666666666,61.333333333333336,1,0,216216.2162162162,Established(31-60),24-27,7197762.692307692,187141830,27.615384615384617,26,0.4891304347826087,0.0,1,0.4891304347826087,184.0,,0.0,66.66666666666666,216216.2162162162,0.027777777777777776,61.333333333333336,0,0,0.16072204992047948,-0.11050946185755713
97,4,Tomáš Chory,FWD,SK Slavia Praha,2700000,23,1995-01-26,199,7,2,0,30,0,0,0,0,0,0,0.0,0.0,0.0,sofascore.com,2026-07-19,Czechia,CZE,A,UEFA,40,1740,Miroslav Koubek,False,False,False,False,2700000.0,31.4,0.0,15.0,0,0,112500.0,Developing(11-30),32+,7197762.692307692,187141830,27.615384615384617,26,0.0,0.0,0,0.0,,,0.0,0.0,112500.0,0.30434782608695654,15.0,0,3,-1.2928978049163409,-0.8257488388298319
98,4,Jaroslav Zeleny,DEF,AC Sparta Praha,600000,24,1992-08-20,190,0,2,1,125,0,0,0,0,0,0,0.0,0.0,0.0,sofascore.com,2026-07-19,Czechia,CZE,A,UEFA,40,1740,Miroslav Koubek,False,False,False,False,600000.0,33.8,0.5,62.5,0,0,24000.0,Developing(11-30),32+,7197762.692307692,187141830,27.615384615384617,26,0.0,0.0,0,0.0,,,0.0,50.0,24000.0,0.0,62.5,0,0,-0.3618313501308271,-1.1338990109319096
99,4,David Doudera,DEF,SK Slavia Praha,3500000,17,1998-05-31,175,2,1,1,90,0,0,0,0,0,0,0.0,0.0,0.0,sofascore.com,2026-07-19,Czechia,CZE,A,UEFA,40,1740,Miroslav Koubek,False,False,False,False,3500000.0,28.0,1.0,90.0,0,0,194444.44444444444,Developing(11-30),28-31,7197762.692307692,187141830,27.615384615384617,26,0.0,0.0,0,0.0,,,0.0,100.0,194444.44444444444,0.11764705882352941,90.0,0,0,0.21753433367397612,-0.4407261895408613
100,4,Tomáš Soucek,MID,West Ham United FC,10000000,91,1995-02-27,192,17,3,1,136,0,0,0,0,0,0,0.0,0.0,0.0,sofascore.com,2026-07-19,Czechia,CZE,A,UEFA,40,1740,Miroslav Koubek,False,True,False,False,10000000.0,31.3,0.3333333333333333,45.333333333333336,0,0,108695.65217391304,Veteran(60+),32+,7197762.692307692,187141830,27.615384615384617,26,0.0,0.0,0,0.0,,,0.0,33.33333333333333,108695.65217391304,0.18681318681318682,45.333333333333336,0,0,0.6592579277752267,-1.6446203635068863
101,4,Lukáš Hornicek,GK,SC Braga,18000000,1,2002-07-13,198,0,0,0,0,0,0,0,0,0,0,0.0,0.0,0.0,Unverified/Unknown,2026-07-19,Czechia,CZE,A,UEFA,40,1740,Miroslav Koubek,False,False,False,False,18000000.0,23.9,0.0,0.0,0,0,9000000.0,Rookie(<=10),24-27,7197762.692307692,187141830,27.615384615384617,26,,,0,,,,,,9000000.0,0.0,0.0,1,3,-2.170778094516624,0.7917534604831866
102,4,Alexandr Sojka,MID,FC Viktoria Plze ň,2300000,3,2003-04-02,188,0,3,2,142,0,1,0,0,0,0,0.0,0.0,0.0,sofascore.com,2026-07-19,Czechia,CZE,A,UEFA,40,1740,Miroslav Koubek,False,False,False,False,2300000.0,23.2,0.6666666666666666,47.333333333333336,1,0,575000.0,Rookie(<=10),24-27,7197762.692307692,187141830,27.615384615384617,26,0.0,0.6338028169014085,1,0.6338028169014085,,,0.0,66.66666666666666,575000.0,0.0,47.333333333333336,0,3,-0.5786090562006706,0.8183407488995376
103,4,Hugo Sochurek,MID,AC Sparta Praha,3500000,1,2008-06-07,183,0,0,0,0,0,0,0,0,0,0,0.0,0.0,0.0,Unverified/Unknown,2026-07-19,Czechia,CZE,A,UEFA,40,1740,Miroslav Koubek,False,False,False,False,3500000.0,18.0,0.0,0.0,0,0,1750000.0,Rookie(<=10),U23,7197762.692307692,187141830,27.615384615384617,26,,,0,,,,,,1750000.0,0.0,0.0,0,3,-2.586967436776959,1.0717902774192667
104,4,Denis Visinsky,FWD,FC Viktoria Plze ň,3000000,2,2003-03-21,178,1,1,1,56,0,0,0,0,0,0,0.0,0.0,0.0,sofascore.com,2026-07-19,Czechia,CZE,A,UEFA,40,1740,Miroslav Koubek,False,False,False,False,3000000.0,23.2,1.0,56.0,0,0,1000000.0,Rookie(<=10),24-27,7197762.692307692,187141830,27.615384615384617,26,0.0,0.0,0,0.0,,,0.0,100.0,1000000.0,0.5,56.0,0,0,-0.6481136701345509,0.3026710774394244
105,5,Dayne Tristan St. Clair,GK,Inter Miami CF,3500000,20,1997-05-09,191,0,0,0,0,0,0,0,0,0,0,0.0,0.0,0.0,Unverified/Unknown,2026-07-19,Canada,CAN,B,CONCACAF,33,1795,Jesse Marsch,False,False,False,False,3500000.0,29.1,0.0,0.0,0,0,166666.66666666666,Developing(11-30),28-31,7855135.5,204233523,26.97307692307692,26,,,0,,,,,,166666.66666666666,0.0,0.0,0,3,-1.794458218523698,-0.23190252417737592
106,5,Alistair William Johnston,DEF,Celtic FC,8000000,59,1998-10-08,180,1,5,5,450,0,0,1,0,0,0,0.0,0.0,0.0,sofascore.com,2026-07-19,Canada,CAN,B,CONCACAF,33,1795,Jesse Marsch,False,False,False,False,8000000.0,27.7,1.0,90.0,0,1,133333.33333333334,Established(31-60),28-31,7855135.5,204233523,26.97307692307692,26,0.0,0.0,0,0.0,,,0.0,100.0,133333.33333333334,0.01694915254237288,90.0,0,0,1.1416816040864075,-0.6473110525692154
107,5,Alfie Charles Jones,DEF,Middlesbrough FC,6000000,2,1997-10-07,191,0,1,1,90,0,0,0,0,0,0,0.0,0.0,0.0,sofascore.com,2026-07-19,Canada,CAN,B,CONCACAF,33,1795,Jesse Marsch,False,False,False,False,6000000.0,28.7,1.0,90.0,0,0,2000000.0,Rookie(<=10),28-31,7855135.5,204233523,26.97307692307692,26,0.0,0.0,0,0.0,,,0.0,100.0,2000000.0,0.0,90.0,0,0,0.08383265434153835,-0.09487559816514647
108,5,Luc De Fougerolles,DEF,FCV Dender EH,4274807,14,2005-10-12,183,0,4,3,282,0,0,1,0,0,0,0.0,0.0,0.0,sofascore.com,2026-07-19,Canada,CAN,B,CONCACAF,33,1795,Jesse Marsch,False,False,False,False,4274807.0,20.7,0.75,70.5,0,1,284987.13333333336,Developing(11-30),U23,7855135.5,204233523,26.97307692307692,26,0.0,0.0,0,0.0,,,0.0,75.0,284987.13333333336,0.0,70.5,0,0,-0.28151274257295833,0.6165583541740978
109,5,Joel Robert Waterman,DEF,Chicago Fire FC,2000000,17,1996-01-24,185,0,0,0,0,0,0,0,0,0,0,0.0,0.0,0.0,Unverified/Unknown,2026-07-19,Canada,CAN,B,CONCACAF,33,1795,Jesse Marsch,False,False,False,False,2000000.0,30.4,0.0,0.0,0,0,111111.11111111111,Developing(11-30),28-31,7855135.5,204233523,26.97307692307692,26,,,0,,,,,,111111.11111111111,0.0,0.0,0,3,-1.7884374130973562,-0.3804116656472806
110,5,Mathieu Choiniere,MID,LAFC,800000,24,1999-02-07,173,0,1,1,58,0,0,0,0,0,0,0.0,0.0,0.0,sofascore.com,2026-07-19,Canada,CAN,B,CONCACAF,33,1795,Jesse Marsch,False,False,False,False,800000.0,27.3,1.0,58.0,0,0,32000.0,Developing(11-30),28-31,7855135.5,204233523,26.97307692307692,26,0.0,0.0,0,0.0,,,0.0,100.0,32000.0,0.0,58.0,0,0,-0.16582446965814904,-0.299871178451521
111,5,Stephen Eustaquio,MID,LAFC,6000000,57,1996-12-21,175,4,5,4,392,1,0,0,0,0,0,0.0,0.0,0.0,sofascore.com,2026-07-19,Canada,CAN,B,CONCACAF,33,1795,Jesse Marsch,False,False,False,False,6000000.0,29.5,0.8,78.4,1,0,103448.27586206897,Established(31-60),28-31,7855135.5,204233523,26.97307692307692,26,0.22959183673469385,0.0,1,0.22959183673469385,392.0,,0.0,80.0,103448.27586206897,0.07017543859649122,78.4,0,0,1.0173847483236957,-0.6127009817444138
112,5,Ismaël Kenneth Jordan Kone,MID,US Sassuolo,25000000,41,2002-06-16,188,4,3,3,236,0,0,0,0,0,0,0.0,0.0,0.0,sofascore.com,2026-07-19,Canada,CAN,B,CONCACAF,33,1795,Jesse Marsch,False,False,False,False,25000000.0,24.0,1.0,78.66666666666667,0,0,595238.0952380953,Established(31-60),24-27,7855135.5,204233523,26.97307692307692,26,0.0,0.0,0,0.0,,,0.0,100.0,595238.0952380953,0.0975609756097561,78.66666666666667,1,0,0.5449829063159183,0.41001214793104324
113,5,Cyle Christopher Larin,FWD,Southampton FC,3500000,91,1995-04-17,188,31,3,2,162,2,0,1,0,0,0,0.0,0.0,0.0,sofascore.com,2026-07-19,Canada,CAN,B,CONCACAF,33,1795,Jesse Marsch,False,True,False,False,3500000.0,31.2,0.6666666666666666,54.0,2,1,38043.47826086957,Veteran(60+),32+,7855135.5,204233523,26.97307692307692,26,1.1111111111111112,0.0,2,1.1111111111111112,81.0,,0.0,66.66666666666666,38043.47826086957,0.34065934065934067,54.0,0,2,2.7619635570788184,-1.4687859521221454
114,5,Jonathan Christian David,FWD,Juventus FC,30000000,78,2000-01-14,175,39,5,5,421,3,0,0,0,0,0,0.0,0.0,0.0,sofascore.com,2026-07-19,Canada,CAN,B,CONCACAF,33,1795,Jesse Marsch,False,True,False,False,30000000.0,26.4,1.0,84.2,3,0,379746.83544303797,Veteran(60+),24-27,7855135.5,204233523,26.97307692307692,26,0.6413301662707839,0.0,3,0.6413301662707839,140.33333333333334,,0.0,100.0,379746.83544303797,0.5,84.2,1,2,3.7151951767486855,-0.009180242367688133
115,5,Liam Alan Millar,MID,Hull City FC,1700000,42,1999-09-27,176,1,3,2,163,0,0,1,0,0,0,0.0,0.0,0.0,sofascore.com,2026-07-19,Canada,CAN,B,CONCACAF,33,1795,Jesse Marsch,False,False,False,False,1700000.0,26.7,0.6666666666666666,54.333333333333336,0,1,39534.88372093023,Established(31-60),24-27,7855135.5,204233523,26.97307692307692,26,0.0,0.0,0,0.0,,,0.0,66.66666666666666,39534.88372093023,0.023809523809523808,54.333333333333336,0,0,0.05525467253431682,-0.4361111825622881
116,5,Tanitoluwa Oluwatimilehin Oluwaseyi,FWD,Villarreal CF,7000000,25,2000-05-15,187,2,4,2,197,0,0,0,0,0,0,0.0,0.0,0.0,sofascore.com,2026-07-19,Canada,CAN,B,CONCACAF,33,1795,Jesse Marsch,False,False,False,False,7000000.0,26.1,0.5,49.25,0,0,269230.76923076925,Developing(11-30),24-27,7855135.5,204233523,26.97307692307692,26,0.0,0.0,0,0.0,,,0.0,50.0,269230.76923076925,0.08,49.25,0,3,-0.663405932511467,0.00586509534124735
117,5,Derek Austin Cornelius,DEF,Rangers FC,2500000,45,1997-11-25,186,1,4,4,316,0,0,1,0,0,0,0.0,0.0,0.0,sofascore.com,2026-07-19,Canada,CAN,B,CONCACAF,33,1795,Jesse Marsch,False,False,False,False,2500000.0,28.5,1.0,79.0,0,1,54347.82608695652,Established(31-60),28-31,7855135.5,204233523,26.97307692307692,26,0.0,0.0,0,0.0,,,0.0,100.0,54347.82608695652,0.022222222222222223,79.0,0,0,0.8109361041018,-0.7058196224976011
118,5,Jacob Everett Shaffelburg,MID,LAFC,2500000,32,1999-11-26,181,6,5,1,165,0,0,0,0,0,0,0.0,0.0,0.0,sofascore.com,2026-07-19,Canada,CAN,B,CONCACAF,33,1795,Jesse Marsch,False,False,False,False,2500000.0,26.5,0.2,33.0,0,0,75757.57575757576,Established(31-60),24-27,7855135.5,204233523,26.97307692307692,26,0.0,0.0,0,0.0,,,0.0,20.0,75757.57575757576,0.1875,33.0,0,3,-0.9598197759745072,-0.2594145723420214
119,5,Moïse Bombito Bombito,DEF,OGC Nice,11608716,20,2000-03-30,190,0,3,2,193,0,0,0,0,0,0,0.0,0.0,0.0,sofascore.com,2026-07-19,Canada,CAN,B,CONCACAF,33,1795,Jesse Marsch,False,False,False,False,11608716.0,26.2,0.6666666666666666,64.33333333333333,0,0,552796.0,Developing(11-30),24-27,7855135.5,204233523,26.97307692307692,26,0.0,0.0,0,0.0,,,0.0,66.66666666666666,552796.0,0.0,64.33333333333333,0,0,-0.3921215790830489,0.1756079859728744
120,5,Maxime Crepeau,GK,Orlando City SC,1800000,33,1994-05-11,185,0,5,5,450,0,0,0,0,0,0,2.0,7.0,6.0,sofascore.com,2026-07-19,Canada,CAN,B,CONCACAF,33,1795,Jesse Marsch,False,False,False,False,1800000.0,32.1,1.0,90.0,0,0,52941.17647058824,Established(31-60),32+,7855135.5,204233523,26.97307692307692,26,0.0,0.0,0,0.0,,53.84615384615385,40.0,100.0,52941.17647058824,0.0,90.0,0,0,0.571773220558714,-0.941905347228451
121,5,Tajon Trevor Buchanan,FWD,Villarreal CF,12000000,61,1999-02-08,183,8,4,4,293,0,0,0,0,0,0,0.0,0.0,0.0,sofascore.com,2026-07-19,Canada,CAN,B,CONCACAF,33,1795,Jesse Marsch,False,False,False,False,12000000.0,27.3,1.0,73.25,0,0,193548.38709677418,Veteran(60+),28-31,7855135.5,204233523,26.97307692307692,26,0.0,0.0,0,0.0,,,0.0,100.0,193548.38709677418,0.13114754098360656,73.25,0,0,0.8732517551958873,-0.5883296451177498
122,5,Owen Olamidayo Goodman,GK,Barnsley,550000,0,2003-11-27,193,0,0,0,0,0,0,0,0,0,0,0.0,0.0,0.0,Unverified/Unknown,2026-07-19,Canada,CAN,B,CONCACAF,33,1795,Jesse Marsch,False,False,False,False,550000.0,22.5,0.0,0.0,0,0,550000.0,Rookie(<=10),U23,7855135.5,204233523,26.97307692307692,26,,,0,,,,,,550000.0,,0.0,0,3,-2.3661450109605227,0.6576908394321174
123,5,Alphonso Boyle Davies,DEF,FC Bayern München,40000000,58,2000-11-02,183,15,2,1,105,0,0,0,0,0,0,0.0,0.0,0.0,sofascore.com,2026-07-19,Canada,CAN,B,CONCACAF,33,1795,Jesse Marsch,False,True,False,False,40000000.0,25.6,0.5,52.5,0,0,677966.1016949152,Established(31-60),24-27,7855135.5,204233523,26.97307692307692,26,0.0,0.0,0,0.0,,,0.0,50.0,677966.1016949152,0.25862068965517243,52.5,1,0,0.5551346047661682,0.31153578397733084
124,5,Ali Ahmed,FWD,Norwich City FC,3000000,25,2000-10-10,180,1,3,2,158,0,0,0,0,0,0,0.0,0.0,0.0,sofascore.com,2026-07-19,Canada,CAN,B,CONCACAF,33,1795,Jesse Marsch,False,False,False,False,3000000.0,25.7,0.6666666666666666,52.666666666666664,0,0,115384.61538461539,Developing(11-30),24-27,7855135.5,204233523,26.97307692307692,26,0.0,0.0,0,0.0,,,0.0,66.66666666666666,115384.61538461539,0.04,52.666666666666664,0,0,-0.5548805955404055,-0.055961812884149566
125,5,Jonathan Osorio,MID,Toronto FC,1000000,92,1992-06-12,175,10,1,0,1,0,0,0,0,0,0,0.0,0.0,0.0,sofascore.com,2026-07-19,Canada,CAN,B,CONCACAF,33,1795,Jesse Marsch,False,False,False,False,1000000.0,34.0,0.0,1.0,0,0,10752.68817204301,Veteran(60+),32+,7855135.5,204233523,26.97307692307692,26,0.0,0.0,0,0.0,,,0.0,0.0,10752.68817204301,0.10869565217391304,1.0,0,3,-0.3595734753104796,-1.8471516768246687
126,5,Richmond Mamah Laryea,DEF,Toronto FC,1000000,77,1995-01-07,175,1,4,4,353,0,0,0,0,0,0,0.0,0.0,0.0,sofascore.com,2026-07-19,Canada,CAN,B,CONCACAF,33,1795,Jesse Marsch,False,False,False,False,1000000.0,31.4,1.0,88.25,0,0,12820.51282051282,Veteran(60+),32+,7855135.5,204233523,26.97307692307692,26,0.0,0.0,0,0.0,,,0.0,100.0,12820.51282051282,0.012987012987012988,88.25,0,0,1.0829395194296274,-1.4113521513451197
127,5,Niko Kristian Sigur,DEF,HNK Hajduk Split,4000000,19,2003-09-09,178,2,2,0,38,0,0,1,0,0,0,0.0,0.0,0.0,sofascore.com,2026-07-19,Canada,CAN,B,CONCACAF,33,1795,Jesse Marsch,False,False,False,False,4000000.0,22.8,0.0,19.0,0,1,200000.0,Developing(11-30),U23,7855135.5,204233523,26.97307692307692,26,0.0,0.0,0,0.0,,,0.0,0.0,200000.0,0.10526315789473684,19.0,0,3,-1.4262990910230224,0.4054253920262987
128,5,Promise Oluwatobi Emmanuel David,FWD,Royale Union Saint-Gilloise,17000000,11,2001-07-03,195,3,4,1,155,1,1,0,0,0,0,0.0,0.0,0.0,sofascore.com,2026-07-19,Canada,CAN,B,CONCACAF,33,1795,Jesse Marsch,False,False,False,False,17000000.0,24.9,0.25,38.75,2,0,1416666.6666666667,Developing(11-30),24-27,7855135.5,204233523,26.97307692307692,26,0.5806451612903226,0.5806451612903226,2,1.1612903225806452,155.0,,0.0,25.0,1416666.6666666667,0.2727272727272727,38.75,0,3,-0.16935243661864763,1.3136948414092509
129,5,Nathan-Dylan Saliba,MID,RSC Anderlecht,7500000,15,2004-02-07,174,2,4,3,273,1,2,1,0,0,0,0.0,0.0,0.0,sofascore.com,2026-07-19,Canada,CAN,B,CONCACAF,33,1795,Jesse Marsch,False,False,False,False,7500000.0,22.3,0.75,68.25,3,1,468750.0,Developing(11-30),U23,7855135.5,204233523,26.97307692307692,26,0.32967032967032966,0.6593406593406593,3,0.989010989010989,273.0,,0.0,75.0,468750.0,0.13333333333333333,68.25,0,1,1.357926139774643,1.7024058578643328
130,5,Jayden Nelson,FWD,Austin FC,2000000,15,2002-09-26,170,3,0,0,0,0,0,0,0,0,0,0.0,0.0,0.0,Unverified/Unknown,2026-07-19,Canada,CAN,B,CONCACAF,33,1795,Jesse Marsch,False,False,False,False,2000000.0,23.7,0.0,0.0,0,0,125000.0,Developing(11-30),24-27,7855135.5,204233523,26.97307692307692,26,,,0,,,,,,125000.0,0.2,0.0,0,3,-2.0093259307330174,0.3371217917156436
131,6,Nikola Vasilj,GK,FC St. Pauli,4500000,27,1995-12-02,193,0,4,4,360,0,0,0,0,0,0,0.0,12.0,8.0,sofascore.com,2026-07-19,Bosnia and Herzegovina,BIH,B,UEFA,64,1645,Sergej Barbarez,False,False,False,False,4500000.0,30.5,1.0,90.0,0,0,160714.2857142857,Developing(11-30),28-31,5630769.230769231,146400000,26.465384615384615,26,0.0,0.0,0,0.0,,60.0,0.0,100.0,160714.2857142857,0.0,90.0,0,0,0.2861656623619616,-1.035966218143824
132,6,Nihad Mujakic,DEF,Gaziantep FK,1200000,12,1998-04-15,189,1,0,0,0,0,0,0,0,0,0,0.0,0.0,0.0,Unverified/Unknown,2026-07-19,Bosnia and Herzegovina,BIH,B,UEFA,64,1645,Sergej Barbarez,False,False,False,False,1200000.0,28.2,0.0,0.0,0,0,92307.69230769231,Developing(11-30),28-31,5630769.230769231,146400000,26.465384615384615,26,,,0,,,,,,92307.69230769231,0.08333333333333333,0.0,0,3,-2.0904863685226847,-0.526918766975153
133,6,Dennis Hadzikadunic,DEF,UC Sampdoria,1200000,32,1998-07-09,191,0,1,0,27,0,1,0,0,0,0,0.0,0.0,0.0,sofascore.com,2026-07-19,Bosnia and Herzegovina,BIH,B,UEFA,64,1645,Sergej Barbarez,False,False,False,False,1200000.0,27.9,0.0,27.0,1,0,36363.63636363636,Established(31-60),28-31,5630769.230769231,146400000,26.465384615384615,26,0.0,3.333333333333333,1,3.333333333333333,,,0.0,0.0,36363.63636363636,0.0,27.0,0,3,-1.0268953137127306,-0.24631713802943167
134,6,Tarik Muharemovic,DEF,US Sassuolo,25000000,15,2003-02-28,192,1,3,3,270,0,0,0,1,0,0,0.0,0.0,0.0,sofascore.com,2026-07-19,Bosnia and Herzegovina,BIH,B,UEFA,64,1645,Sergej Barbarez,False,False,False,False,25000000.0,23.3,1.0,90.0,0,3,1562500.0,Developing(11-30),24-27,5630769.230769231,146400000,26.465384615384615,26,0.0,0.0,0,0.0,,,0.0,100.0,1562500.0,0.06666666666666667,90.0,1,0,1.1148201209608486,0.30968040562273874
135,6,Sead Kolasinac,DEF,Atalanta Bergamo,4000000,66,1993-06-20,183,0,4,4,338,0,1,0,0,0,0,0.0,0.0,0.0,sofascore.com,2026-07-19,Bosnia and Herzegovina,BIH,B,UEFA,64,1645,Sergej Barbarez,False,False,False,False,4000000.0,33.0,1.0,84.5,1,0,59701.49253731343,Veteran(60+),32+,5630769.230769231,146400000,26.465384615384615,26,0.0,0.2662721893491124,1,0.2662721893491124,,,0.0,100.0,59701.49253731343,0.0,84.5,0,0,1.3295271458369564,-1.2868889111721378
136,6,Benjamin Tahirovic,MID,Brøndby IF,4500000,29,2003-03-03,191,2,4,2,236,0,0,0,0,0,0,0.0,0.0,0.0,sofascore.com,2026-07-19,Bosnia and Herzegovina,BIH,B,UEFA,64,1645,Sergej Barbarez,False,False,False,False,4500000.0,23.3,0.5,59.0,0,0,150000.0,Developing(11-30),24-27,5630769.230769231,146400000,26.465384615384615,26,0.0,0.0,0,0.0,,,0.0,50.0,150000.0,0.06896551724137931,59.0,0,0,-0.8124893237119412,-0.21486919552775718
137,6,Amar Dedic,DEF,SL Benfica,16000000,29,2002-08-18,180,1,3,3,270,0,0,1,0,0,0,0.0,0.0,0.0,sofascore.com,2026-07-19,Bosnia and Herzegovina,BIH,B,UEFA,64,1645,Sergej Barbarez,False,False,False,False,16000000.0,23.8,1.0,90.0,0,1,533333.3333333334,Developing(11-30),24-27,5630769.230769231,146400000,26.465384615384615,26,0.0,0.0,0,0.0,,,0.0,100.0,533333.3333333334,0.034482758620689655,90.0,0,0,0.5146055556818795,-0.06945420143214026
138,6,Armin Gigovic,MID,BSC Young Boys,2500000,21,2002-04-06,187,1,2,1,79,0,0,0,0,0,0,0.0,0.0,0.0,sofascore.com,2026-07-19,Bosnia and Herzegovina,BIH,B,UEFA,64,1645,Sergej Barbarez,False,False,False,False,2500000.0,24.2,0.5,39.5,0,0,113636.36363636363,Developing(11-30),24-27,5630769.230769231,146400000,26.465384615384615,26,0.0,0.0,0,0.0,,,0.0,50.0,113636.36363636363,0.047619047619047616,39.5,0,3,-1.1703063517523125,-0.23878354638076976
139,6,Samed Bazdar,FWD,Jagiellonia Bia ł ystok,1500000,14,2004-01-31,189,1,1,0,28,0,0,0,0,0,0,0.0,0.0,0.0,sofascore.com,2026-07-19,Bosnia and Herzegovina,BIH,B,UEFA,64,1645,Sergej Barbarez,False,False,False,False,1500000.0,22.4,0.0,28.0,0,0,100000.0,Developing(11-30),U23,5630769.230769231,146400000,26.465384615384615,26,0.0,0.0,0,0.0,,,0.0,0.0,100000.0,0.07142857142857142,28.0,0,3,-1.9718868716876408,0.0762156805719787
140,6,Ermedin Demirovic,FWD,VfB Stuttgart,22000000,41,1998-03-25,185,4,4,4,355,0,0,1,0,0,0,0.0,0.0,0.0,sofascore.com,2026-07-19,Bosnia and Herzegovina,BIH,B,UEFA,64,1645,Sergej Barbarez,False,False,False,False,22000000.0,28.2,1.0,88.75,0,1,523809.5238095238,Established(31-60),28-31,5630769.230769231,146400000,26.465384615384615,26,0.0,0.0,0,0.0,,,0.0,100.0,523809.5238095238,0.0975609756097561,88.75,1,0,1.010190928421132,-0.5917726740546698
141,6,Edin Dzeko,FWD,FC Schalke 04,1000000,148,1986-03-17,192,73,3,3,177,0,0,1,0,0,0,0.0,0.0,0.0,sofascore.com,2026-07-19,Bosnia and Herzegovina,BIH,B,UEFA,64,1645,Sergej Barbarez,False,True,True,False,1000000.0,40.2,1.0,59.0,0,1,6711.4093959731545,Veteran(60+),32+,5630769.230769231,146400000,26.465384615384615,26,0.0,0.0,0,0.0,,,0.0,100.0,6711.4093959731545,0.49324324324324326,59.0,0,2,4.665447568714944,-4.845752503501293
142,6,Mladen Jurkas,GK,FK Borac Banja Luka,700000,0,2007-10-07,193,0,0,0,0,0,0,0,0,0,0,0.0,0.0,0.0,Unverified/Unknown,2026-07-19,Bosnia and Herzegovina,BIH,B,UEFA,64,1645,Sergej Barbarez,False,False,False,False,700000.0,18.7,0.0,0.0,0,0,700000.0,Rookie(<=10),U23,5630769.230769231,146400000,26.465384615384615,26,,,0,,,,,,700000.0,,0.0,0,3,-2.703751545059405,0.6723567023278086
143,6,Ivan Basic,MID,FC Astana,1500000,18,2002-04-30,178,0,3,2,179,0,1,0,0,0,0,0.0,0.0,0.0,sofascore.com,2026-07-19,Bosnia and Herzegovina,BIH,B,UEFA,64,1645,Sergej Barbarez,False,False,False,False,1500000.0,24.1,0.6666666666666666,59.666666666666664,1,0,78947.36842105263,Developing(11-30),24-27,5630769.230769231,146400000,26.465384615384615,26,0.0,0.5027932960893855,1,0.5027932960893855,,,0.0,66.66666666666666,78947.36842105263,0.0,59.666666666666664,0,0,-0.3150830077249673,0.25107304105331335
144,6,Ivan Sunjic,MID,Pafos FC,2000000,12,1996-10-09,183,0,4,3,198,0,0,0,0,0,0,0.0,0.0,0.0,sofascore.com,2026-07-19,Bosnia and Herzegovina,BIH,B,UEFA,64,1645,Sergej Barbarez,False,False,False,False,2000000.0,29.7,0.75,49.5,0,0,153846.15384615384,Developing(11-30),28-31,5630769.230769231,146400000,26.465384615384615,26,0.0,0.0,0,0.0,,,0.0,75.0,153846.15384615384,0.0,49.5,0,0,-0.7077601571692166,-0.7753865929955691
145,6,Amar Memic,MID,FC Viktoria Plze ň,4500000,14,2001-01-20,176,1,4,2,223,0,0,0,0,0,0,0.0,0.0,0.0,sofascore.com,2026-07-19,Bosnia and Herzegovina,BIH,B,UEFA,64,1645,Sergej Barbarez,False,False,False,False,4500000.0,25.4,0.5,55.75,0,0,300000.0,Developing(11-30),24-27,5630769.230769231,146400000,26.465384615384615,26,0.0,0.0,0,0.0,,,0.0,50.0,300000.0,0.07142857142857142,55.75,0,3,-0.9772345254643968,-0.25413029629194206
146,6,Amir Hadziahmetovic,MID,Hull City FC,4000000,36,1997-03-08,179,0,1,0,5,0,0,0,0,0,0,0.0,0.0,0.0,sofascore.com,2026-07-19,Bosnia and Herzegovina,BIH,B,UEFA,64,1645,Sergej Barbarez,False,False,False,False,4000000.0,29.3,0.0,5.0,0,0,108108.1081081081,Established(31-60),28-31,5630769.230769231,146400000,26.465384615384615,26,0.0,0.0,0,0.0,,,0.0,0.0,108108.1081081081,0.0,5.0,0,3,-1.69040555012452,-0.8433830329699705
147,6,Dzenis Burnic,MID,Karlsruher SC,1200000,21,1998-05-22,182,0,2,0,15,0,0,0,0,0,0,0.0,0.0,0.0,sofascore.com,2026-07-19,Bosnia and Herzegovina,BIH,B,UEFA,64,1645,Sergej Barbarez,False,False,False,False,1200000.0,28.1,0.0,7.5,0,0,54545.454545454544,Developing(11-30),28-31,5630769.230769231,146400000,26.465384615384615,26,0.0,0.0,0,0.0,,,0.0,0.0,54545.454545454544,0.0,7.5,0,3,-1.925571013598647,-0.6105703696946236
148,6,Nikola Katic,DEF,FC Schalke 04,1800000,18,1996-10-10,194,2,4,4,318,0,0,1,0,0,0,0.0,0.0,0.0,sofascore.com,2026-07-19,Bosnia and Herzegovina,BIH,B,UEFA,64,1645,Sergej Barbarez,False,False,False,False,1800000.0,29.7,1.0,79.5,0,1,94736.84210526316,Developing(11-30),28-31,5630769.230769231,146400000,26.465384615384615,26,0.0,0.0,0,0.0,,,0.0,100.0,94736.84210526316,0.1111111111111111,79.5,0,0,0.39979063828130085,-0.9724551165518823
149,6,Kerim Alajbegovic,FWD,FC Red Bull Salzburg,22000000,11,2007-09-21,186,1,4,3,278,1,0,0,0,0,0,0.0,0.0,0.0,sofascore.com,2026-07-19,Bosnia and Herzegovina,BIH,B,UEFA,64,1645,Sergej Barbarez,False,False,False,False,22000000.0,18.7,0.75,69.5,1,0,1833333.3333333333,Developing(11-30),U23,5630769.230769231,146400000,26.465384615384615,26,0.32374100719424465,0.0,1,0.32374100719424465,278.0,,0.0,75.0,1833333.3333333333,0.09090909090909091,69.5,1,0,-0.2957627231916947,1.1889941611588943
150,6,Esmir Bajraktarevic,FWD,PSV Eindhoven,8000000,17,2005-03-10,175,1,4,2,230,0,0,0,0,0,0,0.0,0.0,0.0,sofascore.com,2026-07-19,Bosnia and Herzegovina,BIH,B,UEFA,64,1645,Sergej Barbarez,False,False,False,False,8000000.0,21.3,0.5,57.5,0,0,444444.44444444444,Developing(11-30),U23,5630769.230769231,146400000,26.465384615384615,26,0.0,0.0,0,0.0,,,0.0,50.0,444444.44444444444,0.058823529411764705,57.5,0,3,-1.0661278983025904,0.25581004355797027
151,6,Stjepan Radeljic,DEF,HNK Rijeka,2800000,5,1997-09-05,201,0,2,2,180,0,0,1,0,0,0,0.0,0.0,0.0,sofascore.com,2026-07-19,Bosnia and Herzegovina,BIH,B,UEFA,64,1645,Sergej Barbarez,False,False,False,False,2800000.0,28.8,1.0,90.0,0,1,466666.6666666667,Rookie(<=10),28-31,5630769.230769231,146400000,26.465384615384615,26,0.0,0.0,0,0.0,,,0.0,100.0,466666.6666666667,0.0,90.0,0,0,0.2730292603702292,-0.6715802473884269
152,6,Martin Zlomislic,GK,HNK Rijeka,2000000,3,1998-08-16,189,0,0,0,0,0,0,0,0,0,0,0.0,0.0,0.0,Unverified/Unknown,2026-07-19,Bosnia and Herzegovina,BIH,B,UEFA,64,1645,Sergej Barbarez,False,False,False,False,2000000.0,27.8,0.0,0.0,0,0,500000.0,Rookie(<=10),28-31,5630769.230769231,146400000,26.465384615384615,26,,,0,,,,,,500000.0,0.0,0.0,0,3,-2.244953739831427,-0.3403190508652113
153,6,Haris Tabakovic,FWD,Borussia Mönchengladbach,3500000,10,1994-06-20,196,4,1,0,15,0,0,0,0,0,0,0.0,0.0,0.0,sofascore.com,2026-07-19,Bosnia and Herzegovina,BIH,B,UEFA,64,1645,Sergej Barbarez,False,False,False,False,3500000.0,32.0,0.0,15.0,0,0,318181.8181818182,Rookie(<=10),32+,5630769.230769231,146400000,26.465384615384615,26,0.0,0.0,0,0.0,,,0.0,0.0,318181.8181818182,0.4,15.0,0,3,-1.627729436363148,-0.930874547599526
154,6,Arjan Malic,DEF,SK Sturm Graz,1800000,8,2005-08-28,188,0,1,1,46,0,0,0,0,0,0,0.0,0.0,0.0,sofascore.com,2026-07-19,Bosnia and Herzegovina,BIH,B,UEFA,64,1645,Sergej Barbarez,False,False,False,False,1800000.0,20.8,1.0,46.0,0,0,200000.0,Rookie(<=10),U23,5630769.230769231,146400000,26.465384615384615,26,0.0,0.0,0,0.0,,,0.0,100.0,200000.0,0.0,46.0,0,0,-0.9620544988918717,0.23406188680150075
155,6,Jovo Lukic,FWD,Universitatea Cluj,2200000,4,1998-11-28,190,1,2,1,67,1,0,1,0,0,0,0.0,0.0,0.0,sofascore.com,2026-07-19,Bosnia and Herzegovina,BIH,B,UEFA,64,1645,Sergej Barbarez,False,False,False,False,2200000.0,27.5,0.5,33.5,1,1,440000.0,Rookie(<=10),28-31,5630769.230769231,146400000,26.465384615384615,26,1.3432835820895521,0.0,1,1.3432835820895521,67.0,,0.0,50.0,440000.0,0.25,33.5,0,3,-0.5349318244244475,-0.19919305373998722
156,6,Ermin Mahmic,MID,FC Slovan Liberec,5000000,2,2005-03-14,182,0,3,0,67,2,0,1,0,0,0,0.0,0.0,0.0,sofascore.com,2026-07-19,Bosnia and Herzegovina,BIH,B,UEFA,64,1645,Sergej Barbarez,False,False,False,False,5000000.0,21.2,0.0,22.333333333333332,2,1,1666666.6666666667,Rookie(<=10),U23,5630769.230769231,146400000,26.465384615384615,26,2.6865671641791042,0.0,2,2.6865671641791042,33.5,,0.0,0.0,1666666.6666666667,0.0,22.333333333333332,0,3,-1.0447629816755786,0.920082883903259
157,7,Ibrahim Mahmoud Abunada,GK,Al Rayyan SC,5555635,7,2000-02-05,185,0,3,3,270,0,0,1,0,0,1,0.0,16.0,10.0,sofascore.com,2026-07-19,Qatar,QAT,B,AFC,56,1600,Julen Lopetegui,False,False,False,False,5555635.0,26.3,1.0,90.0,0,1,694454.375,Rookie(<=10),24-27,4665383.692307692,121299976,29.5,26,0.0,0.0,0,0.0,,61.53846153846154,0.0,100.0,694454.375,0.0,90.0,0,0,0.16343613346672953,-0.4690067828210155
158,7,Miguel Pedro,DEF,Al Sadd SC,5982512,112,1990-08-06,180,4,3,3,270,0,0,0,0,0,0,0.0,0.0,0.0,sofascore.com,2026-07-19,Qatar,QAT,B,AFC,56,1600,Julen Lopetegui,False,False,True,False,5982512.0,35.8,1.0,90.0,0,0,52942.58407079646,Veteran(60+),32+,4665383.692307692,121299976,29.5,26,0.0,0.0,0,0.0,,,0.0,100.0,52942.58407079646,0.03571428571428571,90.0,0,0,1.6677010387114815,-2.7652143176452753
159,7,Michel Lucas,DEF,Al Wakrah SC,4279139,28,1990-07-03,179,2,1,0,3,0,0,0,0,0,0,0.0,0.0,0.0,sofascore.com,2026-07-19,Qatar,QAT,B,AFC,56,1600,Julen Lopetegui,False,False,False,False,4279139.0,35.9,0.0,3.0,0,0,147556.5172413793,Developing(11-30),32+,4665383.692307692,121299976,29.5,26,0.0,0.0,0,0.0,,,0.0,0.0,147556.5172413793,0.07142857142857142,3.0,0,3,-1.4951201164469408,-1.6320406718751395
160,7,Gueye Issa Laye,DEF,Al Arabi SC,2680118,5,1997-12-22,178,0,3,3,270,0,0,0,0,0,0,0.0,0.0,0.0,sofascore.com,2026-07-19,Qatar,QAT,B,AFC,56,1600,Julen Lopetegui,False,False,False,False,2680118.0,28.5,1.0,90.0,0,0,446686.3333333333,Rookie(<=10),28-31,4665383.692307692,121299976,29.5,26,0.0,0.0,0,0.0,,,0.0,100.0,446686.3333333333,0.0,90.0,0,0,-0.14224343108373427,-0.7286333248986785
161,7,Gaber Jassem,DEF,Al Rayyan SC,5006329,38,2002-02-20,181,1,3,3,152,0,0,1,0,0,0,0.0,0.0,0.0,sofascore.com,2026-07-19,Qatar,QAT,B,AFC,56,1600,Julen Lopetegui,False,False,False,False,5006329.0,24.3,1.0,50.666666666666664,0,1,128367.41025641025,Established(31-60),24-27,4665383.692307692,121299976,29.5,26,0.0,0.0,0,0.0,,,0.0,100.0,128367.41025641025,0.02631578947368421,50.666666666666664,0,0,-0.011802435018738558,-0.6013583628830025
162,7,Hatim Abdulaziz Hatem,MID,Al Rayyan SC,2275441,132,1990-01-01,179,11,1,0,44,0,0,0,0,0,0,0.0,0.0,0.0,sofascore.com,2026-07-19,Qatar,QAT,B,AFC,56,1600,Julen Lopetegui,False,True,True,False,2275441.0,36.4,0.0,44.0,0,0,17108.57894736842,Veteran(60+),32+,4665383.692307692,121299976,29.5,26,0.0,0.0,0,0.0,,,0.0,0.0,17108.57894736842,0.08333333333333333,44.0,0,0,0.6059722721804693,-3.1376922598266845
163,7,Alaaeldin Ahmed,FWD,Al Rayyan SC,5142787,78,1993-01-31,179,10,2,0,41,0,0,0,0,0,0,0.0,0.0,0.0,sofascore.com,2026-07-19,Qatar,QAT,B,AFC,56,1600,Julen Lopetegui,False,False,False,False,5142787.0,33.4,0.0,20.5,0,0,65098.56962025316,Veteran(60+),32+,4665383.692307692,121299976,29.5,26,0.0,0.0,0,0.0,,,0.0,0.0,65098.56962025316,0.1282051282051282,20.5,0,3,-0.4889167883840856,-2.063657898869206
164,7,Junior Edmilson,FWD,Al Duhail SC,2520193,17,1994-08-19,180,0,3,3,213,0,1,0,0,0,0,0.0,0.0,0.0,sofascore.com,2026-07-19,Qatar,QAT,B,AFC,56,1600,Julen Lopetegui,False,False,False,False,2520193.0,31.8,1.0,71.0,1,0,140010.72222222222,Developing(11-30),32+,4665383.692307692,121299976,29.5,26,0.0,0.4225352112676056,1,0.4225352112676056,,,0.0,100.0,140010.72222222222,0.0,71.0,0,0,0.44095154413895826,-0.7333102056660786
165,7,Mohammed Mohammed Muntari,FWD,Al Gharafa SC,2058624,74,1993-12-20,192,17,0,0,0,0,0,0,0,0,0,0.0,0.0,0.0,Unverified/Unknown,2026-07-19,Qatar,QAT,B,AFC,56,1600,Julen Lopetegui,False,True,False,False,2058624.0,32.5,0.0,0.0,0,0,27448.32,Veteran(60+),32+,4665383.692307692,121299976,29.5,26,,,0,,,,,,27448.32,0.22972972972972974,0.0,0,3,-0.6241784030387054,-2.095654841715407
166,7,Khalid Hassan Alhaydos,FWD,Al Sadd SC,3010391,190,1990-12-11,174,39,2,1,57,1,0,0,0,0,0,0.0,0.0,0.0,sofascore.com,2026-07-19,Qatar,QAT,B,AFC,56,1600,Julen Lopetegui,False,True,True,False,3010391.0,35.5,0.5,28.5,1,0,15761.20942408377,Veteran(60+),32+,4665383.692307692,121299976,29.5,26,1.5789473684210527,0.0,1,1.5789473684210527,57.0,,0.0,50.0,15761.20942408377,0.20526315789473684,28.5,0,2,2.9661086093859512,-3.950549638810887
167,7,Hassan Akram,FWD,Al Sadd SC,3305021,137,1996-11-18,176,40,3,3,239,0,0,0,0,0,0,0.0,0.0,0.0,sofascore.com,2026-07-19,Qatar,QAT,B,AFC,56,1600,Julen Lopetegui,False,True,True,False,3305021.0,29.6,1.0,79.66666666666667,0,0,23949.427536231884,Veteran(60+),28-31,4665383.692307692,121299976,29.5,26,0.0,0.0,0,0.0,,,0.0,100.0,23949.427536231884,0.291970802919708,79.66666666666667,0,2,2.7898718626922188,-3.03164661314741
168,7,Karim Karim Boudiaf,MID,Al Duhail SC,6342945,129,1990-09-16,190,6,2,1,102,0,0,0,0,0,0,0.0,0.0,0.0,sofascore.com,2026-07-19,Qatar,QAT,B,AFC,56,1600,Julen Lopetegui,False,False,True,False,6342945.0,35.7,0.5,51.0,0,0,48791.88461538462,Veteran(60+),32+,4665383.692307692,121299976,29.5,26,0.0,0.0,0,0.0,,,0.0,50.0,48791.88461538462,0.046511627906976744,51.0,0,0,0.9746085694674318,-2.8908358384281696
169,7,Mohamed Ayoub Aloui,DEF,Al Gharafa SC,3461985,8,2005-03-11,181,0,2,2,150,0,0,0,0,0,0,0.0,0.0,0.0,sofascore.com,2026-07-19,Qatar,QAT,B,AFC,56,1600,Julen Lopetegui,False,False,False,False,3461985.0,21.3,1.0,75.0,0,0,384665.0,Rookie(<=10),U23,4665383.692307692,121299976,29.5,26,0.0,0.0,0,0.0,,,0.0,100.0,384665.0,0.0,75.0,0,0,-0.6088866526310815,0.07105111619596852
170,7,Elamin Homam,DEF,Cultural Leonesa,6588938,77,1999-08-25,188,3,2,2,180,0,0,0,1,0,0,0.0,0.0,0.0,sofascore.com,2026-07-19,Qatar,QAT,B,AFC,56,1600,Julen Lopetegui,False,False,False,False,6588938.0,26.8,1.0,90.0,0,3,84473.56410256411,Veteran(60+),24-27,4665383.692307692,121299976,29.5,26,0.0,0.0,0,0.0,,,0.0,100.0,84473.56410256411,0.03896103896103896,90.0,0,0,1.8570871956403516,-1.434120013910734
171,7,Abdurisag Yusuf Abdurisag,FWD,Al Wakrah SC,6554586,45,1999-08-06,171,3,2,2,100,0,0,0,0,0,0,0.0,0.0,0.0,sofascore.com,2026-07-19,Qatar,QAT,B,AFC,56,1600,Julen Lopetegui,False,False,False,False,6554586.0,26.8,1.0,50.0,0,0,142491.0,Established(31-60),24-27,4665383.692307692,121299976,29.5,26,0.0,0.0,0,0.0,,,0.0,100.0,142491.0,0.06666666666666667,50.0,0,0,-0.08657096096949578,-0.9172860456890585
172,7,KHOUKHIBoualem Boualem,DEF,Al Sadd SC,4032215,129,1990-07-09,185,21,3,3,270,0,0,0,0,0,0,0.0,0.0,0.0,sofascore.com,2026-07-19,Qatar,QAT,B,AFC,56,1600,Julen Lopetegui,False,True,True,False,4032215.0,35.9,1.0,90.0,0,0,31017.03846153846,Veteran(60+),32+,4665383.692307692,121299976,29.5,26,0.0,0.0,0,0.0,,,0.0,100.0,31017.03846153846,0.16279069767441862,90.0,0,0,2.451155230932436,-3.310268587346447
173,7,Mohamed Ahmed Alganehi,MID,Al Gharafa SC,3865289,15,2000-09-22,175,1,1,0,35,0,0,0,0,0,0,0.0,0.0,0.0,sofascore.com,2026-07-19,Qatar,QAT,B,AFC,56,1600,Julen Lopetegui,False,False,False,False,3865289.0,25.7,0.0,35.0,0,0,241580.5625,Developing(11-30),24-27,4665383.692307692,121299976,29.5,26,0.0,0.0,0,0.0,,,0.0,0.0,241580.5625,0.06666666666666667,35.0,0,3,-1.749543797514523,-0.37092146695909023
174,7,Hussain Sultan,DEF,Al Duhail SC,6687129,20,1996-04-07,178,0,2,1,140,0,0,0,0,0,0,0.0,0.0,0.0,sofascore.com,2026-07-19,Qatar,QAT,B,AFC,56,1600,Julen Lopetegui,False,False,False,False,6687129.0,30.2,0.5,70.0,0,0,318434.71428571426,Developing(11-30),28-31,4665383.692307692,121299976,29.5,26,0.0,0.0,0,0.0,,,0.0,50.0,318434.71428571426,0.0,70.0,0,0,-0.5720605789182099,-0.9206642070616509
175,7,Ali Zainelabdeen Almoez,FWD,Al Duhail SC,4569800,128,1996-08-19,180,58,1,0,18,0,0,0,0,0,0,0.0,0.0,0.0,sofascore.com,2026-07-19,Qatar,QAT,B,AFC,56,1600,Julen Lopetegui,False,True,True,False,4569800.0,29.8,0.0,18.0,0,0,35424.80620155039,Veteran(60+),28-31,4665383.692307692,121299976,29.5,26,0.0,0.0,0,0.0,,,0.0,0.0,35424.80620155039,0.453125,18.0,0,2,1.5934610825085185,-3.0641494593692404
176,7,Fathy Ahmed Fathy,MID,Al Arabi SC,2134313,55,1993-01-25,171,0,3,1,150,0,0,2,0,0,0,0.0,0.0,0.0,sofascore.com,2026-07-19,Qatar,QAT,B,AFC,56,1600,Julen Lopetegui,False,False,False,False,2134313.0,33.4,0.3333333333333333,50.0,0,2,38112.732142857145,Established(31-60),32+,4665383.692307692,121299976,29.5,26,0.0,0.0,0,0.0,,,0.0,33.33333333333333,38112.732142857145,0.0,50.0,0,0,0.2409694709812774,-1.8385772951956936
177,7,Zakaria Salah Zakaria,GK,Al Duhail SC,7649760,10,1999-04-24,186,0,0,0,0,0,0,0,0,0,0,0.0,0.0,0.0,Unverified/Unknown,2026-07-19,Qatar,QAT,B,AFC,56,1600,Julen Lopetegui,False,False,False,False,7649760.0,27.1,0.0,0.0,0,0,695432.7272727273,Rookie(<=10),28-31,4665383.692307692,121299976,29.5,26,,,0,,,,,,695432.7272727273,0.0,0.0,0,3,-2.1823861725507783,-0.32092743694098286
178,7,Aissa Meshaal Barsham,GK,Al Sadd SC,7536773,60,1998-02-14,180,0,0,0,0,0,0,0,0,0,0,0.0,0.0,0.0,Unverified/Unknown,2026-07-19,Qatar,QAT,B,AFC,56,1600,Julen Lopetegui,False,False,False,False,7536773.0,28.3,0.0,0.0,0,0,123553.65573770492,Established(31-60),28-31,4665383.692307692,121299976,29.5,26,,,0,,,,,,123553.65573770492,0.0,0.0,0,3,-1.518197757364353,-1.038307765489217
179,7,Omer Assim Madibo,MID,Al Wakrah SC,7259746,65,1996-10-22,168,0,2,2,169,0,0,0,1,0,0,0.0,0.0,0.0,sofascore.com,2026-07-19,Qatar,QAT,B,AFC,56,1600,Julen Lopetegui,False,False,False,False,7259746.0,29.6,1.0,84.5,0,3,109996.15151515152,Veteran(60+),28-31,4665383.692307692,121299976,29.5,26,0.0,0.0,0,0.0,,,0.0,100.0,109996.15151515152,0.0,84.5,0,0,1.6696430771521715,-1.5329447412628674
180,7,Mohammad Tahsin,FWD,Al Duhail SC,2807711,5,2006-06-16,166,0,0,0,0,0,0,0,0,0,0,0.0,0.0,0.0,Unverified/Unknown,2026-07-19,Qatar,QAT,B,AFC,56,1600,Julen Lopetegui,False,False,False,False,2807711.0,20.0,0.0,0.0,0,0,467951.8333333333,Rookie(<=10),U23,4665383.692307692,121299976,29.5,26,,,0,,,,,,467951.8333333333,0.0,0.0,0,3,-2.6128161144447417,0.4008896891682889
181,7,Alhussein Alhashmi,DEF,Al Arabi SC,5375137,10,2003-08-15,182,0,1,0,31,0,0,0,0,0,0,0.0,0.0,0.0,sofascore.com,2026-07-19,Qatar,QAT,B,AFC,56,1600,Julen Lopetegui,False,False,False,False,5375137.0,22.8,0.0,31.0,0,0,488648.8181818182,Rookie(<=10),U23,4665383.692307692,121299976,29.5,26,0.0,0.0,0,0.0,,,0.0,0.0,488648.8181818182,0.0,31.0,0,3,-2.0101210503319926,0.06920109368033159
182,7,Naceur Mohamed Manai,FWD,Al Shamal SC,4617459,12,2002-10-25,180,0,3,0,66,0,0,0,0,0,1,0.0,0.0,0.0,sofascore.com,2026-07-19,Qatar,QAT,B,AFC,56,1600,Julen Lopetegui,False,False,False,False,4617459.0,23.6,0.0,22.0,0,0,355189.1538461539,Developing(11-30),24-27,4665383.692307692,121299976,29.5,26,0.0,0.0,0,0.0,,,0.0,0.0,355189.1538461539,0.0,22.0,0,3,-2.0706016321627696,-0.05421395532862842
183,8,Gregor Kobel,GK,Borussia Dortmund,40000000,22,1997-12-06,196,0,6,6,600,0,0,0,0,0,0,2.0,20.0,6.0,sofascore.com,2026-07-19,Switzerland,SUI,B,UEFA,19,1860,Murat Yakin,False,False,False,False,40000000.0,28.5,1.0,100.0,0,0,1739130.4347826086,Developing(11-30),28-31,13737866.076923076,357184518,28.303846153846152,26,0.0,0.0,0,0.0,,76.92307692307693,33.33333333333333,100.0,1739130.4347826086,0.0,100.0,1,0,0.8727947913684685,0.7450933729882916
184,8,Miro Max Maria Muheim,DEF,Hamburger SV,5000000,11,1998-03-24,182,0,3,0,84,0,0,1,0,0,1,0.0,0.0,0.0,sofascore.com,2026-07-19,Switzerland,SUI,B,UEFA,19,1860,Murat Yakin,False,False,False,False,5000000.0,28.2,0.0,28.0,0,1,416666.6666666667,Developing(11-30),28-31,13737866.076923076,357184518,28.303846153846152,26,0.0,0.0,0,0.0,,,0.0,0.0,416666.6666666667,0.0,28.0,0,3,-1.1548512370592863,0.12768381013841368
185,8,Silvan Dominic Widmer,DEF,1. FSV Mainz 05,800000,60,1993-03-05,183,5,5,1,172,0,0,0,0,0,0,0.0,0.0,0.0,sofascore.com,2026-07-19,Switzerland,SUI,B,UEFA,19,1860,Murat Yakin,False,False,False,False,800000.0,33.3,0.2,34.4,0,0,13114.754098360656,Established(31-60),32+,13737866.076923076,357184518,28.303846153846152,26,0.0,0.0,0,0.0,,,0.0,20.0,13114.754098360656,0.08333333333333333,34.4,0,3,-0.27400971128876916,-1.1908435897671379
186,8,Nico Elvedi,DEF,Borussia Mönchengladbach,8000000,68,1996-09-30,189,3,6,6,600,0,0,1,0,0,0,0.0,0.0,0.0,sofascore.com,2026-07-19,Switzerland,SUI,B,UEFA,19,1860,Murat Yakin,False,False,False,False,8000000.0,29.7,1.0,100.0,0,1,115942.02898550725,Veteran(60+),28-31,13737866.076923076,357184518,28.303846153846152,26,0.0,0.0,0,0.0,,,0.0,100.0,115942.02898550725,0.04411764705882353,100.0,0,0,1.6096648242180445,-0.8387939145982748
187,8,Manuel Obafemi Akanji,DEF,FC Internazionale Milano,17000000,82,1995-07-19,188,4,6,6,600,0,0,0,0,0,0,0.0,0.0,0.0,sofascore.com,2026-07-19,Switzerland,SUI,B,UEFA,19,1860,Murat Yakin,False,False,False,False,17000000.0,30.9,1.0,100.0,0,0,204819.27710843374,Veteran(60+),28-31,13737866.076923076,357184518,28.303846153846152,26,0.0,0.0,0,0.0,,,0.0,100.0,204819.27710843374,0.04878048780487805,100.0,0,0,1.6134804292944944,-0.8822640954650571
188,8,Denis Lemi Zakaria,MID,AS Monaco,16546670,66,1996-11-20,189,3,4,4,360,0,0,2,0,0,0,0.0,0.0,0.0,sofascore.com,2026-07-19,Switzerland,SUI,B,UEFA,19,1860,Murat Yakin,False,False,False,False,16546670.0,29.6,1.0,90.0,0,2,246965.223880597,Veteran(60+),28-31,13737866.076923076,357184518,28.303846153846152,26,0.0,0.0,0,0.0,,,0.0,100.0,246965.223880597,0.045454545454545456,90.0,0,0,1.8943838439451963,-0.6098176350352947
189,8,Breel Donald Embolo,FWD,Stade Rennais FC,15000000,87,1997-02-14,184,25,6,6,506,2,2,1,1,1,0,0.0,0.0,0.0,sofascore.com,2026-07-19,Switzerland,SUI,B,UEFA,19,1860,Murat Yakin,False,True,False,False,15000000.0,29.3,1.0,84.33333333333333,4,4,170454.54545454544,Veteran(60+),28-31,13737866.076923076,357184518,28.303846153846152,26,0.3557312252964427,0.3557312252964427,4,0.7114624505928854,253.0,,0.0,100.0,170454.54545454544,0.28735632183908044,84.33333333333333,0,2,5.419762341779673,0.17287041212069787
190,8,Remo Marco Freuler,MID,Bologna FC,3000000,89,1992-04-15,181,11,6,6,575,0,0,0,0,0,0,0.0,0.0,0.0,sofascore.com,2026-07-19,Switzerland,SUI,B,UEFA,19,1860,Murat Yakin,False,True,False,False,3000000.0,34.2,1.0,95.83333333333333,0,0,33333.333333333336,Veteran(60+),32+,13737866.076923076,357184518,28.303846153846152,26,0.0,0.0,0,0.0,,,0.0,100.0,33333.333333333336,0.12359550561797752,95.83333333333333,0,0,1.8923793905462916,-1.8070496231465265
191,8,Johan Kula Manzambi,MID,SC Freiburg,50000000,13,2005-10-14,182,3,4,2,198,3,2,0,0,0,0,0.0,0.0,0.0,sofascore.com,2026-07-19,Switzerland,SUI,B,UEFA,19,1860,Murat Yakin,True,False,False,False,50000000.0,20.7,0.5,49.5,5,0,3571428.5714285714,Developing(11-30),U23,13737866.076923076,357184518,28.303846153846152,26,1.3636363636363638,0.9090909090909092,5,2.2727272727272725,66.0,,0.0,50.0,3571428.5714285714,0.23076923076923078,49.5,1,1,1.834628882148849,3.73890976182322
192,8,Granit Xhaka,MID,Sunderland AFC,8000000,147,1992-09-27,183,17,6,6,600,1,1,2,0,1,0,0.0,0.0,0.0,sofascore.com,2026-07-19,Switzerland,SUI,B,UEFA,19,1860,Murat Yakin,False,True,True,False,8000000.0,33.7,1.0,100.0,2,2,54054.05405405405,Veteran(60+),32+,13737866.076923076,357184518,28.303846153846152,26,0.15000000000000002,0.15000000000000002,2,0.30000000000000004,600.0,,0.0,100.0,54054.05405405405,0.11564625850340136,100.0,0,2,4.544408119642687,-1.7378415505112024
193,8,Dan Ndoye,FWD,Nottingham Forest FC,32000000,32,2000-10-25,184,8,6,5,411,2,0,0,0,0,0,0.0,0.0,0.0,sofascore.com,2026-07-19,Switzerland,SUI,B,UEFA,19,1860,Murat Yakin,False,False,False,False,32000000.0,25.6,0.8333333333333334,68.5,2,0,969696.9696969697,Established(31-60),24-27,13737866.076923076,357184518,28.303846153846152,26,0.43795620437956206,0.0,2,0.43795620437956206,205.5,,0.0,83.33333333333334,969696.9696969697,0.25,68.5,1,1,1.351426069486113,1.1494218748562621
194,8,Yvon Landry Mvogo,GK,FC Lorient,16918384,13,1994-06-06,190,0,0,0,0,0,0,0,0,0,0,0.0,0.0,0.0,Unverified/Unknown,2026-07-19,Switzerland,SUI,B,UEFA,19,1860,Murat Yakin,False,False,False,False,16918384.0,32.0,0.0,0.0,0,0,1208456.0,Developing(11-30),32+,13737866.076923076,357184518,28.303846153846152,26,,,0,,,,,,1208456.0,0.0,0.0,0,3,-1.5368014578263047,0.053204666779292656
195,8,Ricardo Ivan Rodriguez,DEF,Real Betis,13686061,139,1992-08-25,182,9,6,6,520,0,1,0,0,0,0,0.0,0.0,0.0,sofascore.com,2026-07-19,Switzerland,SUI,B,UEFA,19,1860,Murat Yakin,False,False,True,False,13686061.0,33.8,1.0,86.66666666666667,1,0,97757.57857142857,Veteran(60+),32+,13737866.076923076,357184518,28.303846153846152,26,0.0,0.17307692307692307,1,0.17307692307692307,,,0.0,100.0,97757.57857142857,0.06474820143884892,86.66666666666667,0,0,2.9412092641046472,-1.5365261944829234
196,8,Ardon Jashari,MID,AC Milan,25000000,9,2002-07-30,181,0,3,1,71,0,0,0,0,0,0,0.0,0.0,0.0,sofascore.com,2026-07-19,Switzerland,SUI,B,UEFA,19,1860,Murat Yakin,False,False,False,False,25000000.0,23.9,0.3333333333333333,23.666666666666668,0,0,2500000.0,Rookie(<=10),24-27,13737866.076923076,357184518,28.303846153846152,26,0.0,0.0,0,0.0,,,0.0,33.33333333333333,2500000.0,0.0,23.666666666666668,1,3,-1.2477523615024317,1.1549075962309763
197,8,Djibril Ibrahima Sow,MID,Sevilla FC,12866209,52,1997-02-06,183,0,5,2,271,0,0,0,0,0,0,0.0,0.0,0.0,sofascore.com,2026-07-19,Switzerland,SUI,B,UEFA,19,1860,Murat Yakin,False,False,False,False,12866209.0,29.3,0.4,54.2,0,0,242758.6603773585,Established(31-60),28-31,13737866.076923076,357184518,28.303846153846152,26,0.0,0.0,0,0.0,,,0.0,40.0,242758.6603773585,0.0,54.2,0,0,-0.15880873706239734,-0.29444729093936317
198,8,Christian Andreas Fassnacht,FWD,BSC Young Boys,2000000,23,1993-11-11,185,5,1,0,5,0,0,0,0,0,0,0.0,0.0,0.0,sofascore.com,2026-07-19,Switzerland,SUI,B,UEFA,19,1860,Murat Yakin,False,False,False,False,2000000.0,32.6,0.0,5.0,0,0,83333.33333333333,Developing(11-30),32+,13737866.076923076,357184518,28.303846153846152,26,0.0,0.0,0,0.0,,,0.0,0.0,83333.33333333333,0.21739130434782608,5.0,0,3,-1.306548445961346,-0.6050434097542345
199,8,Ruben Estephan Vargas,FWD,Sevilla FC,9983709,62,1998-08-05,179,11,6,3,283,2,1,0,0,0,0,0.0,0.0,0.0,sofascore.com,2026-07-19,Switzerland,SUI,B,UEFA,19,1860,Murat Yakin,False,True,False,False,9983709.0,27.8,0.5,47.166666666666664,3,0,158471.57142857142,Veteran(60+),28-31,13737866.076923076,357184518,28.303846153846152,26,0.6360424028268551,0.31802120141342755,3,0.9540636042402828,141.5,,0.0,50.0,158471.57142857142,0.1774193548387097,47.166666666666664,0,1,1.63211490999082,0.47566347836723394
200,8,Eray Ervin Coemert,DEF,Valencia CF,5583485,22,1998-02-04,183,0,1,0,30,0,0,0,0,0,0,0.0,0.0,0.0,sofascore.com,2026-07-19,Switzerland,SUI,B,UEFA,19,1860,Murat Yakin,False,False,False,False,5583485.0,28.3,0.0,30.0,0,0,242760.21739130435,Developing(11-30),28-31,13737866.076923076,357184518,28.303846153846152,26,0.0,0.0,0,0.0,,,0.0,0.0,242760.21739130435,0.0,30.0,0,3,-1.3346262131670747,0.0381806521162716
201,8,Noah Arinzechukwu Okafor,FWD,Leeds United FC,25000000,25,2000-05-24,185,2,1,0,19,0,0,0,0,0,0,0.0,0.0,0.0,sofascore.com,2026-07-19,Switzerland,SUI,B,UEFA,19,1860,Murat Yakin,False,False,False,False,25000000.0,26.0,0.0,19.0,0,0,961538.4615384615,Developing(11-30),24-27,13737866.076923076,357184518,28.303846153846152,26,0.0,0.0,0,0.0,,,0.0,0.0,961538.4615384615,0.08,19.0,1,3,-1.2670517337392,0.7387782470911844
202,8,Michel Aebischer,MID,Pisa SC,4000000,41,1997-01-06,183,2,4,2,157,0,0,0,0,0,0,0.0,0.0,0.0,sofascore.com,2026-07-19,Switzerland,SUI,B,UEFA,19,1860,Murat Yakin,False,False,False,False,4000000.0,29.4,0.5,39.25,0,0,95238.09523809524,Established(31-60),28-31,13737866.076923076,357184518,28.303846153846152,26,0.0,0.0,0,0.0,,,0.0,50.0,95238.09523809524,0.04878048780487805,39.25,0,3,-0.4033326161110428,-0.43694961716885017
203,8,Marvin Keller,GK,BSC Young Boys,6000000,1,2002-07-03,189,0,0,0,0,0,0,0,0,0,0,0.0,0.0,0.0,Unverified/Unknown,2026-07-19,Switzerland,SUI,B,UEFA,19,1860,Murat Yakin,False,False,False,False,6000000.0,23.9,0.0,0.0,0,0,3000000.0,Rookie(<=10),24-27,13737866.076923076,357184518,28.303846153846152,26,,,0,,,,,,3000000.0,0.0,0.0,0,3,-2.1611429727428675,0.8100551806865159
204,8,Fabian Rieder,MID,FC Augsburg,12000000,29,2002-02-16,181,1,5,3,304,0,0,0,0,0,0,0.0,0.0,0.0,sofascore.com,2026-07-19,Switzerland,SUI,B,UEFA,19,1860,Murat Yakin,False,False,False,False,12000000.0,24.3,0.6,60.8,0,0,400000.0,Developing(11-30),24-27,13737866.076923076,357184518,28.303846153846152,26,0.0,0.0,0,0.0,,,0.0,60.0,400000.0,0.034482758620689655,60.8,0,0,-0.3638298642858015,0.46369326123872734
205,8,Mohamed Zeki Amdouni,FWD,Burnley FC,7000000,30,2000-12-04,183,11,4,0,69,0,0,0,0,0,0,0.0,0.0,0.0,sofascore.com,2026-07-19,Switzerland,SUI,B,UEFA,19,1860,Murat Yakin,False,True,False,False,7000000.0,25.5,0.0,17.25,0,0,225806.4516129032,Developing(11-30),24-27,13737866.076923076,357184518,28.303846153846152,26,0.0,0.0,0,0.0,,,0.0,0.0,225806.4516129032,0.36666666666666664,17.25,0,3,-1.125046853122961,0.12008014072829219
206,8,Aurèle Florian Amenda,DEF,Eintracht Frankfurt,10000000,7,2003-07-31,194,0,0,0,0,0,0,0,0,0,0,0.0,0.0,0.0,Unverified/Unknown,2026-07-19,Switzerland,SUI,B,UEFA,19,1860,Murat Yakin,False,False,False,False,10000000.0,22.9,0.0,0.0,0,0,1250000.0,Rookie(<=10),U23,13737866.076923076,357184518,28.303846153846152,26,,,0,,,,,,1250000.0,0.0,0.0,0,3,-2.0909177608994693,0.9551423321930891
207,8,Luca Antony Jaquez,DEF,VfB Stuttgart,10000000,3,2003-06-02,187,0,2,1,78,0,0,0,0,0,0,0.0,0.0,0.0,sofascore.com,2026-07-19,Switzerland,SUI,B,UEFA,19,1860,Murat Yakin,False,False,False,False,10000000.0,23.0,0.5,39.0,0,0,2500000.0,Rookie(<=10),U23,13737866.076923076,357184518,28.303846153846152,26,0.0,0.0,0,0.0,,,0.0,50.0,2500000.0,0.0,39.0,0,3,-1.1654982604989281,0.905399597848208
208,8,Cedric Jan Itten,FWD,Fortuna Düsseldorf,1800000,15,1996-12-27,190,5,3,0,39,0,0,0,0,0,0,0.0,0.0,0.0,sofascore.com,2026-07-19,Switzerland,SUI,B,UEFA,19,1860,Murat Yakin,False,False,False,False,1800000.0,29.5,0.0,13.0,0,0,112500.0,Developing(11-30),28-31,13737866.076923076,357184518,28.303846153846152,26,0.0,0.0,0,0.0,,,0.0,0.0,112500.0,0.3333333333333333,13.0,0,3,-1.4452485978423442,-0.18013272347914344
209,9,Ramsés Alisson,GK,Liverpool FC,34947424,79,1992-10-02,193,0,5,5,450,0,0,0,0,0,0,2.0,9.0,4.0,sofascore.com,2026-07-19,Brazil,BRA,C,CONMEBOL,6,2030,Carlo Ancelotti,False,False,False,False,34947424.0,33.7,1.0,90.0,0,0,436842.8,Veteran(60+),32+,34355092.807692304,893232413,29.361538461538462,26,0.0,0.0,0,0.0,,69.23076923076923,40.0,100.0,436842.8,0.0,90.0,1,0,1.8161741944439562,-0.15045768703265958
210,9,José Ederson Silva,MID,Atalanta Bergamo,28183265,3,1999-07-07,184,0,2,0,20,0,0,0,0,0,0,0.0,0.0,0.0,sofascore.com,2026-07-19,Brazil,BRA,C,CONMEBOL,6,2030,Carlo Ancelotti,False,False,False,False,28183265.0,26.9,0.0,10.0,0,0,7045816.25,Rookie(<=10),24-27,34355092.807692304,893232413,29.361538461538462,26,0.0,0.0,0,0.0,,,0.0,0.0,7045816.25,0.0,10.0,1,3,-1.4539649424472378,1.4854059638459474
211,9,Gabriel Gabriel Magalhaes,DEF,Arsenal FC,35255847,18,1997-12-19,190,1,5,5,450,0,1,0,0,0,0,0.0,0.0,0.0,sofascore.com,2026-07-19,Brazil,BRA,C,CONMEBOL,6,2030,Carlo Ancelotti,False,False,False,False,35255847.0,28.5,1.0,90.0,1,0,1855570.894736842,Developing(11-30),28-31,34355092.807692304,893232413,29.361538461538462,26,0.0,0.2,1,0.2,,,0.0,100.0,1855570.894736842,0.05555555555555555,90.0,1,1,1.403108027950103,1.6156522352917582
212,9,MARQUINHOSMarcos,DEF,Paris Saint-Germain,28000000,106,1994-05-14,183,7,5,5,450,0,0,0,0,0,0,0.0,0.0,0.0,sofascore.com,2026-07-19,Brazil,BRA,C,CONMEBOL,6,2030,Carlo Ancelotti,False,False,False,False,28000000.0,32.1,1.0,90.0,0,0,261682.2429906542,Veteran(60+),32+,34355092.807692304,893232413,29.361538461538462,26,0.0,0.0,0,0.0,,,0.0,100.0,261682.2429906542,0.0660377358490566,90.0,1,0,2.245572687364243,-0.5841283696695917
213,9,Henrique,MID,Manchester United FC,19055262,87,1992-02-23,185,9,5,5,382,1,0,2,0,0,0,0.0,0.0,0.0,sofascore.com,2026-07-19,Brazil,BRA,C,CONMEBOL,6,2030,Carlo Ancelotti,False,False,False,False,19055262.0,34.3,1.0,76.4,1,2,216537.06818181818,Veteran(60+),32+,34355092.807692304,893232413,29.361538461538462,26,0.23560209424083772,0.0,1,0.23560209424083772,382.0,,0.0,100.0,216537.06818181818,0.10344827586206896,76.4,1,0,3.0410733257986124,-0.6857919607108626
214,9,Sandro Alex,DEF,CR Flamengo,33387037,45,1991-01-26,180,2,1,0,8,0,0,0,0,0,0,0.0,0.0,0.0,sofascore.com,2026-07-19,Brazil,BRA,C,CONMEBOL,6,2030,Carlo Ancelotti,False,False,False,False,33387037.0,35.4,0.0,8.0,0,0,725805.1521739131,Established(31-60),32+,34355092.807692304,893232413,29.361538461538462,26,0.0,0.0,0,0.0,,,0.0,0.0,725805.1521739131,0.044444444444444446,8.0,1,3,-0.45992475583818704,0.15559365252070392
215,9,José Vinicius,FWD,Real Madrid C. F.,14812332,50,2000-07-12,176,10,5,5,441,4,1,0,0,0,0,0.0,0.0,0.0,sofascore.com,2026-07-19,Brazil,BRA,C,CONMEBOL,6,2030,Carlo Ancelotti,False,False,False,False,14812332.0,25.9,1.0,88.2,5,0,290437.8823529412,Established(31-60),24-27,34355092.807692304,893232413,29.361538461538462,26,0.8163265306122449,0.20408163265306123,5,1.0204081632653061,110.25,,0.0,100.0,290437.8823529412,0.2,88.2,0,1,3.449227224968982,1.8421596020579676
216,9,GUIMARAESBruno Bruno,MID,Newcastle United FC,46789953,44,1997-11-16,182,3,5,5,420,0,4,1,0,0,0,0.0,0.0,0.0,sofascore.com,2026-07-19,Brazil,BRA,C,CONMEBOL,6,2030,Carlo Ancelotti,True,False,False,False,46789953.0,28.6,1.0,84.0,4,1,1039776.7333333333,Established(31-60),28-31,34355092.807692304,893232413,29.361538461538462,26,0.0,0.8571428571428572,4,0.8571428571428572,,,0.0,100.0,1039776.7333333333,0.06818181818181818,84.0,1,1,3.775399696271035,3.001148422135954
217,9,Matheus Matheus Cunha,FWD,Manchester United FC,50776605,24,1999-05-27,183,1,5,4,293,3,0,0,0,0,0,0.0,0.0,0.0,sofascore.com,2026-07-19,Brazil,BRA,C,CONMEBOL,6,2030,Carlo Ancelotti,True,False,False,False,50776605.0,27.0,0.8,58.6,3,0,2031064.2,Developing(11-30),24-27,34355092.807692304,893232413,29.361538461538462,26,0.9215017064846416,0.0,3,0.9215017064846416,97.66666666666667,,0.0,80.0,2031064.2,0.041666666666666664,58.6,1,1,1.7272106660562216,2.4172476764768724
218,9,Neymar Neymar Jr,FWD,Santos FC,8000000,128,1992-02-05,175,79,2,0,37,1,0,1,0,1,0,0.0,0.0,0.0,sofascore.com,2026-07-19,Brazil,BRA,C,CONMEBOL,6,2030,Carlo Ancelotti,False,True,True,False,8000000.0,34.3,0.0,18.5,1,1,62015.50387596899,Veteran(60+),32+,34355092.807692304,893232413,29.361538461538462,26,2.4324324324324325,0.0,1,2.4324324324324325,37.0,,0.0,0.0,62015.50387596899,0.6171875,18.5,0,2,3.8249195739277795,-2.4380432998593604
219,9,Raphael Raphinha,FWD,FC Barcelona,70000000,40,1996-12-14,176,11,2,2,130,0,0,0,0,0,0,0.0,0.0,0.0,sofascore.com,2026-07-19,Brazil,BRA,C,CONMEBOL,6,2030,Carlo Ancelotti,True,True,False,False,70000000.0,29.5,1.0,65.0,0,0,1707317.0731707318,Established(31-60),28-31,34355092.807692304,893232413,29.361538461538462,26,0.0,0.0,0,0.0,,,0.0,100.0,1707317.0731707318,0.275,65.0,1,1,1.5853582637533494,1.5163642768437215
220,9,Weverton Weverton,GK,Grêmio FBPA,42423364,11,1987-12-13,189,0,0,0,0,0,0,0,0,0,0,0.0,0.0,0.0,Unverified/Unknown,2026-07-19,Brazil,BRA,C,CONMEBOL,6,2030,Carlo Ancelotti,True,False,False,False,42423364.0,38.5,0.0,0.0,0,0,3535280.3333333335,Developing(11-30),32+,34355092.807692304,893232413,29.361538461538462,26,,,0,,,,,,3535280.3333333335,0.0,0.0,1,3,-0.8122481082803351,0.48140315471383555
221,9,Luiz Danilo,DEF,CR Flamengo,22718179,71,1991-07-15,184,1,5,4,404,0,0,2,0,0,0,0.0,0.0,0.0,sofascore.com,2026-07-19,Brazil,BRA,C,CONMEBOL,6,2030,Carlo Ancelotti,False,False,False,False,22718179.0,34.9,0.8,80.8,0,2,315530.2638888889,Veteran(60+),32+,34355092.807692304,893232413,29.361538461538462,26,0.0,0.0,0,0.0,,,0.0,80.0,315530.2638888889,0.014084507042253521,80.8,1,0,2.0717267060392595,-0.5689076026724679
222,9,Bremer Bremer,DEF,Juventus FC,43652307,8,1997-03-18,188,1,0,0,0,0,0,0,0,0,0,0.0,0.0,0.0,Unverified/Unknown,2026-07-19,Brazil,BRA,C,CONMEBOL,6,2030,Carlo Ancelotti,True,False,False,False,43652307.0,29.2,0.0,0.0,0,0,4850256.333333333,Rookie(<=10),28-31,34355092.807692304,893232413,29.361538461538462,26,,,0,,,,,,4850256.333333333,0.125,0.0,1,3,-1.2188461425581465,1.5650343105202762
223,9,PEREIRALeonardo Leo,DEF,CR Flamengo,26118600,4,1996-01-31,189,0,0,0,0,0,0,0,0,0,0,0.0,0.0,0.0,Unverified/Unknown,2026-07-19,Brazil,BRA,C,CONMEBOL,6,2030,Carlo Ancelotti,False,False,False,False,26118600.0,30.4,0.0,0.0,0,0,5223720.0,Rookie(<=10),28-31,34355092.807692304,893232413,29.361538461538462,26,,,0,,,,,,5223720.0,0.0,0.0,1,3,-1.4316481201806903,1.0405572497037263
224,9,Douglas Douglas Santos,DEF,FC Zenit St. Petersburg,15586988,8,1994-03-22,173,0,5,5,442,0,0,1,0,0,0,0.0,0.0,0.0,sofascore.com,2026-07-19,Brazil,BRA,C,CONMEBOL,6,2030,Carlo Ancelotti,False,False,False,False,15586988.0,32.2,1.0,88.4,0,1,1731887.5555555555,Rookie(<=10),32+,34355092.807692304,893232413,29.361538461538462,26,0.0,0.0,0,0.0,,,0.0,100.0,1731887.5555555555,0.0,88.4,0,0,1.0083830489919199,0.3049588646371742
225,9,Henrique Fabinho,MID,Al Ittihad,40560501,34,1993-10-23,188,0,3,0,69,0,0,1,0,0,0,0.0,0.0,0.0,sofascore.com,2026-07-19,Brazil,BRA,C,CONMEBOL,6,2030,Carlo Ancelotti,False,False,False,False,40560501.0,32.6,0.0,23.0,0,1,1158871.4571428571,Established(31-60),32+,34355092.807692304,893232413,29.361538461538462,26,0.0,0.0,0,0.0,,,0.0,0.0,1158871.4571428571,0.0,23.0,1,3,-0.17664863121397048,0.7640229971255521
226,9,Danilo Danilo Santos,MID,Botafogo,32082648,5,2001-04-29,177,2,4,0,43,0,0,0,0,0,0,0.0,0.0,0.0,sofascore.com,2026-07-19,Brazil,BRA,C,CONMEBOL,6,2030,Carlo Ancelotti,False,False,False,False,32082648.0,25.1,0.0,10.75,0,0,5347108.0,Rookie(<=10),24-27,34355092.807692304,893232413,29.361538461538462,26,0.0,0.0,0,0.0,,,0.0,0.0,5347108.0,0.4,10.75,1,3,-1.3906350574627449,1.7289678860143327
227,9,Felipe Endrick,FWD,Olympique Lyonnais,40000000,17,2006-07-21,172,4,4,0,110,0,0,0,0,0,0,0.0,0.0,0.0,sofascore.com,2026-07-19,Brazil,BRA,C,CONMEBOL,6,2030,Carlo Ancelotti,False,False,False,False,40000000.0,19.9,0.0,27.5,0,0,2222222.222222222,Developing(11-30),U23,34355092.807692304,893232413,29.361538461538462,26,0.0,0.0,0,0.0,,,0.0,0.0,2222222.222222222,0.23529411764705882,27.5,1,3,-1.1149210495319524,2.323457877121724
228,9,Lucas Lucas Paqueta,MID,CR Flamengo,49178835,64,1997-08-27,183,13,4,4,237,0,1,0,0,0,0,0.0,0.0,0.0,sofascore.com,2026-07-19,Brazil,BRA,C,CONMEBOL,6,2030,Carlo Ancelotti,True,True,False,False,49178835.0,28.8,1.0,59.25,1,0,756597.4615384615,Veteran(60+),28-31,34355092.807692304,893232413,29.361538461538462,26,0.0,0.37974683544303794,1,0.37974683544303794,,,0.0,100.0,756597.4615384615,0.203125,59.25,1,1,2.1559932320746387,1.2354309927373892
229,9,Henrique André Luiz,FWD,FC Zenit St. Petersburg,33839304,16,2001-01-02,182,2,1,0,29,0,0,0,0,0,0,0.0,0.0,0.0,sofascore.com,2026-07-19,Brazil,BRA,C,CONMEBOL,6,2030,Carlo Ancelotti,False,False,False,False,33839304.0,25.4,0.0,29.0,0,0,1990547.294117647,Developing(11-30),24-27,34355092.807692304,893232413,29.361538461538462,26,0.0,0.0,0,0.0,,,0.0,0.0,1990547.294117647,0.125,29.0,1,3,-0.9952702054742083,1.5963055282172214
230,9,MARTINELLIGabriel Gabriel,FWD,Arsenal FC,40754816,23,2001-06-18,178,4,4,1,141,1,0,0,0,0,0,0.0,0.0,0.0,sofascore.com,2026-07-19,Brazil,BRA,C,CONMEBOL,6,2030,Carlo Ancelotti,False,False,False,False,40754816.0,25.0,0.25,35.25,1,0,1698117.3333333333,Developing(11-30),24-27,34355092.807692304,893232413,29.361538461538462,26,0.6382978723404256,0.0,1,0.6382978723404256,141.0,,0.0,25.0,1698117.3333333333,0.17391304347826086,35.25,1,1,-0.04366089195083913,1.9220070739162782
231,9,Ederson Ederson,GK,Fenerbahçe SK,46623295,32,1993-08-17,188,0,0,0,0,0,0,0,0,0,0,0.0,0.0,0.0,Unverified/Unknown,2026-07-19,Brazil,BRA,C,CONMEBOL,6,2030,Carlo Ancelotti,True,False,False,False,46623295.0,32.8,0.0,0.0,0,0,1412827.121212121,Established(31-60),32+,34355092.807692304,893232413,29.361538461538462,26,,,0,,,,,,1412827.121212121,0.0,0.0,1,3,-0.7674938983814327,0.979775261891456
232,9,IBANEZRoger Roger,DEF,Al Ahli FC,24113577,8,1998-11-23,186,0,1,1,46,0,0,1,0,0,0,0.0,0.0,0.0,sofascore.com,2026-07-19,Brazil,BRA,C,CONMEBOL,6,2030,Carlo Ancelotti,False,False,False,False,24113577.0,27.5,1.0,46.0,0,1,2679286.3333333335,Rookie(<=10),28-31,34355092.807692304,893232413,29.361538461538462,26,0.0,0.0,0,0.0,,,0.0,100.0,2679286.3333333335,0.0,46.0,1,0,0.35423583771098704,1.0878608129271086
233,9,Thiago Igor Thiago,FWD,Brentford FC,39870944,5,2001-06-26,190,2,1,1,61,0,0,0,0,0,0,0.0,0.0,0.0,sofascore.com,2026-07-19,Brazil,BRA,C,CONMEBOL,6,2030,Carlo Ancelotti,False,False,False,False,39870944.0,25.0,1.0,61.0,0,0,6645157.333333333,Rookie(<=10),24-27,34355092.807692304,893232413,29.361538461538462,26,0.0,0.0,0,0.0,,,0.0,100.0,6645157.333333333,0.4,61.0,1,1,0.2775854235792853,1.7975517256627325
234,9,Vitor Rayan,FWD,AFC Bournemouth,26501330,2,2006-08-03,187,1,4,3,289,0,1,0,0,0,0,0.0,0.0,0.0,sofascore.com,2026-07-19,Brazil,BRA,C,CONMEBOL,6,2030,Carlo Ancelotti,False,False,False,False,26501330.0,19.9,0.75,72.25,1,0,8833776.666666666,Rookie(<=10),U23,34355092.807692304,893232413,29.361538461538462,26,0.0,0.31141868512110726,1,0.31141868512110726,,,0.0,75.0,8833776.666666666,0.5,72.25,1,1,0.26701764904131875,2.5715681142262525
235,10,Yassine Bounou,GK,Al Hilal SC,3000000,91,1991-04-05,192,0,6,6,570,0,0,0,0,0,1,2.0,18.0,6.0,sofascore.com,2026-07-19,Morocco,MAR,C,CAF,7,1920,Walid Regragui,False,False,False,False,3000000.0,35.2,1.0,95.0,0,0,32608.695652173912,Veteran(60+),32+,17567467.46153846,456754154,26.603846153846156,26,0.0,0.0,0,0.0,,75.0,33.33333333333333,100.0,32608.695652173912,0.0,95.0,0,0,1.6360281568545056,-1.591076114955256
236,10,Achraf Hakimi,DEF,Paris Saint-Germain,80000000,97,1998-11-04,180,11,6,6,570,1,1,0,0,0,0,0.0,0.0,0.0,sofascore.com,2026-07-19,Morocco,MAR,C,CAF,7,1920,Walid Regragui,True,True,False,False,80000000.0,27.6,1.0,95.0,2,0,816326.5306122449,Veteran(60+),28-31,17567467.46153846,456754154,26.603846153846156,26,0.15789473684210525,0.15789473684210525,2,0.3157894736842105,570.0,,0.0,100.0,816326.5306122449,0.1134020618556701,95.0,1,1,3.506372466706455,1.729730475192022
237,10,Noussair Mazraoui,DEF,Manchester United FC,18000000,46,1997-11-14,183,2,6,5,477,0,0,0,0,0,0,0.0,0.0,0.0,sofascore.com,2026-07-19,Morocco,MAR,C,CAF,7,1920,Walid Regragui,False,False,False,False,18000000.0,28.6,0.8333333333333334,79.5,0,0,382978.72340425535,Established(31-60),28-31,17567467.46153846,456754154,26.603846153846156,26,0.0,0.0,0,0.0,,,0.0,83.33333333333334,382978.72340425535,0.043478260869565216,79.5,1,0,0.6608254682371867,0.051303651767140634
238,10,Sofyan Amrabat,MID,Real Betis,10000000,75,1996-08-21,185,0,1,1,90,0,0,0,0,0,0,0.0,0.0,0.0,sofascore.com,2026-07-19,Morocco,MAR,C,CAF,7,1920,Walid Regragui,False,False,False,False,10000000.0,29.8,1.0,90.0,0,0,131578.94736842104,Veteran(60+),28-31,17567467.46153846,456754154,26.603846153846156,26,0.0,0.0,0,0.0,,,0.0,100.0,131578.94736842104,0.0,90.0,0,0,1.208214877894014,-0.6188366235086911
239,10,Marwane Saadane,DEF,Al Fateh SC,400000,17,1992-01-17,185,1,0,0,0,0,0,0,0,0,0,0.0,0.0,0.0,Unverified/Unknown,2026-07-19,Morocco,MAR,C,CAF,7,1920,Walid Regragui,False,False,False,False,400000.0,34.4,0.0,0.0,0,0,22222.222222222223,Developing(11-30),32+,17567467.46153846,456754154,26.603846153846156,26,,,0,,,,,,22222.222222222223,0.058823529411764705,0.0,0,3,-1.4502894818287924,-0.540300374169431
240,10,Ayyoub Bouaddi,MID,Lille OSC,50000000,4,2007-10-02,185,0,5,5,439,0,0,0,0,0,0,0.0,0.0,0.0,sofascore.com,2026-07-19,Morocco,MAR,C,CAF,7,1920,Walid Regragui,True,False,False,False,50000000.0,18.7,1.0,87.8,0,0,10000000.0,Rookie(<=10),U23,17567467.46153846,456754154,26.603846153846156,26,0.0,0.0,0,0.0,,,0.0,100.0,10000000.0,0.0,87.8,1,1,0.23135926882978947,2.478750917712823
241,10,Chemsdine Talbi,MID,Sunderland AFC,25000000,6,2005-05-09,175,0,5,2,246,0,1,0,0,0,0,0.0,0.0,0.0,sofascore.com,2026-07-19,Morocco,MAR,C,CAF,7,1920,Walid Regragui,False,False,False,False,25000000.0,21.1,0.4,49.2,1,0,3571428.5714285714,Rookie(<=10),U23,17567467.46153846,456754154,26.603846153846156,26,0.0,0.3658536585365854,1,0.3658536585365854,,,0.0,40.0,3571428.5714285714,0.0,49.2,1,1,-0.4298210789869258,2.1233779735970684
242,10,Azz-Eddine Ounahi,MID,Girona FC,10000000,50,2000-04-19,182,9,6,4,380,2,0,0,0,0,0,0.0,0.0,0.0,sofascore.com,2026-07-19,Morocco,MAR,C,CAF,7,1920,Walid Regragui,False,False,False,False,10000000.0,26.1,0.6666666666666666,63.333333333333336,2,0,196078.431372549,Established(31-60),24-27,17567467.46153846,456754154,26.603846153846156,26,0.47368421052631576,0.0,2,0.47368421052631576,190.0,,0.0,66.66666666666666,196078.431372549,0.18,63.333333333333336,0,0,1.2416793902607548,0.48342455669847534
243,10,Soufiane Rahimi,FWD,Al Ain FC,6000000,38,1996-06-02,180,12,6,0,105,2,0,0,0,0,0,0.0,0.0,0.0,sofascore.com,2026-07-19,Morocco,MAR,C,CAF,7,1920,Walid Regragui,False,True,False,False,6000000.0,30.0,0.0,17.5,2,0,153846.15384615384,Established(31-60),28-31,17567467.46153846,456754154,26.603846153846156,26,1.7142857142857144,0.0,2,1.7142857142857144,52.5,,0.0,0.0,153846.15384615384,0.3157894736842105,17.5,0,3,0.11689471637887129,0.14301508939158886
244,10,Brahim Diaz,FWD,Real Madrid C. F.,44054154,27,1999-08-03,170,15,6,6,477,0,4,0,0,0,0,0.0,0.0,0.0,sofascore.com,2026-07-19,Morocco,MAR,C,CAF,7,1920,Walid Regragui,True,True,False,False,44054154.0,26.9,1.0,79.5,4,0,1573362.642857143,Developing(11-30),24-27,17567467.46153846,456754154,26.603846153846156,26,0.0,0.7547169811320755,4,0.7547169811320755,,,0.0,100.0,1573362.642857143,0.5555555555555556,79.5,1,1,3.350011196974377,2.853547100625822
245,10,Ismael Saibari,MID,PSV Eindhoven,40000000,31,2001-01-28,185,10,5,5,453,3,0,0,0,0,0,0.0,0.0,0.0,sofascore.com,2026-07-19,Morocco,MAR,C,CAF,7,1920,Walid Regragui,False,False,False,False,40000000.0,25.4,1.0,90.6,3,0,1250000.0,Established(31-60),24-27,17567467.46153846,456754154,26.603846153846156,26,0.5960264900662252,0.0,3,0.5960264900662252,151.0,,0.0,100.0,1250000.0,0.3225806451612903,90.6,1,1,2.4117708619943103,1.731970348127371
246,10,Monir El Kajoui,GK,RS Berkane,600000,52,1989-05-10,190,0,0,0,0,0,0,0,0,0,0,0.0,0.0,0.0,Unverified/Unknown,2026-07-19,Morocco,MAR,C,CAF,7,1920,Walid Regragui,False,False,False,False,600000.0,37.1,0.0,0.0,0,0,11320.754716981131,Established(31-60),32+,17567467.46153846,456754154,26.603846153846156,26,,,0,,,,,,11320.754716981131,0.0,0.0,0,3,-0.9337296855009494,-1.225166630430499
247,10,Zakaria El Ouahdi,DEF,KRC Genk,17000000,3,2001-12-31,171,0,1,1,90,0,0,0,0,0,0,0.0,0.0,0.0,sofascore.com,2026-07-19,Morocco,MAR,C,CAF,7,1920,Walid Regragui,False,False,False,False,17000000.0,24.4,1.0,90.0,0,0,4250000.0,Rookie(<=10),24-27,17567467.46153846,456754154,26.603846153846156,26,0.0,0.0,0,0.0,,,0.0,100.0,4250000.0,0.0,90.0,0,0,0.15827842497203864,0.9995392986221638
248,10,Issa Laye Lucas Jean Diop,DEF,Fulham FC,8000000,5,1997-01-09,194,0,4,4,390,1,0,3,0,0,0,0.0,0.0,0.0,sofascore.com,2026-07-19,Morocco,MAR,C,CAF,7,1920,Walid Regragui,False,False,False,False,8000000.0,29.4,1.0,97.5,1,3,1333333.3333333333,Rookie(<=10),28-31,17567467.46153846,456754154,26.603846153846156,26,0.23076923076923078,0.0,1,0.23076923076923078,390.0,,0.0,100.0,1333333.3333333333,0.0,97.5,0,0,1.8809435723188075,0.31894068655709157
249,10,Samir El Mourabet,MID,RC Strasbourg,22000000,5,2005-10-06,187,0,4,0,75,0,0,0,0,0,0,0.0,0.0,0.0,sofascore.com,2026-07-19,Morocco,MAR,C,CAF,7,1920,Walid Regragui,False,False,False,False,22000000.0,20.7,0.0,18.75,0,0,3666666.6666666665,Rookie(<=10),U23,17567467.46153846,456754154,26.603846153846156,26,0.0,0.0,0,0.0,,,0.0,0.0,3666666.6666666665,0.0,18.75,1,3,-1.786183378220423,1.681078716634622
250,10,Gessime Ben Youssef Mustapha Yassine,MID,RC Strasbourg,12000000,4,2005-11-22,172,0,2,0,61,1,0,0,0,0,0,0.0,0.0,0.0,sofascore.com,2026-07-19,Morocco,MAR,C,CAF,7,1920,Walid Regragui,False,False,False,False,12000000.0,20.6,0.0,30.5,1,0,2400000.0,Rookie(<=10),U23,17567467.46153846,456754154,26.603846153846156,26,1.4754098360655739,0.0,1,1.4754098360655739,61.0,,0.0,0.0,2400000.0,0.0,30.5,0,3,-1.3362143567665226,1.6809226810966091
251,10,Mohamed Amine Sbai,FWD,Angers SCO,4000000,2,2000-11-05,175,0,0,0,0,0,0,0,0,0,0,0.0,0.0,0.0,Unverified/Unknown,2026-07-19,Morocco,MAR,C,CAF,7,1920,Walid Regragui,False,False,False,False,4000000.0,25.6,0.0,0.0,0,0,1333333.3333333333,Rookie(<=10),24-27,17567467.46153846,456754154,26.603846153846156,26,,,0,,,,,,1333333.3333333333,0.0,0.0,0,3,-2.0260336834204224,0.7222840725141683
252,10,Chadi Riad,DEF,Crystal Palace FC,15000000,7,2003-06-17,186,1,5,5,435,0,0,0,0,0,0,0.0,0.0,0.0,sofascore.com,2026-07-19,Morocco,MAR,C,CAF,7,1920,Walid Regragui,False,False,False,False,15000000.0,23.0,1.0,87.0,0,0,1875000.0,Rookie(<=10),U23,17567467.46153846,456754154,26.603846153846156,26,0.0,0.0,0,0.0,,,0.0,100.0,1875000.0,0.14285714285714285,87.0,0,0,0.12061372917148296,1.0428206389212844
253,10,Youssef Belammari,DEF,Al Ahly FC,1200000,18,1998-09-20,175,0,0,0,0,0,0,0,0,0,0,0.0,0.0,0.0,Unverified/Unknown,2026-07-19,Morocco,MAR,C,CAF,7,1920,Walid Regragui,False,False,False,False,1200000.0,27.7,0.0,0.0,0,0,63157.89473684211,Developing(11-30),28-31,17567467.46153846,456754154,26.603846153846156,26,,,0,,,,,,63157.89473684211,0.0,0.0,0,3,-1.765295182746702,0.23035620173065677
254,10,Ayoub El Kaabi,FWD,Olympiacos FC,4500000,71,1993-06-25,182,36,1,1,70,0,0,0,0,0,0,0.0,0.0,0.0,sofascore.com,2026-07-19,Morocco,MAR,C,CAF,7,1920,Walid Regragui,False,True,False,False,4500000.0,33.0,1.0,70.0,0,0,62500.0,Veteran(60+),32+,17567467.46153846,456754154,26.603846153846156,26,0.0,0.0,0,0.0,,,0.0,100.0,62500.0,0.5070422535211268,70.0,0,2,2.2469605314607137,-1.6572362828707234
255,10,Ayoube Amaimouni,FWD,Eintracht Frankfurt,10000000,3,2004-11-30,179,0,3,1,106,0,0,0,0,0,0,0.0,0.0,0.0,sofascore.com,2026-07-19,Morocco,MAR,C,CAF,7,1920,Walid Regragui,False,False,False,False,10000000.0,21.5,0.3333333333333333,35.333333333333336,0,0,2500000.0,Rookie(<=10),U23,17567467.46153846,456754154,26.603846153846156,26,0.0,0.0,0,0.0,,,0.0,33.33333333333333,2500000.0,0.0,35.333333333333336,0,3,-1.3715619662467566,1.2564473011773567
256,10,Ahmed Reda Tagnaouti,GK,ASFAR,1000000,3,1996-04-05,194,0,0,0,0,0,0,0,0,0,0,0.0,0.0,0.0,Unverified/Unknown,2026-07-19,Morocco,MAR,C,CAF,7,1920,Walid Regragui,False,False,False,False,1000000.0,30.2,0.0,0.0,0,0,250000.0,Rookie(<=10),28-31,17567467.46153846,456754154,26.603846153846156,26,,,0,,,,,,250000.0,0.0,0.0,0,3,-1.8385934032017524,0.12160830735220321
257,10,Bilal El Khannouss,MID,VfB Stuttgart,35000000,38,2004-05-10,180,3,6,6,506,0,0,0,0,0,0,0.0,0.0,0.0,sofascore.com,2026-07-19,Morocco,MAR,C,CAF,7,1920,Walid Regragui,False,False,False,False,35000000.0,22.1,1.0,84.33333333333333,0,0,897435.8974358974,Established(31-60),U23,17567467.46153846,456754154,26.603846153846156,26,0.0,0.0,0,0.0,,,0.0,100.0,897435.8974358974,0.07894736842105263,84.33333333333333,1,0,0.7041491527728104,1.269760932372184
258,10,Neil Yoni El Aynaoui,MID,AS Roma,23000000,17,2001-07-02,185,2,5,5,473,0,0,0,0,0,0,0.0,0.0,0.0,sofascore.com,2026-07-19,Morocco,MAR,C,CAF,7,1920,Walid Regragui,False,False,False,False,23000000.0,24.9,1.0,94.6,0,0,1277777.7777777778,Developing(11-30),24-27,17567467.46153846,456754154,26.603846153846156,26,0.0,0.0,0,0.0,,,0.0,100.0,1277777.7777777778,0.11764705882352941,94.6,1,0,0.5418624563931045,0.8988414382242885
259,10,Redouane Halhal,DEF,KV Mechelen,5000000,3,2003-03-05,189,0,1,1,90,0,0,0,0,0,0,0.0,0.0,0.0,sofascore.com,2026-07-19,Morocco,MAR,C,CAF,7,1920,Walid Regragui,False,False,False,False,5000000.0,23.3,1.0,90.0,0,0,1250000.0,Rookie(<=10),24-27,17567467.46153846,456754154,26.603846153846156,26,0.0,0.0,0,0.0,,,0.0,100.0,1250000.0,0.0,90.0,0,0,-0.016328041503797616,0.8108250689938395
260,10,Anass Salah Eddine,DEF,PSV Eindhoven,12000000,10,2002-01-18,181,0,4,2,228,0,0,0,0,0,0,0.0,0.0,0.0,sofascore.com,2026-07-19,Morocco,MAR,C,CAF,7,1920,Walid Regragui,False,False,False,False,12000000.0,24.4,0.5,57.0,0,0,1090909.0909090908,Rookie(<=10),24-27,17567467.46153846,456754154,26.603846153846156,26,0.0,0.0,0,0.0,,,0.0,50.0,1090909.0909090908,0.0,57.0,0,3,-0.7028381373794019,0.8681351825685795
261,11,Johny Placide,GK,SC Bastia,250000,84,1988-01-29,181,0,3,3,270,0,0,1,0,0,0,0.0,14.0,8.0,sofascore.com,2026-07-19,Haiti,HAI,C,CONCACAF,83,1530,Sébastien Migné,False,False,False,False,250000.0,38.4,1.0,90.0,0,1,2941.176470588235,Veteran(60+),32+,2358839.923076923,61329838,27.515384615384615,26,0.0,0.0,0,0.0,,63.63636363636363,0.0,100.0,2941.176470588235,0.0,90.0,0,0,1.514331175180647,-3.0383945466504017
262,11,Carlens Jean Fedlaire Ruby Arcus,DEF,Angers SCO,1800000,57,1996-06-28,180,1,3,2,146,0,0,1,0,0,0,0.0,0.0,0.0,sofascore.com,2026-07-19,Haiti,HAI,C,CONCACAF,83,1530,Sébastien Migné,False,False,False,False,1800000.0,30.0,0.6666666666666666,48.666666666666664,0,1,31034.48275862069,Established(31-60),28-31,2358839.923076923,61329838,27.515384615384615,26,0.0,0.0,0,0.0,,,0.0,66.66666666666666,31034.48275862069,0.017543859649122806,48.666666666666664,0,0,0.01897266982616014,-1.6965397413500642
263,11,Keeto Thermoncy,DEF,BSC Young Boys,100000,1,2006-03-29,179,0,0,0,0,0,0,0,0,0,0,0.0,0.0,0.0,Unverified/Unknown,2026-07-19,Haiti,HAI,C,CONCACAF,83,1530,Sébastien Migné,False,False,False,False,136750.00000000003,20.2,0.0,0.0,0,0,50000.0,Rookie(<=10),U23,2358839.923076923,61329838,27.515384615384615,26,,,0,,,,,,50000.0,0.0,0.0,0,3,-2.7592954088977635,0.16384237453927986
264,11,Ricardo Ade,DEF,LDU Quito,300000,62,1990-05-21,190,2,3,3,270,0,0,0,0,0,0,0.0,0.0,0.0,sofascore.com,2026-07-19,Haiti,HAI,C,CONCACAF,83,1530,Sébastien Migné,False,False,False,False,300000.0,36.1,1.0,90.0,0,0,4761.9047619047615,Veteran(60+),32+,2358839.923076923,61329838,27.515384615384615,26,0.0,0.0,0,0.0,,,0.0,100.0,4761.9047619047615,0.03225806451612903,90.0,0,0,0.8621334250329202,-2.5232128197256616
265,11,Hannes Piterson Delcroix,DEF,FC Lugano,4808049,8,1999-02-28,183,0,3,3,270,0,0,0,0,0,0,0.0,0.0,0.0,sofascore.com,2026-07-19,Haiti,HAI,C,CONCACAF,83,1530,Sébastien Migné,False,False,False,False,4808049.0,27.3,1.0,90.0,0,0,534227.6666666666,Rookie(<=10),28-31,2358839.923076923,61329838,27.515384615384615,26,0.0,0.0,0,0.0,,,0.0,100.0,534227.6666666666,0.0,90.0,0,0,-0.2158889631775896,-0.7670496977456371
266,11,Carl Fred Sainte,MID,El Paso Locomotive FC,125000,26,2002-08-09,182,0,0,0,0,0,0,0,0,0,0,0.0,0.0,0.0,Unverified/Unknown,2026-07-19,Haiti,HAI,C,CONCACAF,83,1530,Sébastien Migné,False,False,False,False,136750.00000000003,23.8,0.0,0.0,0,0,4629.62962962963,Developing(11-30),24-27,2358839.923076923,61329838,27.515384615384615,26,,,0,,,,,,4629.62962962963,0.0,0.0,0,3,-2.291927359786826,-0.5268458109083238
267,11,Derrick Burckley Etienne,FWD,Toronto FC,2234420,50,1996-11-25,178,8,1,0,9,0,0,0,0,0,0,0.0,0.0,0.0,sofascore.com,2026-07-19,Haiti,HAI,C,CONCACAF,83,1530,Sébastien Migné,False,False,False,False,2234420.0,29.5,0.0,9.0,0,0,43812.1568627451,Established(31-60),28-31,2358839.923076923,61329838,27.515384615384615,26,0.0,0.0,0,0.0,,,0.0,0.0,43812.1568627451,0.16,9.0,0,3,-1.32936103722524,-1.5278704988784677
268,11,Martin Yves Roberns Didier Experience,DEF,AS Nancy,400000,22,1999-03-09,178,0,3,3,270,0,0,0,0,0,0,0.0,0.0,0.0,sofascore.com,2026-07-19,Haiti,HAI,C,CONCACAF,83,1530,Sébastien Migné,False,False,False,False,400000.0,27.3,1.0,90.0,0,0,17391.304347826088,Developing(11-30),28-31,2358839.923076923,61329838,27.515384615384615,26,0.0,0.0,0,0.0,,,0.0,100.0,17391.304347826088,0.0,90.0,0,0,-0.09066952474096587,-1.0439845044988443
269,11,Duckens Nazon,FWD,Esteghlal Tehran FC,1600000,83,1994-04-07,181,44,1,0,23,0,0,1,0,0,0,0.0,0.0,0.0,sofascore.com,2026-07-19,Haiti,HAI,C,CONCACAF,83,1530,Sébastien Migné,False,True,False,False,1600000.0,32.2,0.0,23.0,0,1,19047.619047619046,Veteran(60+),32+,2358839.923076923,61329838,27.515384615384615,26,0.0,0.0,0,0.0,,,0.0,0.0,19047.619047619046,0.5301204819277109,23.0,0,2,0.9668962204704916,-2.8824612108135685
270,11,Jean Ricner Bellegarde,MID,Wolverhampton Wanderers FC,16000000,11,1998-06-27,170,0,3,3,261,0,0,1,0,0,0,0.0,0.0,0.0,sofascore.com,2026-07-19,Haiti,HAI,C,CONCACAF,83,1530,Sébastien Migné,False,False,False,False,16000000.0,28.0,1.0,87.0,0,1,1333333.3333333333,Developing(11-30),28-31,2358839.923076923,61329838,27.515384615384615,26,0.0,0.0,0,0.0,,,0.0,100.0,1333333.3333333333,0.0,87.0,0,0,0.28134896396262554,-0.6230728088429248
271,11,Don Deedson Deedson,FWD,FC Dallas,3437369,33,2001-02-11,178,10,3,1,111,0,0,0,0,0,0,0.0,0.0,0.0,sofascore.com,2026-07-19,Haiti,HAI,C,CONCACAF,83,1530,Sébastien Migné,False,False,False,False,3437369.0,25.3,0.3333333333333333,37.0,0,0,101099.08823529411,Established(31-60),24-27,2358839.923076923,61329838,27.515384615384615,26,0.0,0.0,0,0.0,,,0.0,33.33333333333333,101099.08823529411,0.30303030303030304,37.0,0,3,-0.9720302146743384,-0.9245187989903176
272,11,Alexandre Jr Pierre,GK,FC Sochaux-Montbéliard,100000,17,2001-02-25,190,0,0,0,0,0,0,0,0,0,0,0.0,0.0,0.0,Unverified/Unknown,2026-07-19,Haiti,HAI,C,CONCACAF,83,1530,Sébastien Migné,False,False,False,False,136750.00000000003,25.3,0.0,0.0,0,0,5555.555555555556,Developing(11-30),24-27,2358839.923076923,61329838,27.515384615384615,26,,,0,,,,,,5555.555555555556,0.0,0.0,0,3,-2.3346540699069567,-0.5889847109918697
273,11,Markhus Lacroix,DEF,Colorado Springs Switchbacks FC,125000,16,1993-10-14,175,3,0,0,0,0,0,0,0,0,0,0.0,0.0,0.0,Unverified/Unknown,2026-07-19,Haiti,HAI,C,CONCACAF,83,1530,Sébastien Migné,False,False,False,False,136750.00000000003,32.7,0.0,0.0,0,0,7352.941176470588,Developing(11-30),32+,2358839.923076923,61329838,27.515384615384615,26,,,0,,,,,,7352.941176470588,0.1875,0.0,0,3,-1.9102964023504756,-1.4503443187308267
274,11,Garven-Michee Metusala,DEF,Colorado Springs Switchbacks FC,200000,15,1999-12-31,186,0,0,0,0,0,0,0,0,0,0,0.0,0.0,0.0,Unverified/Unknown,2026-07-19,Haiti,HAI,C,CONCACAF,83,1530,Sébastien Migné,False,False,False,False,200000.0,26.4,0.0,0.0,0,0,12500.0,Developing(11-30),24-27,2358839.923076923,61329838,27.515384615384615,26,,,0,,,,,,12500.0,0.0,0.0,0,3,-2.309069542367558,-0.6863722963421527
275,11,Ruben Fritzner Providence,FWD,Almere City FC,300000,16,2001-07-07,178,3,3,3,223,0,0,0,0,0,0,0.0,0.0,0.0,sofascore.com,2026-07-19,Haiti,HAI,C,CONCACAF,83,1530,Sébastien Migné,False,False,False,False,300000.0,24.9,1.0,74.33333333333333,0,0,17647.058823529413,Developing(11-30),24-27,2358839.923076923,61329838,27.515384615384615,26,0.0,0.0,0,0.0,,,0.0,100.0,17647.058823529413,0.1875,74.33333333333333,0,0,-0.36508957187249924,-0.745921070117599
276,11,Lenny Alvin Pico Joseph,FWD,Ferencvárosi TC,500000,3,2000-10-12,182,1,3,1,117,0,0,0,0,0,0,0.0,0.0,0.0,sofascore.com,2026-07-19,Haiti,HAI,C,CONCACAF,83,1530,Sébastien Migné,False,False,False,False,500000.0,25.7,0.3333333333333333,39.0,0,0,125000.0,Rookie(<=10),24-27,2358839.923076923,61329838,27.515384615384615,26,0.0,0.0,0,0.0,,,0.0,33.33333333333333,125000.0,0.3333333333333333,39.0,0,3,-1.6396192567889332,-0.5470028329005127
277,11,Danley Jean Jacques,MID,Philadelphia Union,3000000,32,2000-05-20,182,6,3,3,260,0,0,1,0,0,0,0.0,0.0,0.0,sofascore.com,2026-07-19,Haiti,HAI,C,CONCACAF,83,1530,Sébastien Migné,False,False,False,False,3000000.0,26.1,1.0,86.66666666666667,0,1,90909.09090909091,Established(31-60),24-27,2358839.923076923,61329838,27.515384615384615,26,0.0,0.0,0,0.0,,,0.0,100.0,90909.09090909091,0.1875,86.66666666666667,0,0,0.5217679709618462,-1.0933992115143611
278,11,Wilson Isidor,FWD,Sunderland AFC,18000000,5,2000-08-27,184,2,3,2,186,1,0,0,0,0,0,0.0,0.0,0.0,sofascore.com,2026-07-19,Haiti,HAI,C,CONCACAF,83,1530,Sébastien Migné,False,False,False,False,18000000.0,25.8,0.6666666666666666,62.0,1,0,3000000.0,Rookie(<=10),24-27,2358839.923076923,61329838,27.515384615384615,26,0.4838709677419355,0.0,1,0.4838709677419355,186.0,,0.0,66.66666666666666,3000000.0,0.4,62.0,1,0,-0.36077090440772985,0.04860585969472497
279,11,Yassin Enzo Fortune,FWD,FC Vizela,400000,5,1999-01-30,186,0,1,0,5,0,0,0,0,0,0,0.0,0.0,0.0,sofascore.com,2026-07-19,Haiti,HAI,C,CONCACAF,83,1530,Sébastien Migné,False,False,False,False,400000.0,27.4,0.0,5.0,0,0,66666.66666666667,Rookie(<=10),28-31,2358839.923076923,61329838,27.515384615384615,26,0.0,0.0,0,0.0,,,0.0,0.0,66666.66666666667,0.0,5.0,0,3,-2.321636676924803,-0.6807888435669578
280,11,Frantzdy Pierrot,FWD,Çaykur Rizespor,1500000,54,1995-03-29,194,34,3,2,143,0,0,1,0,0,0,0.0,0.0,0.0,sofascore.com,2026-07-19,Haiti,HAI,C,CONCACAF,83,1530,Sébastien Migné,False,True,False,False,1500000.0,31.2,0.6666666666666666,47.666666666666664,0,1,27272.727272727272,Established(31-60),32+,2358839.923076923,61329838,27.515384615384615,26,0.0,0.0,0,0.0,,,0.0,66.66666666666666,27272.727272727272,0.6296296296296297,47.666666666666664,0,0,1.168504634650365,-2.3567563871677386
281,11,Josue Jeremie Casimir,FWD,AJ Auxerre,3000000,8,2001-09-24,178,0,3,2,182,0,0,1,0,0,0,0.0,0.0,0.0,sofascore.com,2026-07-19,Haiti,HAI,C,CONCACAF,83,1530,Sébastien Migné,False,False,False,False,3000000.0,24.7,0.6666666666666666,60.666666666666664,0,1,333333.3333333333,Rookie(<=10),24-27,2358839.923076923,61329838,27.515384615384615,26,0.0,0.0,0,0.0,,,0.0,66.66666666666666,333333.3333333333,0.0,60.666666666666664,0,0,-0.689900480551185,-0.5012470279622495
282,11,Jean-Kévin Duverne,DEF,KAA Gent,2000000,17,1997-07-12,184,1,2,2,170,0,0,0,0,0,0,0.0,0.0,0.0,sofascore.com,2026-07-19,Haiti,HAI,C,CONCACAF,83,1530,Sébastien Migné,False,False,False,False,2000000.0,28.9,1.0,85.0,0,0,111111.11111111111,Developing(11-30),28-31,2358839.923076923,61329838,27.515384615384615,26,0.0,0.0,0,0.0,,,0.0,100.0,111111.11111111111,0.058823529411764705,85.0,0,0,-0.09125202539883617,-1.13441437470575
283,11,Josue Duverger,GK,FC Cosmos Koblenz,125000,7,2000-04-27,187,0,0,0,0,0,0,0,0,0,0,0.0,0.0,0.0,Unverified/Unknown,2026-07-19,Haiti,HAI,C,CONCACAF,83,1530,Sébastien Migné,False,False,False,False,136750.00000000003,26.1,0.0,0.0,0,0,15625.0,Rookie(<=10),24-27,2358839.923076923,61329838,27.515384615384615,26,,,0,,,,,,15625.0,0.0,0.0,0,3,-2.421036996227309,-0.5616944471605001
284,11,Wilguens Raphael Polynice Paugain,DEF,SV Zulte Waregem,800000,8,2001-08-24,180,0,0,0,0,0,0,0,0,0,0,0.0,0.0,0.0,Unverified/Unknown,2026-07-19,Haiti,HAI,C,CONCACAF,83,1530,Sébastien Migné,False,False,False,False,800000.0,24.8,0.0,0.0,0,0,88888.88888888889,Rookie(<=10),24-27,2358839.923076923,61329838,27.515384615384615,26,,,0,,,,,,88888.88888888889,0.0,0.0,0,3,-2.460249191446901,-0.4116272403930222
285,11,Dominique Celidor Simon,MID,FC Tatran Pre Å¡ ov,125000,2,2000-07-29,178,0,2,0,54,0,0,0,0,0,0,0.0,0.0,0.0,sofascore.com,2026-07-19,Haiti,HAI,C,CONCACAF,83,1530,Sébastien Migné,False,False,False,False,136750.00000000003,25.9,0.0,27.0,0,0,41666.666666666664,Rookie(<=10),24-27,2358839.923076923,61329838,27.515384615384615,26,0.0,0.0,0,0.0,,,0.0,0.0,41666.666666666664,0.0,27.0,0,3,-2.1523164032358166,-0.5065158660791415
286,11,Olivier Woodensky Pierre,MID,Violette AC,100000,1,2004-12-30,177,0,0,0,0,0,0,0,0,0,0,0.0,0.0,0.0,Unverified/Unknown,2026-07-19,Haiti,HAI,C,CONCACAF,83,1530,Sébastien Migné,False,False,False,False,136750.00000000003,21.4,0.0,0.0,0,0,50000.0,Rookie(<=10),U23,2358839.923076923,61329838,27.515384615384615,26,,,0,,,,,,50000.0,0.0,0.0,0,3,-2.7054216803313227,0.03045754756731289
287,12,Angus Fraser James Gunn,GK,Nottingham Forest FC,1000000,23,1996-01-22,196,0,3,3,270,0,0,0,0,0,0,1.0,10.0,4.0,sofascore.com,2026-07-19,Scotland,SCO,C,UEFA,39,1720,Steve Clarke,False,False,False,False,1000000.0,30.4,1.0,90.0,0,0,41666.666666666664,Developing(11-30),28-31,4811362.076923077,125095414,29.20384615384615,26,0.0,0.0,0,0.0,,71.42857142857143,33.33333333333333,100.0,41666.666666666664,0.0,90.0,0,0,0.280519376374142,-0.8632656299264644
288,12,Aaron Buchanan Hickey,DEF,Brentford FC,16000000,22,2002-06-10,185,0,1,1,75,0,0,1,0,0,0,0.0,0.0,0.0,sofascore.com,2026-07-19,Scotland,SCO,C,UEFA,39,1720,Steve Clarke,False,False,False,False,16000000.0,24.0,1.0,75.0,0,1,695652.1739130435,Developing(11-30),24-27,4811362.076923077,125095414,29.20384615384615,26,0.0,0.0,0,0.0,,,0.0,100.0,695652.1739130435,0.0,75.0,0,0,0.2992230854664918,0.22625872270341854
289,12,Andrew Henry Robertson,DEF,Liverpool FC,7000000,95,1994-03-11,178,4,3,3,226,0,0,1,0,0,0,0.0,0.0,0.0,sofascore.com,2026-07-19,Scotland,SCO,C,UEFA,39,1720,Steve Clarke,False,False,False,False,7000000.0,32.3,1.0,75.33333333333333,0,1,72916.66666666667,Veteran(60+),32+,4811362.076923077,125095414,29.20384615384615,26,0.0,0.0,0,0.0,,,0.0,100.0,72916.66666666667,0.042105263157894736,75.33333333333333,0,0,1.614052162328515,-1.8454813458049697
290,12,Mc,MID,SSC Napoli,7004649,71,1996-12-08,193,15,3,3,270,0,0,0,0,0,0,0.0,0.0,0.0,sofascore.com,2026-07-19,Scotland,SCO,C,UEFA,39,1720,Steve Clarke,False,True,False,False,7004649.0,29.5,1.0,90.0,0,0,97286.79166666667,Veteran(60+),28-31,4811362.076923077,125095414,29.20384615384615,26,0.0,0.0,0,0.0,,,0.0,100.0,97286.79166666667,0.2112676056338028,90.0,0,0,1.4116387581839627,-1.4176453629367602
291,12,Grant Campbell Hanley,DEF,Hibernian FC,200000,69,1991-11-20,188,2,2,2,180,0,0,0,0,0,0,0.0,0.0,0.0,sofascore.com,2026-07-19,Scotland,SCO,C,UEFA,39,1720,Steve Clarke,False,False,False,False,200000.0,34.6,1.0,90.0,0,0,2857.1428571428573,Veteran(60+),32+,4811362.076923077,125095414,29.20384615384615,26,0.0,0.0,0,0.0,,,0.0,100.0,2857.1428571428573,0.028985507246376812,90.0,0,0,1.0928809846368808,-1.91905424401892
292,12,Kieran Tierney,DEF,Celtic FC,8000000,56,1997-06-05,180,2,2,1,104,0,0,0,0,0,0,0.0,0.0,0.0,sofascore.com,2026-07-19,Scotland,SCO,C,UEFA,39,1720,Steve Clarke,False,False,False,False,8000000.0,29.0,0.5,52.0,0,0,140350.87719298244,Established(31-60),28-31,4811362.076923077,125095414,29.20384615384615,26,0.0,0.0,0,0.0,,,0.0,50.0,140350.87719298244,0.03571428571428571,52.0,0,0,-0.19342323885851592,-0.8591939051351032
293,12,Mc,MID,Aston Villa FC,6483977,87,1994-10-18,178,21,3,3,261,1,0,0,0,0,0,0.0,0.0,0.0,sofascore.com,2026-07-19,Scotland,SCO,C,UEFA,39,1720,Steve Clarke,False,True,False,False,6483977.0,31.6,1.0,87.0,1,0,73681.55681818182,Veteran(60+),32+,4811362.076923077,125095414,29.20384615384615,26,0.3448275862068965,0.0,1,0.3448275862068965,261.0,,0.0,100.0,73681.55681818182,0.2413793103448276,87.0,0,0,2.290823208393439,-1.7013816253103584
294,12,Tyler Robert Fletcher,MID,Manchester United FC,1000000,2,2007-03-19,183,0,0,0,0,0,0,0,0,0,0,0.0,0.0,0.0,Unverified/Unknown,2026-07-19,Scotland,SCO,C,UEFA,39,1720,Steve Clarke,False,False,False,False,1000000.0,19.2,0.0,0.0,0,0,333333.3333333333,Rookie(<=10),U23,4811362.076923077,125095414,29.20384615384615,26,,,0,,,,,,333333.3333333333,0.0,0.0,0,3,-2.569428018036738,0.8071149451832413
295,12,Lyndon John Dykes,FWD,Charlton Athletic FC,800000,52,1995-10-07,188,10,2,0,34,0,0,0,0,0,0,0.0,0.0,0.0,sofascore.com,2026-07-19,Scotland,SCO,C,UEFA,39,1720,Steve Clarke,False,False,False,False,800000.0,30.7,0.0,17.0,0,0,15094.33962264151,Established(31-60),28-31,4811362.076923077,125095414,29.20384615384615,26,0.0,0.0,0,0.0,,,0.0,0.0,15094.33962264151,0.19230769230769232,17.0,0,3,-0.8824947226553689,-1.2413849112979023
296,12,Che Sac Everton Fred Adams,FWD,Torino FC,5000000,48,1996-07-13,175,13,3,2,147,0,0,0,0,0,0,0.0,0.0,0.0,sofascore.com,2026-07-19,Scotland,SCO,C,UEFA,39,1720,Steve Clarke,False,True,False,False,5000000.0,29.9,0.6666666666666666,49.0,0,0,102040.8163265306,Established(31-60),28-31,4811362.076923077,125095414,29.20384615384615,26,0.0,0.0,0,0.0,,,0.0,66.66666666666666,102040.8163265306,0.2708333333333333,49.0,0,0,0.22299744600486102,-1.142420574390683
297,12,Ryan Christie,MID,AFC Bournemouth,8000000,69,1995-02-22,178,10,3,1,96,0,0,1,0,0,0,0.0,0.0,0.0,sofascore.com,2026-07-19,Scotland,SCO,C,UEFA,39,1720,Steve Clarke,False,False,False,False,8000000.0,31.3,0.3333333333333333,32.0,0,1,114285.71428571429,Veteran(60+),32+,4811362.076923077,125095414,29.20384615384615,26,0.0,0.0,0,0.0,,,0.0,33.33333333333333,114285.71428571429,0.14492753623188406,32.0,0,0,0.2859818923007954,-1.4017314291180998
298,12,Liam Patrick Kelly,GK,Rangers FC,800000,3,1996-01-23,184,0,0,0,0,0,0,0,0,0,0,0.0,0.0,0.0,Unverified/Unknown,2026-07-19,Scotland,SCO,C,UEFA,39,1720,Steve Clarke,False,False,False,False,800000.0,30.4,0.0,0.0,0,0,200000.0,Rookie(<=10),28-31,4811362.076923077,125095414,29.20384615384615,26,,,0,,,,,,200000.0,0.0,0.0,0,3,-2.05646371380166,-0.45461451564226274
299,12,Jack William Hendry,DEF,Al Ettifaq FC,2500000,39,1995-05-07,192,3,3,3,270,0,0,0,0,0,0,0.0,0.0,0.0,sofascore.com,2026-07-19,Scotland,SCO,C,UEFA,39,1720,Steve Clarke,False,False,False,False,2500000.0,31.1,1.0,90.0,0,0,62500.0,Established(31-60),32+,4811362.076923077,125095414,29.20384615384615,26,0.0,0.0,0,0.0,,,0.0,100.0,62500.0,0.07692307692307693,90.0,0,0,0.6276427034658032,-1.138583249359418
300,12,Ross Cameron Stewart,FWD,Southampton FC,2800000,3,1996-07-11,188,0,1,0,1,0,0,0,0,0,0,0.0,0.0,0.0,sofascore.com,2026-07-19,Scotland,SCO,C,UEFA,39,1720,Steve Clarke,False,False,False,False,2800000.0,29.9,0.0,1.0,0,0,700000.0,Rookie(<=10),28-31,4811362.076923077,125095414,29.20384615384615,26,0.0,0.0,0,0.0,,,0.0,0.0,700000.0,0.0,1.0,0,3,-2.045490771473248,-0.3481387088385167
301,12,John Francis Souttar,DEF,Rangers FC,2000000,24,1996-09-25,186,2,0,0,0,0,0,0,0,0,0,0.0,0.0,0.0,Unverified/Unknown,2026-07-19,Scotland,SCO,C,UEFA,39,1720,Steve Clarke,False,False,False,False,2000000.0,29.7,0.0,0.0,0,0,80000.0,Developing(11-30),28-31,4811362.076923077,125095414,29.20384615384615,26,,,0,,,,,,80000.0,0.08333333333333333,0.0,0,3,-1.7489629913818476,-0.6233841060087127
302,12,Dominic John Hyam,DEF,Wrexham AFC,2000000,4,1995-12-20,188,0,0,0,0,0,0,0,0,0,0,0.0,0.0,0.0,Unverified/Unknown,2026-07-19,Scotland,SCO,C,UEFA,39,1720,Steve Clarke,False,False,False,False,2000000.0,30.5,0.0,0.0,0,0,400000.0,Rookie(<=10),28-31,4811362.076923077,125095414,29.20384615384615,26,,,0,,,,,,400000.0,0.0,0.0,0,3,-2.0272221403556654,-0.4462529006359322
303,12,Ben Gannon Gannon-Doak,FWD,AFC Bournemouth,2918431,15,2005-11-11,173,1,3,2,186,0,0,0,0,0,0,0.0,0.0,0.0,sofascore.com,2026-07-19,Scotland,SCO,C,UEFA,39,1720,Steve Clarke,False,False,False,False,2918431.0,20.6,0.6666666666666666,62.0,0,0,182401.9375,Developing(11-30),U23,4811362.076923077,125095414,29.20384615384615,26,0.0,0.0,0,0.0,,,0.0,66.66666666666666,182401.9375,0.06666666666666667,62.0,0,0,-0.874146750400147,0.41052301304887573
304,12,George David Eric Hirst,FWD,Ipswich Town FC,10000000,10,1999-02-15,191,1,0,0,0,0,0,0,0,0,0,0.0,0.0,0.0,Unverified/Unknown,2026-07-19,Scotland,SCO,C,UEFA,39,1720,Steve Clarke,False,False,False,False,10000000.0,27.3,0.0,0.0,0,0,909090.9090909091,Rookie(<=10),28-31,4811362.076923077,125095414,29.20384615384615,26,,,0,,,,,,909090.9090909091,0.1,0.0,0,3,-1.9792359538096882,0.030220588572424475
305,12,Lewis Ferguson,MID,Bologna FC,14000000,25,1999-08-24,181,1,3,3,270,0,0,0,0,0,0,0.0,0.0,0.0,sofascore.com,2026-07-19,Scotland,SCO,C,UEFA,39,1720,Steve Clarke,False,False,False,False,14000000.0,26.8,1.0,90.0,0,0,538461.5384615385,Developing(11-30),24-27,4811362.076923077,125095414,29.20384615384615,26,0.0,0.0,0,0.0,,,0.0,100.0,538461.5384615385,0.04,90.0,0,0,0.3138040782895858,-0.16626861635545157
306,12,Lawrence Shankland,FWD,Heart Of Midlothian FC,3000000,21,1995-08-10,185,7,2,2,172,0,0,0,0,0,0,0.0,0.0,0.0,sofascore.com,2026-07-19,Scotland,SCO,C,UEFA,39,1720,Steve Clarke,False,False,False,False,3000000.0,30.8,1.0,86.0,0,0,136363.63636363635,Developing(11-30),28-31,4811362.076923077,125095414,29.20384615384615,26,0.0,0.0,0,0.0,,,0.0,100.0,136363.63636363635,0.3333333333333333,86.0,0,0,0.48820923648478687,-0.9466227885729877
307,12,Craig Sinclair Gordon,GK,Heart Of Midlothian FC,50000,84,1982-12-31,193,0,0,0,0,0,0,0,0,0,0,0.0,0.0,0.0,Unverified/Unknown,2026-07-19,Scotland,SCO,C,UEFA,39,1720,Steve Clarke,False,False,False,False,136750.00000000003,43.4,0.0,0.0,0,0,588.2352941176471,Veteran(60+),32+,4811362.076923077,125095414,29.20384615384615,26,,,0,,,,,,588.2352941176471,0.0,0.0,0,3,-0.4891329530691724,-2.858134336250404
308,12,Nathan Kenneth Patterson,DEF,Everton FC,10000000,27,2001-10-16,183,1,3,2,185,0,0,0,0,0,0,0.0,0.0,0.0,sofascore.com,2026-07-19,Scotland,SCO,C,UEFA,39,1720,Steve Clarke,False,False,False,False,10000000.0,24.7,0.6666666666666666,61.666666666666664,0,0,357142.85714285716,Developing(11-30),24-27,4811362.076923077,125095414,29.20384615384615,26,0.0,0.0,0,0.0,,,0.0,66.66666666666666,357142.85714285716,0.037037037037037035,61.666666666666664,0,0,-0.4736055235402257,-0.0008330356019236455
309,12,Mc,MID,Norwich City FC,3172623,59,1992-01-08,183,3,3,1,116,0,0,1,0,0,0,0.0,0.0,0.0,sofascore.com,2026-07-19,Scotland,SCO,C,UEFA,39,1720,Steve Clarke,False,False,False,False,3172623.0,34.4,0.3333333333333333,38.666666666666664,0,1,52877.05,Established(31-60),32+,4811362.076923077,125095414,29.20384615384615,26,0.0,0.0,0,0.0,,,0.0,33.33333333333333,52877.05,0.05084745762711865,38.666666666666664,0,0,0.09262760516432843,-1.64371434292123
310,12,Anthony Ralston,DEF,Celtic FC,1500000,27,1998-11-16,178,1,2,0,10,0,0,0,0,0,0,0.0,0.0,0.0,sofascore.com,2026-07-19,Scotland,SCO,C,UEFA,39,1720,Steve Clarke,False,False,False,False,1500000.0,27.6,0.0,5.0,0,0,53571.42857142857,Developing(11-30),28-31,4811362.076923077,125095414,29.20384615384615,26,0.0,0.0,0,0.0,,,0.0,0.0,53571.42857142857,0.037037037037037035,5.0,0,3,-1.7838089236313466,-0.42562769321862703
311,12,Findlay Kenneth Curtis,FWD,Kilmarnock FC,2000000,4,2006-06-09,180,1,2,0,9,0,0,1,0,0,0,0.0,0.0,0.0,sofascore.com,2026-07-19,Scotland,SCO,C,UEFA,39,1720,Steve Clarke,False,False,False,False,2000000.0,20.0,0.0,4.5,0,1,400000.0,Rookie(<=10),U23,4811362.076923077,125095414,29.20384615384615,26,0.0,0.0,0,0.0,,,0.0,0.0,400000.0,0.25,4.5,0,3,-2.057371939482776,0.6636679350415305
312,12,Mc,DEF,GNK Dinamo Zagreb,7865734,50,1996-11-12,189,1,1,1,90,0,0,0,0,0,0,0.0,0.0,0.0,sofascore.com,2026-07-19,Scotland,SCO,C,UEFA,39,1720,Steve Clarke,False,False,False,False,7865734.0,29.6,1.0,90.0,0,0,154230.07843137256,Established(31-60),28-31,4811362.076923077,125095414,29.20384615384615,26,0.0,0.0,0,0.0,,,0.0,100.0,154230.07843137256,0.02,90.0,0,0,0.6812441102147536,-0.9270049552760002
313,13,Matthew Charles Turner,GK,New England Revolution,2500000,54,1994-06-24,190,0,1,1,90,0,0,0,0,0,0,0.0,4.0,3.0,sofascore.com,2026-07-19,USA,USA,D,CONCACAF,17,1850,Mauricio Pochettino,False,False,False,False,2500000.0,32.0,1.0,90.0,0,0,45454.545454545456,Established(31-60),32+,14569694.038461538,378812045,26.892307692307693,26,0.0,0.0,0,0.0,,57.14285714285714,0.0,100.0,45454.545454545456,0.0,90.0,0,0,0.8932253504900382,-1.0057750802787002
314,13,Sergiño Gianni Dest,DEF,PSV Eindhoven,18000000,40,2000-11-03,173,3,5,4,298,0,1,0,0,0,0,0.0,0.0,0.0,sofascore.com,2026-07-19,USA,USA,D,CONCACAF,17,1850,Mauricio Pochettino,False,False,False,False,18000000.0,25.6,0.8,59.6,1,0,439024.39024390245,Established(31-60),24-27,14569694.038461538,378812045,26.892307692307693,26,0.0,0.30201342281879195,1,0.30201342281879195,,,0.0,80.0,439024.39024390245,0.075,59.6,1,0,0.6555147297016376,0.7554191186363821
315,13,Christopher Jeffrey Richards,DEF,Crystal Palace FC,28000000,37,2000-03-28,189,3,4,4,360,0,0,1,0,0,0,0.0,0.0,0.0,sofascore.com,2026-07-19,USA,USA,D,CONCACAF,17,1850,Mauricio Pochettino,False,False,False,False,28000000.0,26.2,1.0,90.0,0,1,736842.1052631579,Established(31-60),24-27,14569694.038461538,378812045,26.892307692307693,26,0.0,0.0,0,0.0,,,0.0,100.0,736842.1052631579,0.08108108108108109,90.0,1,0,1.145372985835699,0.4106907353307711
316,13,Tyler Shaan Adams,MID,AFC Bournemouth,25000000,55,1999-02-14,175,2,4,4,342,0,0,1,0,0,0,0.0,0.0,0.0,sofascore.com,2026-07-19,USA,USA,D,CONCACAF,17,1850,Mauricio Pochettino,False,False,False,False,25000000.0,27.3,1.0,85.5,0,1,446428.5714285714,Established(31-60),28-31,14569694.038461538,378812045,26.892307692307693,26,0.0,0.0,0,0.0,,,0.0,100.0,446428.5714285714,0.03636363636363636,85.5,1,0,1.2923258661385921,0.022498020339901677
317,13,Antonee Robinson,DEF,Fulham FC,22000000,55,1997-08-08,183,5,4,4,350,0,0,1,0,0,0,0.0,0.0,0.0,sofascore.com,2026-07-19,USA,USA,D,CONCACAF,17,1850,Mauricio Pochettino,False,False,False,False,22000000.0,28.8,1.0,87.5,0,1,392857.14285714284,Established(31-60),28-31,14569694.038461538,378812045,26.892307692307693,26,0.0,0.0,0,0.0,,,0.0,100.0,392857.14285714284,0.09090909090909091,87.5,1,0,1.4578286089896024,-0.27428374354299817
318,13,Auston Levi-Jesaiah Trusty,DEF,Celtic FC,6000000,8,1998-08-12,190,0,2,1,100,1,0,0,0,0,0,0.0,0.0,0.0,sofascore.com,2026-07-19,USA,USA,D,CONCACAF,17,1850,Mauricio Pochettino,False,False,False,False,6000000.0,27.8,0.5,50.0,1,0,666666.6666666666,Rookie(<=10),28-31,14569694.038461538,378812045,26.892307692307693,26,0.9,0.0,1,0.9,100.0,,0.0,50.0,666666.6666666666,0.0,50.0,0,3,-0.3802050739690287,0.41961100250371414
319,13,Giovanni Alejandro Reyna,MID,Borussia Mönchengladbach,4000000,39,2002-11-13,187,10,5,1,131,1,0,0,0,0,0,0.0,0.0,0.0,sofascore.com,2026-07-19,USA,USA,D,CONCACAF,17,1850,Mauricio Pochettino,False,False,False,False,4000000.0,23.6,0.2,26.2,1,0,100000.0,Established(31-60),24-27,14569694.038461538,378812045,26.892307692307693,26,0.6870229007633587,0.0,1,0.6870229007633587,131.0,,0.0,20.0,100000.0,0.2564102564102564,26.2,0,3,-0.4495496927980219,0.357668555874579
320,13,Mc,MID,Juventus FC,12613979,67,1998-08-28,180,12,5,5,446,0,0,1,0,0,0,0.0,0.0,0.0,sofascore.com,2026-07-19,USA,USA,D,CONCACAF,17,1850,Mauricio Pochettino,False,True,False,False,12613979.0,27.8,1.0,89.2,0,1,185499.6911764706,Veteran(60+),28-31,14569694.038461538,378812045,26.892307692307693,26,0.0,0.0,0,0.0,,,0.0,100.0,185499.6911764706,0.1791044776119403,89.2,0,0,1.7266035702952403,-0.665107683765025
321,13,Ricardo Daniel Pepi,FWD,PSV Eindhoven,30000000,38,2003-01-09,185,13,5,2,203,0,0,0,0,0,0,0.0,0.0,0.0,sofascore.com,2026-07-19,USA,USA,D,CONCACAF,17,1850,Mauricio Pochettino,False,True,False,False,30000000.0,23.4,0.4,40.6,0,0,769230.7692307692,Established(31-60),24-27,14569694.038461538,378812045,26.892307692307693,26,0.0,0.0,0,0.0,,,0.0,40.0,769230.7692307692,0.34210526315789475,40.6,1,3,-0.145775839177049,0.7347414551114912
322,13,Christian Mate Pulisic,FWD,AC Milan,40000000,87,1998-09-18,177,33,4,3,224,0,1,0,0,0,0,0.0,0.0,0.0,sofascore.com,2026-07-19,USA,USA,D,CONCACAF,17,1850,Mauricio Pochettino,False,True,False,False,40000000.0,27.7,0.75,56.0,1,0,454545.45454545453,Veteran(60+),28-31,14569694.038461538,378812045,26.892307692307693,26,0.0,0.40178571428571425,1,0.40178571428571425,,,0.0,75.0,454545.45454545453,0.3793103448275862,56.0,1,2,2.5046141144921537,0.049748839065602186
323,13,Brenden Russell Aaronson,FWD,Leeds United FC,22000000,58,2000-10-22,177,9,1,1,76,0,0,0,0,0,0,0.0,0.0,0.0,sofascore.com,2026-07-19,USA,USA,D,CONCACAF,17,1850,Mauricio Pochettino,False,False,False,False,22000000.0,25.6,1.0,76.0,0,0,372881.3559322034,Established(31-60),24-27,14569694.038461538,378812045,26.892307692307693,26,0.0,0.0,0,0.0,,,0.0,100.0,372881.3559322034,0.15517241379310345,76.0,1,0,0.9957036037018745,0.026195529297281007
324,13,Miles Gordon Robinson,DEF,FC Cincinnatti,3500000,40,1997-03-14,187,3,1,1,90,0,0,0,0,0,0,0.0,0.0,0.0,sofascore.com,2026-07-19,USA,USA,D,CONCACAF,17,1850,Mauricio Pochettino,False,False,False,False,3500000.0,29.2,1.0,90.0,0,0,85365.85365853658,Established(31-60),28-31,14569694.038461538,378812045,26.892307692307693,26,0.0,0.0,0,0.0,,,0.0,100.0,85365.85365853658,0.075,90.0,0,0,0.7111031408652281,-0.556370827870066
325,13,Timothy Michael Ream,DEF,Charlotte FC,150000,83,1987-10-05,186,1,4,4,360,0,0,0,0,0,0,0.0,0.0,0.0,sofascore.com,2026-07-19,USA,USA,D,CONCACAF,17,1850,Mauricio Pochettino,False,False,False,False,150000.0,38.7,1.0,90.0,0,0,1785.7142857142858,Veteran(60+),32+,14569694.038461538,378812045,26.892307692307693,26,0.0,0.0,0,0.0,,,0.0,100.0,1785.7142857142858,0.012048192771084338,90.0,0,0,1.5589527513602706,-2.165240823637379
326,13,Sebastian Matthew Berhalter,MID,Vancouver Whitecaps FC,8000000,14,2001-05-10,175,1,5,1,184,1,1,1,0,0,0,0.0,0.0,0.0,sofascore.com,2026-07-19,USA,USA,D,CONCACAF,17,1850,Mauricio Pochettino,False,False,False,False,8000000.0,25.1,0.2,36.8,2,1,533333.3333333334,Developing(11-30),24-27,14569694.038461538,378812045,26.892307692307693,26,0.4891304347826087,0.4891304347826087,2,0.9782608695652174,184.0,,0.0,20.0,533333.3333333334,0.07142857142857142,36.8,0,3,0.05210085284358549,1.1784169010998988
327,13,Cristian Roldan,MID,Seattle Sounders FC,3500000,47,1995-06-03,173,0,0,0,0,0,0,0,0,0,0,0.0,0.0,0.0,Unverified/Unknown,2026-07-19,USA,USA,D,CONCACAF,17,1850,Mauricio Pochettino,False,False,False,False,3500000.0,31.0,0.0,0.0,0,0,72916.66666666667,Established(31-60),28-31,14569694.038461538,378812045,26.892307692307693,26,,,0,,,,,,72916.66666666667,0.0,0.0,0,3,-1.3171419229880976,-0.6059491044390825
328,13,Alexander Michael Freeman,DEF,Villarreal CF,3500000,18,2004-08-09,188,2,5,4,374,1,1,0,0,0,0,0.0,0.0,0.0,sofascore.com,2026-07-19,USA,USA,D,CONCACAF,17,1850,Mauricio Pochettino,False,False,False,False,3500000.0,21.8,0.8,74.8,2,0,184210.52631578947,Developing(11-30),U23,14569694.038461538,378812045,26.892307692307693,26,0.24064171122994651,0.24064171122994651,2,0.48128342245989303,374.0,,0.0,80.0,184210.52631578947,0.1111111111111111,74.8,0,0,0.6440960154873571,1.307561380998655
329,13,Malik Leon Tillman,MID,Bayer 04 Leverkusen,30000000,31,2002-05-28,187,3,5,4,356,2,2,1,0,0,0,0.0,0.0,0.0,sofascore.com,2026-07-19,USA,USA,D,CONCACAF,17,1850,Mauricio Pochettino,False,False,False,False,30000000.0,24.0,0.8,71.2,4,1,937500.0,Established(31-60),24-27,14569694.038461538,378812045,26.892307692307693,26,0.5056179775280899,0.5056179775280899,4,1.0112359550561798,178.0,,0.0,80.0,937500.0,0.0967741935483871,71.2,1,1,2.4699559323189644,2.2842885523488765
330,13,Maximilian Michael Arfsten,DEF,Columbus Crew,5000000,20,2001-04-19,185,1,1,0,1,0,0,0,0,0,0,0.0,0.0,0.0,sofascore.com,2026-07-19,USA,USA,D,CONCACAF,17,1850,Mauricio Pochettino,False,False,False,False,5000000.0,25.1,0.0,1.0,0,0,238095.2380952381,Developing(11-30),24-27,14569694.038461538,378812045,26.892307692307693,26,0.0,0.0,0,0.0,,,0.0,0.0,238095.2380952381,0.05,1.0,0,3,-1.849236225352551,0.38476344250369643
331,13,Haji Amir Wright,FWD,Coventry City FC,16000000,20,1998-03-27,191,7,2,0,2,0,0,0,0,0,0,0.0,0.0,0.0,sofascore.com,2026-07-19,USA,USA,D,CONCACAF,17,1850,Mauricio Pochettino,False,False,False,False,16000000.0,28.2,0.0,1.0,0,0,761904.7619047619,Developing(11-30),28-31,14569694.038461538,378812045,26.892307692307693,26,0.0,0.0,0,0.0,,,0.0,0.0,761904.7619047619,0.35,1.0,0,3,-1.3865429640070175,0.22437194346316772
332,13,Folarin Jolaoluwa Balogun,FWD,AS Monaco,40000000,28,2001-07-03,179,11,4,4,316,3,0,1,1,0,0,0.0,0.0,0.0,sofascore.com,2026-07-19,USA,USA,D,CONCACAF,17,1850,Mauricio Pochettino,False,True,False,False,40000000.0,24.9,1.0,79.0,3,4,1379310.3448275863,Developing(11-30),24-27,14569694.038461538,378812045,26.892307692307693,26,0.8544303797468354,0.0,3,0.8544303797468354,105.33333333333333,,0.0,100.0,1379310.3448275863,0.39285714285714285,79.0,1,1,3.563103342435398,1.4795655364389593
333,13,Timothy Tarpeh Weah,FWD,Olympique Marseille,20000000,52,2000-02-22,183,7,2,1,76,0,0,0,0,0,0,0.0,0.0,0.0,sofascore.com,2026-07-19,USA,USA,D,CONCACAF,17,1850,Mauricio Pochettino,False,False,False,False,20000000.0,26.3,0.5,38.0,0,0,377358.4905660377,Established(31-60),24-27,14569694.038461538,378812045,26.892307692307693,26,0.0,0.0,0,0.0,,,0.0,50.0,377358.4905660377,0.1346153846153846,38.0,1,3,-0.09399670950672036,0.08409356465014534
334,13,Mc,DEF,Toulouse FC,20375657,29,1999-02-25,186,0,1,1,90,0,0,0,0,0,0,0.0,0.0,0.0,sofascore.com,2026-07-19,USA,USA,D,CONCACAF,17,1850,Mauricio Pochettino,False,False,False,False,20375657.0,27.3,1.0,90.0,0,0,679188.5666666667,Developing(11-30),28-31,14569694.038461538,378812045,26.892307692307693,26,0.0,0.0,0,0.0,,,0.0,100.0,679188.5666666667,0.0,90.0,1,0,0.5630088309684458,0.2704356247110501
335,13,Joseph Michael Scally,DEF,Borussia Mönchengladbach,7000000,26,2002-12-31,184,0,2,1,86,0,0,0,0,0,0,0.0,0.0,0.0,sofascore.com,2026-07-19,USA,USA,D,CONCACAF,17,1850,Mauricio Pochettino,False,False,False,False,7000000.0,23.4,0.5,43.0,0,0,259259.25925925927,Developing(11-30),24-27,14569694.038461538,378812045,26.892307692307693,26,0.0,0.0,0,0.0,,,0.0,50.0,259259.25925925927,0.0,43.0,0,3,-0.8585970618181241,0.4847333652471871
336,13,Matthew Andrew Geary Freese,GK,New York City FC,2000000,16,1998-09-02,198,0,4,4,360,0,0,0,0,0,0,2.0,8.0,5.0,sofascore.com,2026-07-19,USA,USA,D,CONCACAF,17,1850,Mauricio Pochettino,False,False,False,False,2000000.0,27.8,1.0,90.0,0,0,117647.05882352941,Developing(11-30),28-31,14569694.038461538,378812045,26.892307692307693,26,0.0,0.0,0,0.0,,61.53846153846154,50.0,100.0,117647.05882352941,0.0,90.0,0,0,0.23471447581809288,-0.11027460725332051
337,13,Christopher Keith Brady,GK,Chicago Fire FC,2500000,1,2004-03-03,193,0,0,0,0,0,0,0,0,0,0,0.0,0.0,0.0,Unverified/Unknown,2026-07-19,USA,USA,D,CONCACAF,17,1850,Mauricio Pochettino,False,False,False,False,2500000.0,22.3,0.0,0.0,0,0,1250000.0,Rookie(<=10),U23,14569694.038461538,378812045,26.892307692307693,26,,,0,,,,,,1250000.0,0.0,0.0,0,3,-2.2807358683796592,0.8697576029166257
338,13,Alejandro Zendejas,FWD,Club América,7172409,14,1998-02-07,167,2,1,0,14,0,0,0,0,0,0,0.0,0.0,0.0,sofascore.com,2026-07-19,USA,USA,D,CONCACAF,17,1850,Mauricio Pochettino,False,False,False,False,7172409.0,28.3,0.0,14.0,0,0,478160.6,Developing(11-30),28-31,14569694.038461538,378812045,26.892307692307693,26,0.0,0.0,0,0.0,,,0.0,0.0,478160.6,0.14285714285714285,14.0,0,3,-1.558344488582381,0.12616999518559033
339,14,Roberto Junior Fernandez,GK,Cerro Porteño,2877652,30,1988-03-29,191,0,0,0,0,0,0,0,0,0,0,0.0,0.0,0.0,Unverified/Unknown,2026-07-19,Paraguay,PAR,D,CONMEBOL,54,1725,Gustavo Alfaro,False,False,False,False,2877652.0,38.2,0.0,0.0,0,0,92827.48387096774,Developing(11-30),32+,5218604.846153846,135683726,29.003846153846155,26,,,0,,,,,,92827.48387096774,0.0,0.0,0,3,-1.348778127754134,-1.567829083628369
340,14,Victor Gustavo Velazquez,DEF,Cerro Porteño,4446693,14,1991-04-17,189,1,4,1,153,0,0,0,0,0,0,0.0,0.0,0.0,sofascore.com,2026-07-19,Paraguay,PAR,D,CONMEBOL,54,1725,Gustavo Alfaro,False,False,False,False,4446693.0,35.2,0.25,38.25,0,0,296446.2,Developing(11-30),32+,5218604.846153846,135683726,29.003846153846155,26,0.0,0.0,0,0.0,,,0.0,25.0,296446.2,0.07142857142857142,38.25,0,3,-0.9077419597325942,-1.084604865239795
341,14,Omar Federico Alderete,DEF,Sunderland AFC,5552187,37,1996-12-26,190,3,4,4,354,0,0,0,0,0,0,0.0,0.0,0.0,sofascore.com,2026-07-19,Paraguay,PAR,D,CONMEBOL,54,1725,Gustavo Alfaro,False,False,False,False,5552187.0,29.5,1.0,88.5,0,0,146110.18421052632,Established(31-60),28-31,5218604.846153846,135683726,29.003846153846155,26,0.0,0.0,0,0.0,,,0.0,100.0,146110.18421052632,0.08108108108108109,88.5,0,0,0.5499955667927074,-0.8432778172687784
342,14,Juan Jose Caceres,DEF,FC Dynamo Moscow,5000000,18,2000-06-01,187,0,5,5,439,0,0,1,0,0,0,0.0,0.0,0.0,sofascore.com,2026-07-19,Paraguay,PAR,D,CONMEBOL,54,1725,Gustavo Alfaro,False,False,False,False,5000000.0,26.0,1.0,87.8,0,1,263157.8947368421,Developing(11-30),24-27,5218604.846153846,135683726,29.003846153846155,26,0.0,0.0,0,0.0,,,0.0,100.0,263157.8947368421,0.0,87.8,0,0,0.3915646481660864,-0.23283926812301114
343,14,Fabián Cornelio Balbuena,DEF,Grêmio FBPA,3158476,47,1991-08-23,188,2,1,0,1,0,0,0,0,0,0,0.0,0.0,0.0,sofascore.com,2026-07-19,Paraguay,PAR,D,CONMEBOL,54,1725,Gustavo Alfaro,False,False,False,False,3158476.0,34.8,0.0,1.0,0,0,65801.58333333333,Established(31-60),32+,5218604.846153846,135683726,29.003846153846155,26,0.0,0.0,0,0.0,,,0.0,0.0,65801.58333333333,0.0425531914893617,1.0,0,3,-1.208454603985343,-1.414749960032267
344,14,Júnior Osmar Ignacio Alonso,DEF,Atlético Mineiro,4302887,72,1993-02-09,184,3,4,3,301,0,0,2,0,0,0,0.0,0.0,0.0,sofascore.com,2026-07-19,Paraguay,PAR,D,CONMEBOL,54,1725,Gustavo Alfaro,False,False,False,False,4302887.0,33.3,0.75,75.25,0,2,58943.65753424657,Veteran(60+),32+,5218604.846153846,135683726,29.003846153846155,26,0.0,0.0,0,0.0,,,0.0,75.0,58943.65753424657,0.041666666666666664,75.25,0,0,1.429080663641667,-1.740432770380877
345,14,Ramón Sosa,MID,SE Palmeiras,6694280,30,1999-08-31,178,1,2,1,101,0,0,0,0,0,0,0.0,0.0,0.0,sofascore.com,2026-07-19,Paraguay,PAR,D,CONMEBOL,54,1725,Gustavo Alfaro,False,False,False,False,6694280.0,26.8,0.5,50.5,0,0,215944.51612903227,Developing(11-30),24-27,5218604.846153846,135683726,29.003846153846155,26,0.0,0.0,0,0.0,,,0.0,50.0,215944.51612903227,0.03333333333333333,50.5,0,0,-0.6717885313816846,-0.3144064603594218
346,14,Diego Alexander Gomez,MID,Brighton & Hove Albion FC,5416942,25,2003-03-27,183,3,3,3,236,0,0,2,0,0,0,0.0,0.0,0.0,sofascore.com,2026-07-19,Paraguay,PAR,D,CONMEBOL,54,1725,Gustavo Alfaro,False,False,False,False,5416942.0,23.2,1.0,78.66666666666667,0,2,208343.92307692306,Developing(11-30),24-27,5218604.846153846,135683726,29.003846153846155,26,0.0,0.0,0,0.0,,,0.0,100.0,208343.92307692306,0.12,78.66666666666667,0,0,0.6955442849054003,-0.07027239965291779
347,14,Arnaldo Antonio Sanabria,FWD,US Cremonese,4145033,49,1996-03-04,180,7,2,1,83,0,0,0,0,0,0,0.0,0.0,0.0,sofascore.com,2026-07-19,Paraguay,PAR,D,CONMEBOL,54,1725,Gustavo Alfaro,False,False,False,False,4145033.0,30.3,0.5,41.5,0,0,82900.66,Established(31-60),28-31,5218604.846153846,135683726,29.003846153846155,26,0.0,0.0,0,0.0,,,0.0,50.0,82900.66,0.14285714285714285,41.5,0,0,-0.2131082782036788,-1.0828117245434616
348,14,Miguel Angel Almiron,MID,Atlanta United FC,7309787,77,1994-02-10,178,10,4,4,350,0,0,1,1,0,0,0.0,0.0,0.0,sofascore.com,2026-07-19,Paraguay,PAR,D,CONMEBOL,54,1725,Gustavo Alfaro,False,False,False,False,7309787.0,32.3,1.0,87.5,0,4,93715.21794871795,Veteran(60+),32+,5218604.846153846,135683726,29.003846153846155,26,0.0,0.0,0,0.0,,,0.0,100.0,93715.21794871795,0.12987012987012986,87.5,0,0,2.8141350743166287,-1.8353366027417821
349,14,Mauricio Mauricio,MID,SE Palmeiras,4506196,4,2001-06-22,175,1,3,0,151,1,0,0,0,0,0,0.0,0.0,0.0,sofascore.com,2026-07-19,Paraguay,PAR,D,CONMEBOL,54,1725,Gustavo Alfaro,False,False,False,False,4506196.0,25.0,0.0,50.333333333333336,1,0,901239.2,Rookie(<=10),24-27,5218604.846153846,135683726,29.003846153846155,26,0.5960264900662252,0.0,1,0.5960264900662252,151.0,,0.0,0.0,901239.2,0.25,50.333333333333336,0,3,-1.1523234739399166,0.4272573383200687
350,14,Orlando Daniel Gill,GK,CA San Lorenzo,7417578,7,2000-06-11,190,0,5,5,480,0,0,0,0,0,0,2.0,29.0,6.0,sofascore.com,2026-07-19,Paraguay,PAR,D,CONMEBOL,54,1725,Gustavo Alfaro,False,False,False,False,7417578.0,26.0,1.0,96.0,0,0,927197.25,Rookie(<=10),24-27,5218604.846153846,135683726,29.003846153846155,26,0.0,0.0,0,0.0,,82.85714285714286,40.0,100.0,927197.25,0.0,96.0,0,0,0.03519180601771588,-0.01380352893811418
351,14,Jose Maria Canale,DEF,CA Lanús,7223563,2,1996-07-20,192,0,4,2,217,0,0,0,0,0,0,0.0,0.0,0.0,sofascore.com,2026-07-19,Paraguay,PAR,D,CONMEBOL,54,1725,Gustavo Alfaro,False,False,False,False,7223563.0,29.9,0.5,54.25,0,0,2407854.3333333335,Rookie(<=10),28-31,5218604.846153846,135683726,29.003846153846155,26,0.0,0.0,0,0.0,,,0.0,50.0,2407854.3333333335,0.0,54.25,0,3,-0.8572544423754557,-0.3065502215699475
352,14,Adrián Andrés Cubas,MID,Vancouver Whitecaps FC,4500000,34,1996-05-11,166,0,4,4,390,0,0,1,0,0,0,0.0,0.0,0.0,sofascore.com,2026-07-19,Paraguay,PAR,D,CONMEBOL,54,1725,Gustavo Alfaro,False,False,False,False,4500000.0,30.1,1.0,97.5,0,1,128571.42857142857,Established(31-60),28-31,5218604.846153846,135683726,29.003846153846155,26,0.0,0.0,0,0.0,,,0.0,100.0,128571.42857142857,0.0,97.5,0,0,0.8878282332040168,-0.8965085743276594
353,14,Gustavo Raul Gomez,DEF,SE Palmeiras,2612757,90,1993-05-06,179,4,4,4,390,0,0,0,0,0,0,0.0,0.0,0.0,sofascore.com,2026-07-19,Paraguay,PAR,D,CONMEBOL,54,1725,Gustavo Alfaro,False,False,False,False,2612757.0,33.1,1.0,97.5,0,0,28711.615384615383,Veteran(60+),32+,5218604.846153846,135683726,29.003846153846155,26,0.0,0.0,0,0.0,,,0.0,100.0,28711.615384615383,0.044444444444444446,97.5,0,0,1.47686498702322,-1.9607400266891692
354,14,Damián Josue Bobadilla,MID,São Paulo FC,3318143,20,2001-07-11,180,1,4,2,190,1,0,0,0,0,0,0.0,0.0,0.0,sofascore.com,2026-07-19,Paraguay,PAR,D,CONMEBOL,54,1725,Gustavo Alfaro,False,False,False,False,3318143.0,24.9,0.5,47.5,1,0,158006.80952380953,Developing(11-30),24-27,5218604.846153846,135683726,29.003846153846155,26,0.47368421052631576,0.0,1,0.47368421052631576,190.0,,0.0,50.0,158006.80952380953,0.05,47.5,0,3,-0.5286896506234537,0.17551055402469531
355,14,Alejandro Sebastian Romero Gamarra,FWD,Al Ain FC,3500000,35,1995-01-11,165,6,1,0,11,0,0,0,0,0,0,0.0,0.0,0.0,sofascore.com,2026-07-19,Paraguay,PAR,D,CONMEBOL,54,1725,Gustavo Alfaro,False,False,False,False,3500000.0,31.4,0.0,11.0,0,0,97222.22222222222,Established(31-60),32+,5218604.846153846,135683726,29.003846153846155,26,0.0,0.0,0,0.0,,,0.0,0.0,97222.22222222222,0.17142857142857143,11.0,0,3,-1.2396369086345689,-0.965092461363291
356,14,Alex Adrian Arce,FWD,CS Independiente Rivadavia,5962068,16,1995-06-16,188,1,3,1,141,0,0,1,0,0,0,0.0,0.0,0.0,sofascore.com,2026-07-19,Paraguay,PAR,D,CONMEBOL,54,1725,Gustavo Alfaro,False,False,False,False,5962068.0,31.0,0.3333333333333333,47.0,0,1,350709.8823529412,Developing(11-30),28-31,5218604.846153846,135683726,29.003846153846155,26,0.0,0.0,0,0.0,,,0.0,33.33333333333333,350709.8823529412,0.0625,47.0,0,0,-0.5161662787580537,-0.6542008068391351
357,14,Julio Cesar Enciso,FWD,RC Strasbourg,3137207,33,2004-01-23,168,4,4,4,327,1,2,0,0,0,0,0.0,0.0,0.0,sofascore.com,2026-07-19,Paraguay,PAR,D,CONMEBOL,54,1725,Gustavo Alfaro,False,False,False,False,3137207.0,22.4,1.0,81.75,3,0,92270.79411764706,Established(31-60),U23,5218604.846153846,135683726,29.003846153846155,26,0.27522935779816515,0.5504587155963303,3,0.8256880733944955,327.0,,0.0,100.0,92270.79411764706,0.12121212121212122,81.75,0,1,1.587580739161194,1.1425565125655568
358,14,Braian Oscar Ojeda,MID,Orlando City SC,6658672,17,2000-06-27,173,0,1,0,21,0,0,0,0,0,0,0.0,0.0,0.0,sofascore.com,2026-07-19,Paraguay,PAR,D,CONMEBOL,54,1725,Gustavo Alfaro,False,False,False,False,6658672.0,26.0,0.0,21.0,0,0,369926.22222222225,Developing(11-30),24-27,5218604.846153846,135683726,29.003846153846155,26,0.0,0.0,0,0.0,,,0.0,0.0,369926.22222222225,0.0,21.0,0,3,-1.7524779351107784,0.01774571831457097
359,14,Gabriel Avalos,FWD,CA Independiente,2585416,23,1991-07-09,185,2,3,2,123,0,0,0,0,0,0,0.0,0.0,0.0,sofascore.com,2026-07-19,Paraguay,PAR,D,CONMEBOL,54,1725,Gustavo Alfaro,False,False,False,False,2585416.0,34.9,0.6666666666666666,41.0,0,0,107725.66666666667,Developing(11-30),32+,5218604.846153846,135683726,29.003846153846155,26,0.0,0.0,0,0.0,,,0.0,66.66666666666666,107725.66666666667,0.08695652173913043,41.0,0,0,-0.3609289276765944,-1.2641059015193545
360,14,Gastón Hernán Olveira,GK,Club Olimpia,7598750,1,1993-04-21,191,0,0,0,0,0,0,0,0,0,0,0.0,0.0,0.0,Unverified/Unknown,2026-07-19,Paraguay,PAR,D,CONMEBOL,54,1725,Gustavo Alfaro,False,False,False,False,7598750.0,33.1,0.0,0.0,0,0,3799375.0,Rookie(<=10),32+,5218604.846153846,135683726,29.003846153846155,26,,,0,,,,,,3799375.0,0.0,0.0,0,3,-1.8831423065389084,-0.5415757793576608
361,14,Matias Galarza,MID,Atlanta United FC,7556755,15,2002-02-11,175,3,4,4,390,1,1,2,0,0,0,0.0,0.0,0.0,sofascore.com,2026-07-19,Paraguay,PAR,D,CONMEBOL,54,1725,Gustavo Alfaro,False,False,False,False,7556755.0,24.3,1.0,97.5,2,2,472297.1875,Developing(11-30),24-27,5218604.846153846,135683726,29.003846153846155,26,0.23076923076923078,0.23076923076923078,2,0.46153846153846156,390.0,,0.0,100.0,472297.1875,0.2,97.5,0,0,1.833296718398903,0.6968130969994875
362,14,Gustavo Ruben Caballero,MID,Portsmouth FC,6673780,2,2001-09-21,189,1,2,1,155,0,0,0,0,0,0,0.0,0.0,0.0,sofascore.com,2026-07-19,Paraguay,PAR,D,CONMEBOL,54,1725,Gustavo Alfaro,False,False,False,False,6673780.0,24.7,0.5,77.5,0,0,2224593.3333333335,Rookie(<=10),24-27,5218604.846153846,135683726,29.003846153846155,26,0.0,0.0,0,0.0,,,0.0,50.0,2224593.3333333335,0.5,77.5,0,0,-0.7698690442435295,0.21872450785386519
363,14,Isidro Miguel Pitta,FWD,Red Bull Bragantino,6753451,5,1999-08-14,185,0,2,2,136,0,0,0,0,0,0,0.0,0.0,0.0,sofascore.com,2026-07-19,Paraguay,PAR,D,CONMEBOL,54,1725,Gustavo Alfaro,False,False,False,False,6753451.0,26.8,1.0,68.0,0,0,1125575.1666666667,Rookie(<=10),24-27,5218604.846153846,135683726,29.003846153846155,26,0.0,0.0,0,0.0,,,0.0,100.0,1125575.1666666667,0.0,68.0,0,0,-0.3116812923097373,-0.07060432619442178
364,14,Alexandro Maidana,DEF,CA Talleres,6775453,2,2005-07-26,173,1,3,2,145,0,0,0,0,0,0,0.0,0.0,0.0,sofascore.com,2026-07-19,Paraguay,PAR,D,CONMEBOL,54,1725,Gustavo Alfaro,False,False,False,False,6775453.0,20.9,0.6666666666666666,48.333333333333336,0,0,2258484.3333333335,Rookie(<=10),U23,5218604.846153846,135683726,29.003846153846155,26,0.0,0.0,0,0.0,,,0.0,66.66666666666666,2258484.3333333335,0.5,48.333333333333336,0,3,-1.145315015136552,0.6546652407177869
365,15,Mathew David Ryan,GK,Levante UD,1800000,104,1992-04-08,184,0,1,0,1,0,0,0,0,0,0,0.0,0.0,0.0,sofascore.com,2026-07-19,Australia,AUS,D,AFC,27,1790,Tony Popovic,False,False,False,False,1800000.0,34.2,0.0,1.0,0,0,17142.85714285714,Veteran(60+),32+,3078418.9615384615,80038893,27.353846153846156,26,0.0,0.0,0,0.0,,,0.0,0.0,17142.85714285714,0.0,1.0,0,3,-0.548994320580917,-1.8336893411678885
366,15,Milos Degenek,DEF,APOEL FC,450000,57,1994-04-28,187,1,0,0,0,0,0,0,0,0,0,0.0,0.0,0.0,Unverified/Unknown,2026-07-19,Australia,AUS,D,AFC,27,1790,Tony Popovic,False,False,False,False,450000.0,32.1,0.0,0.0,0,0,7758.620689655172,Established(31-60),32+,3078418.9615384615,80038893,27.353846153846156,26,,,0,,,,,,7758.620689655172,0.017543859649122806,0.0,0,3,-1.2099261693778405,-1.1049301069330357
367,15,Alessandro Circati,DEF,Parma,12000000,14,2003-10-10,191,1,4,4,390,0,0,1,0,0,0,0.0,0.0,0.0,sofascore.com,2026-07-19,Australia,AUS,D,AFC,27,1790,Tony Popovic,False,False,False,False,12000000.0,22.7,1.0,97.5,0,1,800000.0,Developing(11-30),U23,3078418.9615384615,80038893,27.353846153846156,26,0.0,0.0,0,0.0,,,0.0,100.0,800000.0,0.07142857142857142,97.5,0,0,0.49710976375845606,0.5143721209486702
368,15,Jacob Michael Italiano,DEF,Grazer AK,600000,6,2001-07-30,177,0,2,2,164,0,0,1,0,0,0,0.0,0.0,0.0,sofascore.com,2026-07-19,Australia,AUS,D,AFC,27,1790,Tony Popovic,False,False,False,False,600000.0,24.9,1.0,82.0,0,1,85714.28571428571,Rookie(<=10),24-27,3078418.9615384615,80038893,27.353846153846156,26,0.0,0.0,0,0.0,,,0.0,100.0,85714.28571428571,0.0,82.0,0,0,0.14976504641904273,0.0986264243264226
369,15,Jordan Jacob Bos,DEF,Feyenoord Rotterdam,12000000,28,2002-10-29,180,4,4,4,309,0,0,1,0,0,0,0.0,0.0,0.0,sofascore.com,2026-07-19,Australia,AUS,D,AFC,27,1790,Tony Popovic,False,False,False,False,12000000.0,23.6,1.0,77.25,0,1,413793.1034482759,Developing(11-30),24-27,3078418.9615384615,80038893,27.353846153846156,26,0.0,0.0,0,0.0,,,0.0,100.0,413793.1034482759,0.14285714285714285,77.25,0,0,0.558962829300853,0.22006265982907924
370,15,Jason Kato Geria,DEF,Albirex Niigata,350000,15,1993-05-10,181,0,2,0,60,0,0,0,0,0,0,0.0,0.0,0.0,sofascore.com,2026-07-19,Australia,AUS,D,AFC,27,1790,Tony Popovic,False,False,False,False,350000.0,33.1,0.0,30.0,0,0,21875.0,Developing(11-30),32+,3078418.9615384615,80038893,27.353846153846156,26,0.0,0.0,0,0.0,,,0.0,0.0,21875.0,0.0,30.0,0,3,-1.3380195827259362,-0.741719711185333
371,15,Mathew Allan Leckie,FWD,Melbourne City FC,300000,81,1991-02-04,181,14,1,1,61,0,0,0,0,0,0,0.0,0.0,0.0,sofascore.com,2026-07-19,Australia,AUS,D,AFC,27,1790,Tony Popovic,False,True,False,False,300000.0,35.3,1.0,61.0,0,0,3658.5365853658536,Veteran(60+),32+,3078418.9615384615,80038893,27.353846153846156,26,0.0,0.0,0,0.0,,,0.0,100.0,3658.5365853658536,0.1728395061728395,61.0,0,0,1.404292142418592,-2.1163857393825833
372,15,Connor Isaac Metcalfe,MID,FC St. Pauli,1500000,37,1999-11-05,183,2,4,3,315,1,0,0,0,0,0,0.0,0.0,0.0,sofascore.com,2026-07-19,Australia,AUS,D,AFC,27,1790,Tony Popovic,False,False,False,False,1500000.0,26.6,0.75,78.75,1,0,39473.68421052631,Established(31-60),24-27,3078418.9615384615,80038893,27.353846153846156,26,0.2857142857142857,0.0,1,0.2857142857142857,315.0,,0.0,75.0,39473.68421052631,0.05405405405405406,78.75,0,0,0.47678992777717594,-0.15008792239462165
373,15,Mohamed Toure,FWD,Norwich City FC,4015299,11,2004-03-26,186,2,3,2,166,0,0,0,0,0,0,0.0,0.0,0.0,sofascore.com,2026-07-19,Australia,AUS,D,AFC,27,1790,Tony Popovic,False,False,False,False,4015299.0,22.2,0.6666666666666666,55.333333333333336,0,0,334608.25,Developing(11-30),U23,3078418.9615384615,80038893,27.353846153846156,26,0.0,0.0,0,0.0,,,0.0,66.66666666666666,334608.25,0.18181818181818182,55.333333333333336,0,0,-0.8099994718965166,0.48906913330877255
374,15,Ajdin Hrustic,FWD,SC Heracles Almelo,600000,37,1996-07-05,180,3,2,0,78,0,0,0,0,0,0,0.0,0.0,0.0,sofascore.com,2026-07-19,Australia,AUS,D,AFC,27,1790,Tony Popovic,False,False,False,False,600000.0,29.9,0.0,39.0,0,0,15789.473684210527,Established(31-60),28-31,3078418.9615384615,80038893,27.353846153846156,26,0.0,0.0,0,0.0,,,0.0,0.0,15789.473684210527,0.08108108108108109,39.0,0,3,-0.9927009668708243,-0.6940451841488373
375,15,Awer Bul Mabil,FWD,CD Castellón,1300000,38,1995-09-15,178,10,1,0,29,0,0,0,0,0,0,0.0,0.0,0.0,sofascore.com,2026-07-19,Australia,AUS,D,AFC,27,1790,Tony Popovic,False,False,False,False,1300000.0,30.7,0.0,29.0,0,0,33333.333333333336,Established(31-60),28-31,3078418.9615384615,80038893,27.353846153846156,26,0.0,0.0,0,0.0,,,0.0,0.0,33333.333333333336,0.2631578947368421,29.0,0,3,-0.8192290737150235,-0.8848270112579527
376,15,Paul David Izzo,GK,Randers FC,500000,4,1995-01-06,184,0,0,0,0,0,0,0,0,0,0,0.0,0.0,0.0,Unverified/Unknown,2026-07-19,Australia,AUS,D,AFC,27,1790,Tony Popovic,False,False,False,False,500000.0,31.4,0.0,0.0,0,0,100000.0,Rookie(<=10),32+,3078418.9615384615,80038893,27.353846153846156,26,,,0,,,,,,100000.0,0.0,0.0,0,3,-1.9238028408882577,-0.39308134250134436
377,15,Aiden Connor Oneill,MID,New York City FC,6273594,32,1998-07-04,180,0,4,4,361,0,0,0,0,0,0,0.0,0.0,0.0,sofascore.com,2026-07-19,Australia,AUS,D,AFC,27,1790,Tony Popovic,False,False,False,False,6273594.0,27.9,1.0,90.25,0,0,190108.9090909091,Established(31-60),28-31,3078418.9615384615,80038893,27.353846153846156,26,0.0,0.0,0,0.0,,,0.0,100.0,190108.9090909091,0.0,90.25,0,0,0.4151865095817259,-0.36145573110763324
378,15,Cameron Peter Devlin,MID,Heart Of Midlothian FC,2000000,5,1998-06-07,170,0,0,0,0,0,0,0,0,0,0,0.0,0.0,0.0,Unverified/Unknown,2026-07-19,Australia,AUS,D,AFC,27,1790,Tony Popovic,False,False,False,False,2000000.0,28.0,0.0,0.0,0,0,333333.3333333333,Rookie(<=10),28-31,3078418.9615384615,80038893,27.353846153846156,26,,,0,,,,,,333333.3333333333,0.0,0.0,0,3,-2.0485624203787998,0.012093942532039074
379,15,Kai Clifton Trewin,DEF,New York City FC,1800000,6,2001-05-18,183,0,1,0,74,0,0,0,0,0,0,0.0,0.0,0.0,sofascore.com,2026-07-19,Australia,AUS,D,AFC,27,1790,Tony Popovic,False,False,False,False,1800000.0,25.1,0.0,74.0,0,0,257142.85714285713,Rookie(<=10),24-27,3078418.9615384615,80038893,27.353846153846156,26,0.0,0.0,0,0.0,,,0.0,0.0,257142.85714285713,0.0,74.0,0,3,-1.23991738560748,0.2486820001196307
380,15,Aziz Behich,DEF,Melbourne City FC,250000,85,1990-12-16,170,3,3,2,217,0,0,0,0,0,0,0.0,0.0,0.0,sofascore.com,2026-07-19,Australia,AUS,D,AFC,27,1790,Tony Popovic,False,False,False,False,250000.0,35.5,0.6666666666666666,72.33333333333333,0,0,2906.9767441860463,Veteran(60+),32+,3078418.9615384615,80038893,27.353846153846156,26,0.0,0.0,0,0.0,,,0.0,66.66666666666666,2906.9767441860463,0.03529411764705882,72.33333333333333,0,0,0.9009582041640642,-1.9794925605247864
381,15,Nestory Irankunda,FWD,Watford FC,8000000,16,2006-02-09,165,6,4,3,263,1,0,0,0,0,0,0.0,0.0,0.0,sofascore.com,2026-07-19,Australia,AUS,D,AFC,27,1790,Tony Popovic,False,False,False,False,8000000.0,20.3,0.75,65.75,1,0,470588.23529411765,Developing(11-30),U23,3078418.9615384615,80038893,27.353846153846156,26,0.34220532319391633,0.0,1,0.34220532319391633,263.0,,0.0,75.0,470588.23529411765,0.375,65.75,0,0,-0.019040338145434287,0.9075388664118652
382,15,Patrick Thomas Beach,GK,Melbourne City FC,1000000,3,2003-08-06,189,0,4,4,389,0,0,0,0,0,0,2.0,11.0,3.0,sofascore.com,2026-07-19,Australia,AUS,D,AFC,27,1790,Tony Popovic,False,False,False,False,1000000.0,22.8,1.0,97.25,0,0,250000.0,Rookie(<=10),U23,3078418.9615384615,80038893,27.353846153846156,26,0.0,0.0,0,0.0,,78.57142857142857,50.0,100.0,250000.0,0.0,97.25,0,0,-0.1356244052053467,0.399259391852247
383,15,Harry James Souttar,DEF,Leicester City FC,6000000,39,1998-10-22,198,11,4,4,390,0,0,1,0,0,0,0.0,0.0,0.0,sofascore.com,2026-07-19,Australia,AUS,D,AFC,27,1790,Tony Popovic,False,True,False,False,6000000.0,27.6,1.0,97.5,0,1,150000.0,Established(31-60),28-31,3078418.9615384615,80038893,27.353846153846156,26,0.0,0.0,0,0.0,,,0.0,100.0,150000.0,0.28205128205128205,97.5,0,0,1.3081172976155,-0.6444454195385271
384,15,Cristian Volpato,FWD,US Sassuolo,10000000,1,2003-11-15,187,0,3,2,161,0,0,0,0,0,0,0.0,0.0,0.0,sofascore.com,2026-07-19,Australia,AUS,D,AFC,27,1790,Tony Popovic,False,False,False,False,10000000.0,22.6,0.6666666666666666,53.666666666666664,0,0,5000000.0,Rookie(<=10),U23,3078418.9615384615,80038893,27.353846153846156,26,0.0,0.0,0,0.0,,,0.0,66.66666666666666,5000000.0,0.0,53.666666666666664,0,3,-0.9423829252990237,0.7510968372807539
385,15,Cameron Robert Burgess,DEF,Swansea City AFC,1500000,28,1995-10-21,194,0,2,2,136,1,0,0,0,0,0,0.0,0.0,0.0,sofascore.com,2026-07-19,Australia,AUS,D,AFC,27,1790,Tony Popovic,False,False,False,False,1500000.0,30.6,1.0,68.0,1,0,51724.137931034486,Developing(11-30),28-31,3078418.9615384615,80038893,27.353846153846156,26,0.6617647058823529,0.0,1,0.6617647058823529,136.0,,0.0,100.0,51724.137931034486,0.0,68.0,0,0,0.5820111449773386,-0.4708534231784996
386,15,Jackson Alexander Irvine,MID,FC St. Pauli,1000000,83,1993-03-07,189,14,4,2,223,0,0,1,0,0,0,0.0,0.0,0.0,sofascore.com,2026-07-19,Australia,AUS,D,AFC,27,1790,Tony Popovic,False,True,False,False,1000000.0,33.3,0.5,55.75,0,1,11904.761904761905,Veteran(60+),32+,3078418.9615384615,80038893,27.353846153846156,26,0.0,0.0,0,0.0,,,0.0,50.0,11904.761904761905,0.1686746987951807,55.75,0,0,1.1499603695961356,-1.8817051679422019
387,15,Nishan Matthew Velupillay,FWD,Melbourne Victory FC,650000,8,2001-05-07,181,3,2,1,75,0,0,0,0,0,0,0.0,0.0,0.0,sofascore.com,2026-07-19,Australia,AUS,D,AFC,27,1790,Tony Popovic,False,False,False,False,650000.0,25.1,0.5,37.5,0,0,72222.22222222222,Rookie(<=10),24-27,3078418.9615384615,80038893,27.353846153846156,26,0.0,0.0,0,0.0,,,0.0,50.0,72222.22222222222,0.375,37.5,0,3,-1.1007643429501572,0.13043470788045097
388,15,Paul Michael Junior Okon-Engstler,MID,Sydney FC,1200000,7,2005-01-24,185,0,4,2,196,0,1,0,0,0,0,0.0,0.0,0.0,sofascore.com,2026-07-19,Australia,AUS,D,AFC,27,1790,Tony Popovic,False,False,False,False,1200000.0,21.4,0.5,49.0,1,0,150000.0,Rookie(<=10),U23,3078418.9615384615,80038893,27.353846153846156,26,0.0,0.4591836734693877,1,0.4591836734693877,,,0.0,50.0,150000.0,0.0,49.0,0,3,-0.7050053903485647,1.0953323114201128
389,15,Lucas Herrington,DEF,Colorado Rapids,4500000,4,2007-09-05,193,0,2,2,210,0,0,0,0,0,0,0.0,0.0,0.0,sofascore.com,2026-07-19,Australia,AUS,D,AFC,27,1790,Tony Popovic,False,False,False,False,4500000.0,18.8,1.0,105.0,0,0,900000.0,Rookie(<=10),U23,3078418.9615384615,80038893,27.353846153846156,26,0.0,0.0,0,0.0,,,0.0,100.0,900000.0,0.0,105.0,0,0,-0.169188289639291,0.9157361448569628
390,15,Tete Owen Yengi,FWD,FC Machida Zelvia,450000,2,2000-11-28,197,1,2,0,22,0,0,0,0,0,0,0.0,0.0,0.0,sofascore.com,2026-07-19,Australia,AUS,D,AFC,27,1790,Tony Popovic,False,False,False,False,450000.0,25.5,0.0,11.0,0,0,150000.0,Rookie(<=10),24-27,3078418.9615384615,80038893,27.353846153846156,26,0.0,0.0,0,0.0,,,0.0,0.0,150000.0,0.5,11.0,0,3,-2.0408252158216413,0.2576106429557358
391,16,Fehmi Mert Gunok,GK,Fenerbahçe SK,500000,37,1989-03-01,196,0,0,0,0,0,0,0,0,0,0,0.0,0.0,0.0,Unverified/Unknown,2026-07-19,Türkiye,TUR,D,UEFA,26,1780,Vincenzo Montella,False,False,False,False,500000.0,37.3,0.0,0.0,0,0,13157.894736842105,Established(31-60),32+,17737360.576923076,461171375,27.673076923076923,26,,,0,,,,,,13157.894736842105,0.0,0.0,0,3,-1.2665759271552326,-1.4598350129750257
392,16,Mehmet Zeki Celik,DEF,AS Roma,14000000,62,1997-02-17,180,3,2,2,164,0,0,0,0,0,0,0.0,0.0,0.0,sofascore.com,2026-07-19,Türkiye,TUR,D,UEFA,26,1780,Vincenzo Montella,False,False,False,False,14000000.0,29.3,1.0,82.0,0,0,222222.22222222222,Veteran(60+),28-31,17737360.576923076,461171375,27.673076923076923,26,0.0,0.0,0,0.0,,,0.0,100.0,222222.22222222222,0.04838709677419355,82.0,0,0,0.9151528363440026,-0.7356738197579624
393,16,Merih Demiral,DEF,Al Ahli FC,12000000,64,1998-03-05,190,6,2,2,180,0,0,0,0,0,0,0.0,0.0,0.0,sofascore.com,2026-07-19,Türkiye,TUR,D,UEFA,26,1780,Vincenzo Montella,False,False,False,False,12000000.0,28.3,1.0,90.0,0,0,184615.38461538462,Veteran(60+),28-31,17737360.576923076,461171375,27.673076923076923,26,0.0,0.0,0,0.0,,,0.0,100.0,184615.38461538462,0.09375,90.0,0,0,1.0786133384586607,-0.7574888002424838
394,16,Ça ğ lar Soyuncu,DEF,Fenerbahçe SK,14812148,60,1996-05-23,185,2,1,0,6,0,0,0,0,0,0,0.0,0.0,0.0,sofascore.com,2026-07-19,Türkiye,TUR,D,UEFA,26,1780,Vincenzo Montella,False,False,False,False,14812148.0,30.1,0.0,6.0,0,0,242822.09836065574,Established(31-60),28-31,17737360.576923076,461171375,27.673076923076923,26,0.0,0.0,0,0.0,,,0.0,0.0,242822.09836065574,0.03333333333333333,6.0,0,3,-1.0143040403199473,-0.5951317261115524
395,16,Salih Ozcan,MID,Borussia Dortmund,3500000,31,1998-01-11,182,1,2,1,100,0,0,0,0,0,0,0.0,0.0,0.0,sofascore.com,2026-07-19,Türkiye,TUR,D,UEFA,26,1780,Vincenzo Montella,False,False,False,False,3500000.0,28.4,0.5,50.0,0,0,109375.0,Established(31-60),28-31,17737360.576923076,461171375,27.673076923076923,26,0.0,0.0,0,0.0,,,0.0,50.0,109375.0,0.03225806451612903,50.0,0,0,-0.5655252874318556,-0.435266613370619
396,16,Orkun Kokcu,MID,Be ş ikta ş  JK,25000000,51,2000-12-29,175,4,3,2,154,1,0,0,0,0,0,0.0,0.0,0.0,sofascore.com,2026-07-19,Türkiye,TUR,D,UEFA,26,1780,Vincenzo Montella,False,False,False,False,25000000.0,25.4,0.6666666666666666,51.333333333333336,1,0,480769.23076923075,Established(31-60),24-27,17737360.576923076,461171375,27.673076923076923,26,0.5844155844155845,0.0,1,0.5844155844155845,154.0,,0.0,66.66666666666666,480769.23076923075,0.0784313725490196,51.333333333333336,1,0,0.47355572966632054,0.4022156652446054
397,16,Muhammed Kerem Akturkoglu,FWD,Fenerbahçe SK,20000000,53,1998-10-21,172,15,2,2,131,0,0,0,0,0,0,0.0,0.0,0.0,sofascore.com,2026-07-19,Türkiye,TUR,D,UEFA,26,1780,Vincenzo Montella,False,True,False,False,20000000.0,27.6,1.0,65.5,0,0,370370.3703703704,Established(31-60),28-31,17737360.576923076,461171375,27.673076923076923,26,0.0,0.0,0,0.0,,,0.0,100.0,370370.3703703704,0.2830188679245283,65.5,1,0,1.0017644811588116,-0.473017856472138
398,16,Arda Guler,FWD,Real Madrid C. F.,90000000,31,2005-02-25,175,6,3,3,270,1,0,0,0,0,0,0.0,0.0,0.0,sofascore.com,2026-07-19,Türkiye,TUR,D,UEFA,26,1780,Vincenzo Montella,True,False,False,False,90000000.0,21.3,1.0,90.0,1,0,2812500.0,Established(31-60),U23,17737360.576923076,461171375,27.673076923076923,26,0.33333333333333337,0.0,1,0.33333333333333337,270.0,,0.0,100.0,2812500.0,0.1935483870967742,90.0,1,1,1.5982866507589073,2.6726966682416284
399,16,Deniz Daniel Gul,FWD,FC Porto,5000000,9,2004-07-02,192,2,2,0,35,0,0,0,0,0,0,0.0,0.0,0.0,sofascore.com,2026-07-19,Türkiye,TUR,D,UEFA,26,1780,Vincenzo Montella,False,False,False,False,5000000.0,21.9,0.0,17.5,0,0,500000.0,Rookie(<=10),U23,17737360.576923076,461171375,27.673076923076923,26,0.0,0.0,0,0.0,,,0.0,0.0,500000.0,0.2222222222222222,17.5,0,3,-1.9642318224744808,0.6440193567606954
400,16,Hakan Calhanoglu,MID,FC Internazionale Milano,16000000,107,1994-02-08,178,22,2,2,180,0,0,0,0,0,0,0.0,0.0,0.0,sofascore.com,2026-07-19,Türkiye,TUR,D,UEFA,26,1780,Vincenzo Montella,False,True,False,False,16000000.0,32.3,1.0,90.0,0,0,148148.14814814815,Veteran(60+),32+,17737360.576923076,461171375,27.673076923076923,26,0.0,0.0,0,0.0,,,0.0,100.0,148148.14814814815,0.205607476635514,90.0,0,0,2.382437595488638,-1.8671813216558637
401,16,Kenan Yildiz,FWD,Juventus FC,75000000,29,2005-05-04,187,5,3,2,218,0,0,0,0,0,0,0.0,0.0,0.0,sofascore.com,2026-07-19,Türkiye,TUR,D,UEFA,26,1780,Vincenzo Montella,True,False,False,False,75000000.0,21.1,0.6666666666666666,72.66666666666667,0,0,2500000.0,Developing(11-30),U23,17737360.576923076,461171375,27.673076923076923,26,0.0,0.0,0,0.0,,,0.0,66.66666666666666,2500000.0,0.1724137931034483,72.66666666666667,1,1,0.4121532226071766,2.147711362755232
402,16,Altay Bayindir,GK,Manchester United FC,5000000,12,1998-04-14,198,0,0,0,0,0,0,0,0,0,0,0.0,0.0,0.0,Unverified/Unknown,2026-07-19,Türkiye,TUR,D,UEFA,26,1780,Vincenzo Montella,False,False,False,False,5000000.0,28.2,0.0,0.0,0,0,384615.3846153846,Developing(11-30),28-31,17737360.576923076,461171375,27.673076923076923,26,,,0,,,,,,384615.3846153846,0.0,0.0,0,3,-1.933906901461965,-0.0411808335236717
403,16,Evren Eren Elmali,DEF,Galatasaray SK,5000000,23,2000-07-07,181,0,2,1,110,0,1,1,0,0,0,0.0,0.0,0.0,sofascore.com,2026-07-19,Türkiye,TUR,D,UEFA,26,1780,Vincenzo Montella,False,False,False,False,5000000.0,25.9,0.5,55.0,1,1,208333.33333333334,Developing(11-30),24-27,17737360.576923076,461171375,27.673076923076923,26,0.0,0.8181818181818181,1,0.8181818181818181,,,0.0,50.0,208333.33333333334,0.0,55.0,0,0,0.1463962016545225,0.43845495800404766
404,16,Abdülker Bardakci,DEF,Galatasaray SK,4748975,28,1994-09-07,185,2,3,3,266,0,0,0,0,0,0,0.0,0.0,0.0,sofascore.com,2026-07-19,Türkiye,TUR,D,UEFA,26,1780,Vincenzo Montella,False,False,False,False,4748975.0,31.8,1.0,88.66666666666667,0,0,163757.75862068965,Developing(11-30),32+,17737360.576923076,461171375,27.673076923076923,26,0.0,0.0,0,0.0,,,0.0,100.0,163757.75862068965,0.07142857142857142,88.66666666666667,0,0,0.5639155443970483,-0.8475745279616717
405,16,Ozan Muhammed Kabak,DEF,TSG Hoffenheim,15000000,30,2000-03-25,187,2,1,1,90,0,0,0,0,0,0,0.0,0.0,0.0,sofascore.com,2026-07-19,Türkiye,TUR,D,UEFA,26,1780,Vincenzo Montella,False,False,False,False,15000000.0,26.2,1.0,90.0,0,0,483870.96774193546,Developing(11-30),24-27,17737360.576923076,461171375,27.673076923076923,26,0.0,0.0,0,0.0,,,0.0,100.0,483870.96774193546,0.06666666666666667,90.0,0,0,0.46066917847243716,0.016061318167190662
406,16,Ismailİsma Yuksek,MID,Fenerbahçe SK,8513692,33,1999-01-26,183,1,2,2,140,0,0,0,0,0,0,0.0,0.0,0.0,sofascore.com,2026-07-19,Türkiye,TUR,D,UEFA,26,1780,Vincenzo Montella,False,False,False,False,8513692.0,27.4,1.0,70.0,0,0,250402.70588235295,Established(31-60),28-31,17737360.576923076,461171375,27.673076923076923,26,0.0,0.0,0,0.0,,,0.0,100.0,250402.70588235295,0.030303030303030304,70.0,0,0,0.19775877028065428,-0.28483220070870946
407,16,Can İrfan Kahveci,FWD,Kasımpa ş a SK,11191281,47,1995-07-15,180,6,3,1,101,0,0,0,0,0,0,0.0,0.0,0.0,sofascore.com,2026-07-19,Türkiye,TUR,D,UEFA,26,1780,Vincenzo Montella,False,False,False,False,11191281.0,30.9,0.3333333333333333,33.666666666666664,0,0,233151.6875,Established(31-60),28-31,17737360.576923076,461171375,27.673076923076923,26,0.0,0.0,0,0.0,,,0.0,33.33333333333333,233151.6875,0.1276595744680851,33.666666666666664,0,3,-0.36852310378548647,-0.7523630471963412
408,16,Mert Muldur,DEF,Fenerbahçe SK,7000000,46,1999-04-03,184,3,0,0,0,0,0,0,0,0,0,0.0,0.0,0.0,Unverified/Unknown,2026-07-19,Türkiye,TUR,D,UEFA,26,1780,Vincenzo Montella,False,False,False,False,7000000.0,27.2,0.0,0.0,0,0,148936.17021276595,Established(31-60),28-31,17737360.576923076,461171375,27.673076923076923,26,,,0,,,,,,148936.17021276595,0.06521739130434782,0.0,0,3,-1.4377493558793175,-0.32376322974447147
409,16,Yunus Akgun,FWD,Galatasaray SK,18000000,20,2000-07-07,173,4,2,1,88,0,0,1,0,0,0,0.0,0.0,0.0,sofascore.com,2026-07-19,Türkiye,TUR,D,UEFA,26,1780,Vincenzo Montella,False,False,False,False,18000000.0,25.9,0.5,44.0,0,1,857142.8571428572,Developing(11-30),24-27,17737360.576923076,461171375,27.673076923076923,26,0.0,0.0,0,0.0,,,0.0,50.0,857142.8571428572,0.2,44.0,1,0,-0.2819324420887753,0.2651853701151616
410,16,Ferdi Erenay Kadioglu,DEF,Brighton & Hove Albion FC,35000000,31,1999-10-07,174,2,2,2,160,0,0,0,0,0,0,0.0,0.0,0.0,sofascore.com,2026-07-19,Türkiye,TUR,D,UEFA,26,1780,Vincenzo Montella,False,False,False,False,35000000.0,26.7,1.0,80.0,0,0,1093750.0,Established(31-60),24-27,17737360.576923076,461171375,27.673076923076923,26,0.0,0.0,0,0.0,,,0.0,100.0,1093750.0,0.06451612903225806,80.0,1,0,0.5785505319004028,0.47648718426876335
411,16,Barı ş Alper Yilmaz,FWD,Galatasaray SK,6205279,36,2000-05-23,186,4,3,2,180,0,0,0,0,0,0,0.0,0.0,0.0,sofascore.com,2026-07-19,Türkiye,TUR,D,UEFA,26,1780,Vincenzo Montella,False,False,False,False,6205279.0,26.1,0.6666666666666666,60.0,0,0,167710.24324324325,Established(31-60),24-27,17737360.576923076,461171375,27.673076923076923,26,0.0,0.0,0,0.0,,,0.0,66.66666666666666,167710.24324324325,0.1111111111111111,60.0,0,0,-0.18940429911523723,-0.24362763084589462
412,16,Kaan Ayhan,MID,Galatasaray SK,1500000,73,1994-11-10,185,5,1,0,2,1,0,0,0,0,0,0.0,0.0,0.0,sofascore.com,2026-07-19,Türkiye,TUR,D,UEFA,26,1780,Vincenzo Montella,False,False,False,False,1500000.0,31.6,0.0,2.0,1,0,20270.27027027027,Veteran(60+),32+,17737360.576923076,461171375,27.673076923076923,26,45.0,0.0,1,45.0,2.0,,0.0,0.0,20270.27027027027,0.0684931506849315,2.0,0,3,-0.4491436674147549,-1.0574335232892502
413,16,Ugurcan Cakir,GK,Galatasaray SK,15000000,40,1996-04-05,191,0,3,3,270,0,0,0,0,0,0,0.0,7.0,5.0,sofascore.com,2026-07-19,Türkiye,TUR,D,UEFA,26,1780,Vincenzo Montella,False,False,False,False,15000000.0,30.2,1.0,90.0,0,0,365853.65853658534,Established(31-60),28-31,17737360.576923076,461171375,27.673076923076923,26,0.0,0.0,0,0.0,,58.333333333333336,0.0,100.0,365853.65853658534,0.0,90.0,0,0,0.6929695417697332,-0.5111407938233173
414,16,Oguz Aydin,FWD,Fenerbahçe SK,7000000,11,2000-10-27,183,0,1,1,90,0,0,0,0,0,0,0.0,0.0,0.0,sofascore.com,2026-07-19,Türkiye,TUR,D,UEFA,26,1780,Vincenzo Montella,False,False,False,False,7000000.0,25.6,1.0,90.0,0,0,583333.3333333334,Developing(11-30),24-27,17737360.576923076,461171375,27.673076923076923,26,0.0,0.0,0,0.0,,,0.0,100.0,583333.3333333334,0.0,90.0,0,0,0.04830574384761499,0.12986437059091283
415,16,Samet Akaydin,DEF,Çaykur Rizespor,1200000,19,1994-03-13,190,1,0,0,0,0,0,0,0,0,0,0.0,0.0,0.0,Unverified/Unknown,2026-07-19,Türkiye,TUR,D,UEFA,26,1780,Vincenzo Montella,False,False,False,False,1200000.0,32.2,0.0,0.0,0,0,60000.0,Developing(11-30),32+,17737360.576923076,461171375,27.673076923076923,26,,,0,,,,,,60000.0,0.05263157894736842,0.0,0,3,-1.6735836473493129,-0.6824382477751358
416,16,Can Yılmaz Uzun,FWD,Eintracht Frankfurt,45000000,6,2005-11-11,186,1,2,0,36,0,1,0,0,0,0,0.0,0.0,0.0,sofascore.com,2026-07-19,Türkiye,TUR,D,UEFA,26,1780,Vincenzo Montella,True,False,False,False,45000000.0,20.6,0.0,18.0,1,0,6428571.428571428,Rookie(<=10),U23,17737360.576923076,461171375,27.673076923076923,26,0.0,2.5,1,2.5,,,0.0,0.0,6428571.428571428,0.16666666666666666,18.0,1,3,-1.1419892119356407,2.364371255101284
417,17,Manuel Peter Neuer,GK,FC Bayern München,4000000,125,1986-03-27,193,0,4,4,390,0,0,0,0,0,0,0.0,8.0,5.0,sofascore.com,2026-07-19,Germany,GER,E,UEFA,10,1970,Julian Nagelsmann,False,False,True,False,4000000.0,40.2,1.0,97.5,0,0,31746.031746031746,Veteran(60+),32+,38028524.192307696,988741629,28.03846153846154,26,0.0,0.0,0,0.0,,61.53846153846154,0.0,100.0,31746.031746031746,0.0,97.5,0,0,2.3743184018787717,-2.3811840553072288
418,17,Antonio Ruediger,DEF,Real Madrid C. F.,16677344,83,1993-03-03,190,3,4,2,262,0,0,1,0,0,0,0.0,0.0,0.0,sofascore.com,2026-07-19,Germany,GER,E,UEFA,10,1970,Julian Nagelsmann,False,False,False,False,16677344.0,33.3,0.5,65.5,0,1,198539.80952380953,Veteran(60+),32+,38028524.192307696,988741629,28.03846153846154,26,0.0,0.0,0,0.0,,,0.0,50.0,198539.80952380953,0.03614457831325301,65.5,0,0,1.2555283390554028,-0.8056281151884288
419,17,Waldemar Anton,DEF,Borussia Dortmund,18000000,14,1996-07-20,189,0,2,0,48,0,0,0,0,0,0,0.0,0.0,0.0,sofascore.com,2026-07-19,Germany,GER,E,UEFA,10,1970,Julian Nagelsmann,False,False,False,False,18000000.0,29.9,0.0,24.0,0,0,1200000.0,Developing(11-30),28-31,38028524.192307696,988741629,28.03846153846154,26,0.0,0.0,0,0.0,,,0.0,0.0,1200000.0,0.0,24.0,1,3,-1.182745479618408,0.582518576658841
420,17,Jonathan Glao Tah,DEF,FC Bayern München,28000000,48,1996-02-11,195,1,4,4,372,0,0,0,0,0,0,0.0,0.0,0.0,sofascore.com,2026-07-19,Germany,GER,E,UEFA,10,1970,Julian Nagelsmann,False,False,False,False,28000000.0,30.3,1.0,93.0,0,0,571428.5714285715,Established(31-60),28-31,38028524.192307696,988741629,28.03846153846154,26,0.0,0.0,0,0.0,,,0.0,100.0,571428.5714285715,0.020833333333333332,93.0,1,0,1.2169181510496527,0.22343131673008532
421,17,Aleksandar Pavlovic,MID,FC Bayern München,90000000,12,2004-05-03,188,1,4,4,275,0,0,1,0,0,0,0.0,0.0,0.0,sofascore.com,2026-07-19,Germany,GER,E,UEFA,10,1970,Julian Nagelsmann,True,False,False,False,90000000.0,22.1,1.0,68.75,0,1,6923076.923076923,Developing(11-30),U23,38028524.192307696,988741629,28.03846153846154,26,0.0,0.0,0,0.0,,,0.0,100.0,6923076.923076923,0.08333333333333333,68.75,1,1,1.1011322049193257,3.1464186838568655
422,17,Joshua Walter Kimmich,DEF,FC Bayern München,35000000,111,1995-02-08,177,10,4,4,353,0,2,0,0,0,0,0.0,0.0,0.0,sofascore.com,2026-07-19,Germany,GER,E,UEFA,10,1970,Julian Nagelsmann,False,False,True,False,35000000.0,31.3,1.0,88.25,2,0,312500.0,Veteran(60+),32+,38028524.192307696,988741629,28.03846153846154,26,0.0,0.509915014164306,2,0.509915014164306,,,0.0,100.0,312500.0,0.09009009009009009,88.25,1,1,3.4156312794915134,0.39069727642143265
423,17,Kai Lukas Havertz,FWD,Arsenal FC,55000000,59,1999-06-11,190,24,4,4,355,3,0,1,0,1,0,0.0,0.0,0.0,sofascore.com,2026-07-19,Germany,GER,E,UEFA,10,1970,Julian Nagelsmann,True,True,False,False,55000000.0,27.0,1.0,88.75,3,1,916666.6666666666,Established(31-60),24-27,38028524.192307696,988741629,28.03846153846154,26,0.76056338028169,0.0,3,0.76056338028169,118.33333333333333,,0.0,100.0,916666.6666666666,0.4067796610169492,88.75,1,1,3.8525639954304824,1.4848000975470879
424,17,Leon Christoph Goretzka,MID,FC Bayern München,12000000,71,1995-02-06,189,15,3,0,97,0,0,0,0,0,0,0.0,0.0,0.0,sofascore.com,2026-07-19,Germany,GER,E,UEFA,10,1970,Julian Nagelsmann,False,True,False,False,12000000.0,31.3,0.0,32.333333333333336,0,0,166666.66666666666,Veteran(60+),32+,38028524.192307696,988741629,28.03846153846154,26,0.0,0.0,0,0.0,,,0.0,0.0,166666.66666666666,0.2112676056338028,32.333333333333336,0,3,0.14101302444299124,-0.650976788727063
425,17,Jamie Jaleel Jeremy Leweling,MID,VfB Stuttgart,40000000,5,2001-02-26,185,1,1,0,30,0,0,0,0,0,0,0.0,0.0,0.0,sofascore.com,2026-07-19,Germany,GER,E,UEFA,10,1970,Julian Nagelsmann,False,False,False,False,40000000.0,25.3,0.0,30.0,0,0,6666666.666666667,Rookie(<=10),24-27,38028524.192307696,988741629,28.03846153846154,26,0.0,0.0,0,0.0,,,0.0,0.0,6666666.666666667,0.2,30.0,1,3,-1.159667749845351,1.7461513025048438
426,17,Jamal Musiala,MID,FC Bayern München,100000000,43,2003-02-26,180,10,4,3,271,1,0,1,0,0,0,0.0,0.0,0.0,sofascore.com,2026-07-19,Germany,GER,E,UEFA,10,1970,Julian Nagelsmann,True,False,False,False,100000000.0,23.3,0.75,67.75,1,1,2272727.272727273,Established(31-60),24-27,38028524.192307696,988741629,28.03846153846154,26,0.33210332103321033,0.0,1,0.33210332103321033,271.0,,0.0,75.0,2272727.272727273,0.23255813953488372,67.75,1,1,2.122410226962436,3.0331284204381386
427,17,Nick Woltemade,FWD,Newcastle United FC,55000000,11,2002-02-14,198,4,1,0,32,0,0,0,0,0,0,0.0,0.0,0.0,sofascore.com,2026-07-19,Germany,GER,E,UEFA,10,1970,Julian Nagelsmann,True,False,False,False,55000000.0,24.3,0.0,32.0,0,0,4583333.333333333,Developing(11-30),24-27,38028524.192307696,988741629,28.03846153846154,26,0.0,0.0,0,0.0,,,0.0,0.0,4583333.333333333,0.36363636363636365,32.0,1,3,-0.8451893713540719,2.124001987254874
428,17,Oliver Baumann,GK,TSG Hoffenheim,2500000,13,1990-06-02,187,0,0,0,0,0,0,0,0,0,0,0.0,0.0,0.0,Unverified/Unknown,2026-07-19,Germany,GER,E,UEFA,10,1970,Julian Nagelsmann,False,False,False,False,2500000.0,36.0,0.0,0.0,0,0,178571.42857142858,Developing(11-30),32+,38028524.192307696,988741629,28.03846153846154,26,,,0,,,,,,178571.42857142858,0.0,0.0,0,3,-1.3840616357448638,-0.4632233086325915
429,17,Pascal Alexander GROß GROß Gross,MID,Brighton & Hove Albion FC,23591065,18,1991-06-15,181,1,1,0,17,0,0,0,0,0,0,0.0,0.0,0.0,sofascore.com,2026-07-19,Germany,GER,E,UEFA,10,1970,Julian Nagelsmann,False,False,False,False,23591065.0,35.0,0.0,17.0,0,0,1241635.0,Developing(11-30),32+,38028524.192307696,988741629,28.03846153846154,26,0.0,0.0,0,0.0,,,0.0,0.0,1241635.0,0.05555555555555555,17.0,1,3,-0.8995798211060158,0.10375078601054671
430,17,Maximilian Beier,FWD,Borussia Dortmund,40000000,9,2002-10-17,185,0,1,0,26,0,0,0,0,0,0,0.0,0.0,0.0,sofascore.com,2026-07-19,Germany,GER,E,UEFA,10,1970,Julian Nagelsmann,False,False,False,False,40000000.0,23.6,0.0,26.0,0,0,4000000.0,Rookie(<=10),24-27,38028524.192307696,988741629,28.03846153846154,26,0.0,0.0,0,0.0,,,0.0,0.0,4000000.0,0.0,26.0,1,3,-1.2720579458774541,1.9091687318278021
431,17,Nico Cédric Schlotterbeck,DEF,Borussia Dortmund,55000000,28,1999-12-01,191,1,2,2,136,1,0,0,0,0,0,0.0,0.0,0.0,sofascore.com,2026-07-19,Germany,GER,E,UEFA,10,1970,Julian Nagelsmann,True,False,False,False,55000000.0,26.5,1.0,68.0,1,0,1896551.7241379311,Developing(11-30),24-27,38028524.192307696,988741629,28.03846153846154,26,0.6617647058823529,0.0,1,0.6617647058823529,136.0,,0.0,100.0,1896551.7241379311,0.03571428571428571,68.0,1,1,1.193299693116226,1.8484611932674215
432,17,Angelo Nicolas Stiller,MID,VfB Stuttgart,45000000,8,2001-04-04,183,0,1,0,44,0,0,0,0,0,0,0.0,0.0,0.0,sofascore.com,2026-07-19,Germany,GER,E,UEFA,10,1970,Julian Nagelsmann,True,False,False,False,45000000.0,25.2,0.0,44.0,0,0,5000000.0,Rookie(<=10),24-27,38028524.192307696,988741629,28.03846153846154,26,0.0,0.0,0,0.0,,,0.0,0.0,5000000.0,0.0,44.0,1,3,-0.9343809789979332,1.855747523813169
433,17,Florian Richard Wirtz,MID,Liverpool FC,100000000,42,2003-05-03,176,11,4,4,363,0,3,0,0,0,0,0.0,0.0,0.0,sofascore.com,2026-07-19,Germany,GER,E,UEFA,10,1970,Julian Nagelsmann,True,True,False,False,100000000.0,23.1,1.0,90.75,3,0,2325581.395348837,Established(31-60),24-27,38028524.192307696,988741629,28.03846153846154,26,0.0,0.743801652892562,3,0.743801652892562,,,0.0,100.0,2325581.395348837,0.2619047619047619,90.75,1,1,3.476485243875047,4.257412436333747
434,17,Nathaniel Christopher Brown,DEF,Eintracht Frankfurt,40000000,6,2003-06-16,176,1,3,3,282,1,1,0,0,0,0,0.0,0.0,0.0,sofascore.com,2026-07-19,Germany,GER,E,UEFA,10,1970,Julian Nagelsmann,False,False,False,False,40000000.0,23.0,1.0,94.0,2,0,5714285.714285715,Rookie(<=10),U23,38028524.192307696,988741629,28.03846153846154,26,0.3191489361702128,0.3191489361702128,2,0.6382978723404256,282.0,,0.0,100.0,5714285.714285715,0.16666666666666666,94.0,1,1,1.4652837507333776,2.5682408334398446
435,17,Leroy Aziz Sane,MID,Galatasaray SK,20000000,77,1996-01-11,183,17,4,4,328,1,0,0,0,0,0,0.0,0.0,0.0,sofascore.com,2026-07-19,Germany,GER,E,UEFA,10,1970,Julian Nagelsmann,False,True,False,False,20000000.0,30.4,1.0,82.0,1,0,256410.2564102564,Veteran(60+),28-31,38028524.192307696,988741629,28.03846153846154,26,0.27439024390243905,0.0,1,0.27439024390243905,328.0,,0.0,100.0,256410.2564102564,0.22077922077922077,82.0,1,0,2.334740960517672,-0.3435862805387702
436,17,Nadiem Amiri,MID,1. FSV Mainz 05,17000000,11,1996-10-27,178,1,2,0,40,0,1,0,0,0,0,0.0,0.0,0.0,sofascore.com,2026-07-19,Germany,GER,E,UEFA,10,1970,Julian Nagelsmann,False,False,False,False,17000000.0,29.6,0.0,20.0,1,0,1416666.6666666667,Developing(11-30),28-31,38028524.192307696,988741629,28.03846153846154,26,0.0,2.25,1,2.25,,,0.0,0.0,1416666.6666666667,0.09090909090909091,20.0,0,3,-0.730348006965133,1.0997546678093024
437,17,Alexander Nuebel,GK,VfB Stuttgart,21973220,3,1996-09-30,193,0,0,0,0,0,0,0,0,0,0,0.0,0.0,0.0,Unverified/Unknown,2026-07-19,Germany,GER,E,UEFA,10,1970,Julian Nagelsmann,False,False,False,False,21973220.0,29.7,0.0,0.0,0,0,5493305.0,Rookie(<=10),28-31,38028524.192307696,988741629,28.03846153846154,26,,,0,,,,,,5493305.0,0.0,0.0,1,3,-1.585990810480972,0.857914941250639
438,17,David Raum,DEF,RB Leipzig,25000000,38,1998-04-22,180,1,2,1,108,0,0,0,0,0,0,0.0,0.0,0.0,sofascore.com,2026-07-19,Germany,GER,E,UEFA,10,1970,Julian Nagelsmann,False,False,False,False,25000000.0,28.1,0.5,54.0,0,0,641025.641025641,Established(31-60),28-31,38028524.192307696,988741629,28.03846153846154,26,0.0,0.0,0,0.0,,,0.0,50.0,641025.641025641,0.02631578947368421,54.0,1,0,-0.005304171675147547,0.5915504592255051
439,17,Felix Kalu Nmecha,MID,Borussia Dortmund,50000000,9,2000-10-10,190,2,4,4,272,1,1,0,0,0,0,0.0,0.0,0.0,sofascore.com,2026-07-19,Germany,GER,E,UEFA,10,1970,Julian Nagelsmann,True,False,False,False,50000000.0,25.7,1.0,68.0,2,0,5000000.0,Rookie(<=10),24-27,38028524.192307696,988741629,28.03846153846154,26,0.33088235294117646,0.33088235294117646,2,0.6617647058823529,272.0,,0.0,100.0,5000000.0,0.2222222222222222,68.0,1,1,1.4360308879178338,2.499827394465571
440,17,Malick Thiaw,DEF,Newcastle United FC,45000000,5,2001-08-08,194,0,2,0,40,0,0,0,0,0,0,0.0,0.0,0.0,sofascore.com,2026-07-19,Germany,GER,E,UEFA,10,1970,Julian Nagelsmann,True,False,False,False,45000000.0,24.8,0.0,20.0,0,0,7500000.0,Rookie(<=10),24-27,38028524.192307696,988741629,28.03846153846154,26,0.0,0.0,0,0.0,,,0.0,0.0,7500000.0,0.0,20.0,1,3,-1.290227552516042,1.9574367011879048
441,17,Forzan Assan Ouedraogo,MID,RB Leipzig,28000000,1,2006-05-09,191,1,0,0,0,0,0,0,0,0,0,0.0,0.0,0.0,Unverified/Unknown,2026-07-19,Germany,GER,E,UEFA,10,1970,Julian Nagelsmann,False,False,False,False,28000000.0,20.1,0.0,0.0,0,0,14000000.0,Rookie(<=10),U23,38028524.192307696,988741629,28.03846153846154,26,,,0,,,,,,14000000.0,1.0,0.0,1,3,-1.9437610875522615,2.087608362556157
442,17,Deniz Undav,FWD,VfB Stuttgart,22000000,10,1996-07-19,179,7,4,1,149,3,2,0,0,0,0,0.0,0.0,0.0,sofascore.com,2026-07-19,Germany,GER,E,UEFA,10,1970,Julian Nagelsmann,False,False,False,False,22000000.0,29.9,0.25,37.25,5,0,2000000.0,Rookie(<=10),28-31,38028524.192307696,988741629,28.03846153846154,26,1.8120805369127515,1.2080536912751678,5,3.0201342281879193,49.666666666666664,,0.0,25.0,2000000.0,0.7,37.25,1,1,1.7876226382921885,2.295918994562375
443,18,Eloy Victor Room,GK,Miami FC,200000,73,1989-02-06,190,0,3,3,270,0,0,0,0,0,0,1.0,25.0,9.0,sofascore.com,2026-07-19,Curaçao,CUW,E,CONCACAF,82,1520,Dick Advocaat,False,False,False,False,200000.0,37.3,1.0,90.0,0,0,2702.7027027027025,Veteran(60+),32+,1541080.2692307692,40068087,28.023076923076925,26,0.0,0.0,0,0.0,,73.52941176470588,33.33333333333333,100.0,2702.7027027027025,0.0,90.0,0,0,0.9686766663289288,-2.7808369952954495
444,18,Shurandy Ruggerio Sambo,DEF,Sparta Rotterdam,1300000,8,2001-08-19,174,0,1,0,1,0,0,0,0,0,0,0.0,0.0,0.0,sofascore.com,2026-07-19,Curaçao,CUW,E,CONCACAF,82,1520,Dick Advocaat,False,False,False,False,1300000.0,24.8,0.0,1.0,0,0,144444.44444444444,Rookie(<=10),24-27,1541080.2692307692,40068087,28.023076923076925,26,0.0,0.0,0,0.0,,,0.0,0.0,144444.44444444444,0.0,1.0,0,3,-2.453719750549021,-0.4270418495013372
445,18,Juriën Godfried Juan Gaari,DEF,Abha Club,450000,60,1993-12-23,183,1,2,2,167,0,0,1,0,0,0,0.0,0.0,0.0,sofascore.com,2026-07-19,Curaçao,CUW,E,CONCACAF,82,1520,Dick Advocaat,False,False,False,False,450000.0,32.5,1.0,83.5,0,1,7377.049180327869,Established(31-60),32+,1541080.2692307692,40068087,28.023076923076925,26,0.0,0.0,0,0.0,,,0.0,100.0,7377.049180327869,0.016666666666666666,83.5,0,0,0.899997944893068,-2.136687786819206
446,18,Róshón Felix Romar Jordan Van Eijma,DEF,RKC Waalwijk,375000,28,1998-06-09,186,1,1,0,15,0,0,0,0,0,0,0.0,0.0,0.0,sofascore.com,2026-07-19,Curaçao,CUW,E,CONCACAF,82,1520,Dick Advocaat,False,False,False,False,375000.0,28.0,0.0,15.0,0,0,12931.034482758621,Developing(11-30),28-31,1541080.2692307692,40068087,28.023076923076925,26,0.0,0.0,0,0.0,,,0.0,0.0,12931.034482758621,0.03571428571428571,15.0,0,3,-1.8646233505345784,-1.0689924605128187
447,18,Sherel Constancio Floranus,DEF,PEC Zwolle,800000,28,1998-08-23,181,0,3,3,270,0,0,0,0,0,0,0.0,0.0,0.0,sofascore.com,2026-07-19,Curaçao,CUW,E,CONCACAF,82,1520,Dick Advocaat,False,False,False,False,800000.0,27.8,1.0,90.0,0,0,27586.206896551725,Developing(11-30),28-31,1541080.2692307692,40068087,28.023076923076925,26,0.0,0.0,0,0.0,,,0.0,100.0,27586.206896551725,0.0,90.0,0,0,-0.0019069281984708344,-1.1863639308926812
448,18,Godfried Roemeratoe,MID,RKC Waalwijk,400000,29,1999-08-19,178,1,1,0,7,0,0,0,0,0,0,0.0,0.0,0.0,sofascore.com,2026-07-19,Curaçao,CUW,E,CONCACAF,82,1520,Dick Advocaat,False,False,False,False,400000.0,26.8,0.0,7.0,0,0,13333.333333333334,Developing(11-30),24-27,1541080.2692307692,40068087,28.023076923076925,26,0.0,0.0,0,0.0,,,0.0,0.0,13333.333333333334,0.034482758620689655,7.0,0,3,-2.0064060050782233,-0.9391265911621266
449,18,Juninho Gracielo Bacuna,MID,FC Volendam,1700000,51,1997-08-07,178,14,3,3,255,0,0,2,0,0,0,0.0,0.0,0.0,sofascore.com,2026-07-19,Curaçao,CUW,E,CONCACAF,82,1520,Dick Advocaat,False,True,False,False,1700000.0,28.8,1.0,85.0,0,2,32692.30769230769,Established(31-60),28-31,1541080.2692307692,40068087,28.023076923076925,26,0.0,0.0,0,0.0,,,0.0,100.0,32692.30769230769,0.27450980392156865,85.0,0,0,1.4579227012582339,-1.8445973575820886
450,18,Livano Shyron Liomar Comenencia,MID,FC Zürich,500000,21,2004-02-03,185,3,3,3,234,1,0,1,0,0,0,0.0,0.0,0.0,sofascore.com,2026-07-19,Curaçao,CUW,E,CONCACAF,82,1520,Dick Advocaat,False,False,False,False,500000.0,22.4,1.0,78.0,1,1,22727.272727272728,Developing(11-30),U23,1541080.2692307692,40068087,28.023076923076925,26,0.38461538461538464,0.0,1,0.38461538461538464,234.0,,0.0,100.0,22727.272727272728,0.14285714285714285,78.0,0,0,0.394248268223932,-0.34079723315084426
451,18,Jürgen Leonardo Locadia,FWD,Miami FC,1800000,14,1993-11-07,193,1,3,3,238,0,0,0,0,0,0,0.0,0.0,0.0,sofascore.com,2026-07-19,Curaçao,CUW,E,CONCACAF,82,1520,Dick Advocaat,False,False,False,False,1800000.0,32.6,1.0,79.33333333333333,0,0,120000.0,Developing(11-30),32+,1541080.2692307692,40068087,28.023076923076925,26,0.0,0.0,0,0.0,,,0.0,100.0,120000.0,0.07142857142857142,79.33333333333333,0,0,-0.04627257436311733,-1.538163445648764
452,18,Leandro Jones Johan Bacuna,MID,I ğ dır FK,900000,73,1991-08-21,180,16,3,3,270,0,0,1,0,0,0,0.0,0.0,0.0,sofascore.com,2026-07-19,Curaçao,CUW,E,CONCACAF,82,1520,Dick Advocaat,False,True,False,False,900000.0,34.8,1.0,90.0,0,1,12162.162162162162,Veteran(60+),32+,1541080.2692307692,40068087,28.023076923076925,26,0.0,0.0,0,0.0,,,0.0,100.0,12162.162162162162,0.2191780821917808,90.0,0,0,1.7703459464636635,-2.790020413505952
453,18,Jeremy Cornelis Jacobus Antonisse,FWD,AE Kifisia FC,800000,28,2002-03-29,164,4,2,0,73,0,0,0,0,0,0,0.0,0.0,0.0,sofascore.com,2026-07-19,Curaçao,CUW,E,CONCACAF,82,1520,Dick Advocaat,False,False,False,False,800000.0,24.2,0.0,36.5,0,0,27586.206896551725,Developing(11-30),24-27,1541080.2692307692,40068087,28.023076923076925,26,0.0,0.0,0,0.0,,,0.0,0.0,27586.206896551725,0.14285714285714285,36.5,0,3,-1.6565981812572594,-0.706068350376609
454,18,Juniffer Naigelino Hansen,FWD,Middlesbrough FC,2705885,7,2002-05-18,176,1,1,1,46,0,0,0,0,0,0,0.0,0.0,0.0,sofascore.com,2026-07-19,Curaçao,CUW,E,CONCACAF,82,1520,Dick Advocaat,False,False,False,False,2705885.0,24.1,1.0,46.0,0,0,338235.625,Rookie(<=10),24-27,1541080.2692307692,40068087,28.023076923076925,26,0.0,0.0,0,0.0,,,0.0,100.0,338235.625,0.14285714285714285,46.0,0,0,-0.9223661967927314,-0.4574680819066908
455,18,Tyrese Yurvencey Noslin,FWD,SC Telstar,750000,7,2002-09-11,182,1,1,0,13,0,0,0,0,0,0,0.0,0.0,0.0,sofascore.com,2026-07-19,Curaçao,CUW,E,CONCACAF,82,1520,Dick Advocaat,False,False,False,False,750000.0,23.7,0.0,13.0,0,0,93750.0,Rookie(<=10),24-27,1541080.2692307692,40068087,28.023076923076925,26,0.0,0.0,0,0.0,,,0.0,0.0,93750.0,0.14285714285714285,13.0,0,3,-2.3356849689678185,-0.33539998587143055
456,18,Kenji Joël Gorre,FWD,Maccabi Haifa FC,800000,38,1994-09-29,174,6,1,0,15,0,0,0,0,0,0,0.0,0.0,0.0,sofascore.com,2026-07-19,Curaçao,CUW,E,CONCACAF,82,1520,Dick Advocaat,False,False,False,False,800000.0,31.7,0.0,15.0,0,0,20512.82051282051,Established(31-60),32+,1541080.2692307692,40068087,28.023076923076925,26,0.0,0.0,0,0.0,,,0.0,0.0,20512.82051282051,0.15789473684210525,15.0,0,3,-1.3978352954098408,-1.6695304703859004
457,18,Jainel Archenir Martha,MID,Rotherham United FC,4611989,9,2003-09-04,180,2,0,0,0,0,0,0,0,0,0,0.0,0.0,0.0,Unverified/Unknown,2026-07-19,Curaçao,CUW,E,CONCACAF,82,1520,Dick Advocaat,False,False,False,False,4611989.0,22.8,0.0,0.0,0,0,461198.9,Rookie(<=10),U23,1541080.2692307692,40068087,28.023076923076925,26,,,0,,,,,,461198.9,0.2222222222222222,0.0,0,3,-2.4396906897175885,-0.1632195954317366
458,18,Jearl Erwin Margaritha,FWD,SK Beveren,1500000,23,2000-04-10,181,5,2,0,40,0,0,0,0,0,0,0.0,0.0,0.0,sofascore.com,2026-07-19,Curaçao,CUW,E,CONCACAF,82,1520,Dick Advocaat,False,False,False,False,1500000.0,26.2,0.0,20.0,0,0,62500.0,Developing(11-30),24-27,1541080.2692307692,40068087,28.023076923076925,26,0.0,0.0,0,0.0,,,0.0,0.0,62500.0,0.21739130434782608,20.0,0,3,-1.792938978724958,-0.8535677484771523
459,18,Brandley Mack-Olien Kuwas,FWD,FC Volendam,250000,36,1992-09-19,181,2,1,0,1,0,0,0,0,0,0,0.0,0.0,0.0,sofascore.com,2026-07-19,Curaçao,CUW,E,CONCACAF,82,1520,Dick Advocaat,False,False,False,False,250000.0,33.7,0.0,1.0,0,0,6756.756756756757,Established(31-60),32+,1541080.2692307692,40068087,28.023076923076925,26,0.0,0.0,0,0.0,,,0.0,0.0,6756.756756756757,0.05555555555555555,1.0,0,3,-1.6530992432092937,-1.8025489281035174
460,18,Armando Maria Obispo,DEF,PSV Eindhoven,4000000,7,1999-03-05,185,0,3,3,270,0,0,0,0,0,0,0.0,0.0,0.0,sofascore.com,2026-07-19,Curaçao,CUW,E,CONCACAF,82,1520,Dick Advocaat,False,False,False,False,4000000.0,27.3,1.0,90.0,0,0,500000.0,Rookie(<=10),28-31,1541080.2692307692,40068087,28.023076923076925,26,0.0,0.0,0,0.0,,,0.0,100.0,500000.0,0.0,90.0,0,0,-0.24778908962292967,-0.8038096333536975
461,18,Gervane Zjandric Adonnis Kastaneer,FWD,Terengganu FC,200000,30,1996-06-09,189,9,3,0,28,0,0,2,0,0,0,0.0,0.0,0.0,sofascore.com,2026-07-19,Curaçao,CUW,E,CONCACAF,82,1520,Dick Advocaat,False,False,False,False,200000.0,30.0,0.0,9.333333333333334,0,2,6451.612903225807,Developing(11-30),28-31,1541080.2692307692,40068087,28.023076923076925,26,0.0,0.0,0,0.0,,,0.0,0.0,6451.612903225807,0.3,9.333333333333334,0,3,-0.8450432078685153,-1.520686962059572
462,18,Joshua Benjamin Brenet,DEF,Kayserispor,1000000,18,1994-03-20,181,2,2,2,180,0,0,0,0,0,0,0.0,0.0,0.0,sofascore.com,2026-07-19,Curaçao,CUW,E,CONCACAF,82,1520,Dick Advocaat,False,False,False,False,1000000.0,32.2,1.0,90.0,0,0,52631.57894736842,Developing(11-30),32+,1541080.2692307692,40068087,28.023076923076925,26,0.0,0.0,0,0.0,,,0.0,100.0,52631.57894736842,0.1111111111111111,90.0,0,0,0.14499584539081656,-1.5876725468000656
463,18,Tahith Jose Girigorio Djorkaef Chong,MID,Shefield United FC,6000000,7,1999-12-04,185,3,3,3,247,0,0,0,0,0,0,0.0,0.0,0.0,sofascore.com,2026-07-19,Curaçao,CUW,E,CONCACAF,82,1520,Dick Advocaat,False,False,False,False,6000000.0,26.5,1.0,82.33333333333333,0,0,750000.0,Rookie(<=10),24-27,1541080.2692307692,40068087,28.023076923076925,26,0.0,0.0,0,0.0,,,0.0,100.0,750000.0,0.42857142857142855,82.33333333333333,0,0,-0.25468468364249347,-0.7063530924577325
464,18,Kevin Antonio Felida,MID,FC Den Bosch,350000,19,1999-11-11,174,1,0,0,0,0,0,0,0,0,0,0.0,0.0,0.0,Unverified/Unknown,2026-07-19,Curaçao,CUW,E,CONCACAF,82,1520,Dick Advocaat,False,False,False,False,350000.0,26.6,0.0,0.0,0,0,17500.0,Developing(11-30),24-27,1541080.2692307692,40068087,28.023076923076925,26,,,0,,,,,,17500.0,0.05263157894736842,0.0,0,3,-2.2260551845470666,-0.7954553756271734
465,18,Riechedly Guillermo Bazoer,DEF,Konyaspor,1500000,6,1996-10-12,184,0,1,1,90,0,0,0,0,0,0,0.0,0.0,0.0,sofascore.com,2026-07-19,Curaçao,CUW,E,CONCACAF,82,1520,Dick Advocaat,False,False,False,False,1500000.0,29.7,1.0,90.0,0,0,214285.7142857143,Rookie(<=10),28-31,1541080.2692307692,40068087,28.023076923076925,26,0.0,0.0,0,0.0,,,0.0,100.0,214285.7142857143,0.0,90.0,0,0,-0.17835946854524898,-1.1237462004398275
466,18,Deveron Lenny Fonville,DEF,NEC Nijmegen,1500000,3,2003-05-16,188,0,3,3,242,0,0,0,0,0,0,0.0,0.0,0.0,sofascore.com,2026-07-19,Curaçao,CUW,E,CONCACAF,82,1520,Dick Advocaat,False,False,False,False,1500000.0,23.1,1.0,80.66666666666667,0,0,375000.0,Rookie(<=10),24-27,1541080.2692307692,40068087,28.023076923076925,26,0.0,0.0,0,0.0,,,0.0,100.0,375000.0,0.0,80.66666666666667,0,0,-0.6284875594203984,-0.3465686816123197
467,18,Tyrick Jeremy Bodak,GK,SC Telstar,25000,4,2002-05-15,190,0,0,0,0,0,0,0,0,0,0,0.0,0.0,0.0,Unverified/Unknown,2026-07-19,Curaçao,CUW,E,CONCACAF,82,1520,Dick Advocaat,False,False,False,False,136750.00000000003,24.1,0.0,0.0,0,0,5000.0,Rookie(<=10),24-27,1541080.2692307692,40068087,28.023076923076925,26,,,0,,,,,,5000.0,0.0,0.0,0,3,-2.5587542788694115,-0.3319628055430804
468,18,Trevor Irving Doornbusch,GK,VVV Venlo,5650213,8,1999-07-06,188,0,0,0,0,0,0,0,0,0,0,0.0,0.0,0.0,Unverified/Unknown,2026-07-19,Curaçao,CUW,E,CONCACAF,82,1520,Dick Advocaat,False,False,False,False,5650213.0,26.9,0.0,0.0,0,0,627801.4444444445,Rookie(<=10),24-27,1541080.2692307692,40068087,28.023076923076925,26,,,0,,,,,,627801.4444444445,0.0,0.0,0,3,-2.3265954098369352,-0.5467963885462424
469,19,Yahia Fofana,GK,Çaykur Rizespor,5000000,37,2000-08-21,194,0,4,4,360,0,0,0,0,0,0,2.0,12.0,4.0,sofascore.com,2026-07-19,Côte d'Ivoire,CIV,E,CAF,38,1750,Emerse Faé,False,False,False,False,5000000.0,25.8,1.0,90.0,0,0,131578.94736842104,Established(31-60),24-27,19029474.692307692,494766342,25.846153846153847,26,0.0,0.0,0,0.0,,75.0,50.0,100.0,131578.94736842104,0.0,90.0,0,0,0.32067673307585753,-0.3286734393151461
470,19,Ousmane Diomande,DEF,Sporting CP,42000000,16,2003-12-04,190,1,1,1,90,0,0,0,0,0,0,0.0,0.0,0.0,sofascore.com,2026-07-19,Côte d'Ivoire,CIV,E,CAF,38,1750,Emerse Faé,True,False,False,False,42000000.0,22.5,1.0,90.0,0,0,2470588.2352941176,Developing(11-30),U23,19029474.692307692,494766342,25.846153846153847,26,0.0,0.0,0,0.0,,,0.0,100.0,2470588.2352941176,0.0625,90.0,1,0,0.3365871833740901,1.2242356843872964
471,19,N'clomande Ghislain Konan,DEF,Gil Vicente FC,3000000,55,1995-12-27,176,0,3,3,270,0,0,0,0,0,0,0.0,0.0,0.0,sofascore.com,2026-07-19,Côte d'Ivoire,CIV,E,CAF,38,1750,Emerse Faé,False,False,False,False,3000000.0,30.5,1.0,90.0,0,0,53571.42857142857,Established(31-60),28-31,19029474.692307692,494766342,25.846153846153847,26,0.0,0.0,0,0.0,,,0.0,100.0,53571.42857142857,0.0,90.0,0,0,0.730949542402458,-1.1121122212769474
472,19,Jean Michael Seri,MID,NK Maribor,1500000,65,1991-07-19,168,4,1,0,13,0,0,0,0,0,0,0.0,0.0,0.0,sofascore.com,2026-07-19,Côte d'Ivoire,CIV,E,CAF,38,1750,Emerse Faé,False,False,False,False,1500000.0,34.9,0.0,13.0,0,0,22727.272727272728,Veteran(60+),32+,19029474.692307692,494766342,25.846153846153847,26,0.0,0.0,0,0.0,,,0.0,0.0,22727.272727272728,0.06153846153846154,13.0,0,3,-0.7528616121385031,-1.6542376420871447
473,19,Wilfried Stephane Singo,DEF,Galatasaray SK,23000000,36,2000-12-25,182,1,2,2,172,0,1,0,0,0,0,0.0,0.0,0.0,sofascore.com,2026-07-19,Côte d'Ivoire,CIV,E,CAF,38,1750,Emerse Faé,False,False,False,False,23000000.0,25.5,1.0,86.0,1,0,621621.6216216217,Established(31-60),24-27,19029474.692307692,494766342,25.846153846153847,26,0.0,0.5232558139534884,1,0.5232558139534884,,,0.0,100.0,621621.6216216217,0.027777777777777776,86.0,1,0,0.9958024623444548,0.6577107415311062
474,19,Seko Mohamed Fofana,MID,FC Porto,8000000,33,1995-05-07,185,7,2,1,92,0,0,1,0,0,0,0.0,0.0,0.0,sofascore.com,2026-07-19,Côte d'Ivoire,CIV,E,CAF,38,1750,Emerse Faé,False,False,False,False,8000000.0,31.1,0.5,46.0,0,1,235294.11764705883,Established(31-60),32+,19029474.692307692,494766342,25.846153846153847,26,0.0,0.0,0,0.0,,,0.0,50.0,235294.11764705883,0.21212121212121213,46.0,0,0,0.10190870629775069,-0.8576722786324775
475,19,Odilon Dorgeless Kossounou,DEF,Atalanta Bergamo,10688600,37,2001-01-04,191,0,4,3,271,0,0,0,0,0,0,0.0,0.0,0.0,sofascore.com,2026-07-19,Côte d'Ivoire,CIV,E,CAF,38,1750,Emerse Faé,False,False,False,False,10688600.0,25.4,0.75,67.75,0,0,281278.94736842107,Established(31-60),24-27,19029474.692307692,494766342,25.846153846153847,26,0.0,0.0,0,0.0,,,0.0,75.0,281278.94736842107,0.0,67.75,0,0,-0.15735673591532276,-0.09167117946078425
476,19,Franck Yannick Kessie,MID,Al Ahli FC,12000000,105,1996-12-19,183,15,4,4,347,1,0,1,0,0,0,0.0,0.0,0.0,sofascore.com,2026-07-19,Côte d'Ivoire,CIV,E,CAF,38,1750,Emerse Faé,False,True,False,False,12000000.0,29.5,1.0,86.75,1,1,113207.54716981133,Veteran(60+),28-31,19029474.692307692,494766342,25.846153846153847,26,0.25936599423631124,0.0,1,0.25936599423631124,347.0,,0.0,100.0,113207.54716981133,0.14285714285714285,86.75,0,0,2.6460688228705083,-1.3869458630804647
477,19,Ange-Yoan Laurent Bonny,FWD,FC Internazionale Milano,35000000,2,2003-10-25,189,0,4,3,236,0,0,0,0,0,0,0.0,0.0,0.0,sofascore.com,2026-07-19,Côte d'Ivoire,CIV,E,CAF,38,1750,Emerse Faé,False,False,False,False,35000000.0,22.6,0.75,59.0,0,0,11666666.666666666,Rookie(<=10),U23,19029474.692307692,494766342,25.846153846153847,26,0.0,0.0,0,0.0,,,0.0,75.0,11666666.666666666,0.0,59.0,1,0,-0.5672259144209104,1.2644979724206615
478,19,Simon Adingra,FWD,AS Monaco,22000000,29,2002-01-01,175,5,1,0,15,0,0,0,0,0,0,0.0,0.0,0.0,sofascore.com,2026-07-19,Côte d'Ivoire,CIV,E,CAF,38,1750,Emerse Faé,False,False,False,False,22000000.0,24.4,0.0,15.0,0,0,733333.3333333334,Developing(11-30),24-27,19029474.692307692,494766342,25.846153846153847,26,0.0,0.0,0,0.0,,,0.0,0.0,733333.3333333334,0.1724137931034483,15.0,1,3,-1.3907222772773271,0.443834514444569
479,19,Yan Diomande,FWD,RB Leipzig,90000000,11,2006-11-14,180,3,4,4,332,0,1,0,0,0,0,0.0,0.0,0.0,sofascore.com,2026-07-19,Côte d'Ivoire,CIV,E,CAF,38,1750,Emerse Faé,True,False,False,False,90000000.0,19.6,1.0,83.0,1,0,7500000.0,Developing(11-30),U23,19029474.692307692,494766342,25.846153846153847,26,0.0,0.27108433734939763,1,0.27108433734939763,,,0.0,100.0,7500000.0,0.2727272727272727,83.0,1,1,1.1562613994237942,3.30954656289512
480,19,Elye Delmas Wahi,FWD,OGC Nice,5936106,3,2003-01-02,181,0,3,1,109,0,0,0,0,0,0,0.0,0.0,0.0,sofascore.com,2026-07-19,Côte d'Ivoire,CIV,E,CAF,38,1750,Emerse Faé,False,False,False,False,5936106.0,23.4,0.3333333333333333,36.333333333333336,0,0,1484026.5,Rookie(<=10),24-27,19029474.692307692,494766342,25.846153846153847,26,0.0,0.0,0,0.0,,,0.0,33.33333333333333,1484026.5,0.0,36.333333333333336,0,3,-1.507167314289301,0.47251818043898264
481,19,Christopher Tea Domoraud Operi,DEF,Ba ş ak ş ehir FK,4000000,12,1997-04-29,183,0,1,1,90,0,0,0,0,0,0,0.0,0.0,0.0,sofascore.com,2026-07-19,Côte d'Ivoire,CIV,E,CAF,38,1750,Emerse Faé,False,False,False,False,4000000.0,29.1,1.0,90.0,0,0,307692.3076923077,Developing(11-30),28-31,19029474.692307692,494766342,25.846153846153847,26,0.0,0.0,0,0.0,,,0.0,100.0,307692.3076923077,0.0,90.0,0,0,0.1526474386144593,-0.4308633134857383
482,19,Oumar Diakite,FWD,Cercle Brugge,5000000,29,2003-12-20,182,6,2,0,26,0,0,0,0,0,0,0.0,0.0,0.0,sofascore.com,2026-07-19,Côte d'Ivoire,CIV,E,CAF,38,1750,Emerse Faé,False,False,False,False,5000000.0,22.5,0.0,13.0,0,0,166666.66666666666,Developing(11-30),U23,19029474.692307692,494766342,25.846153846153847,26,0.0,0.0,0,0.0,,,0.0,0.0,166666.66666666666,0.20689655172413793,13.0,0,3,-1.6437316672227338,0.19951687727295275
483,19,Amad Diallo,FWD,Manchester United FC,45000000,20,2002-07-11,173,7,4,2,185,2,0,0,0,0,0,0.0,0.0,0.0,sofascore.com,2026-07-19,Côte d'Ivoire,CIV,E,CAF,38,1750,Emerse Faé,True,False,False,False,45000000.0,23.9,0.5,46.25,2,0,2142857.1428571427,Developing(11-30),24-27,19029474.692307692,494766342,25.846153846153847,26,0.972972972972973,0.0,2,0.972972972972973,92.5,,0.0,50.0,2142857.1428571427,0.35,46.25,1,1,0.5060918978072078,1.5829551692600003
484,19,Mohamed Kone,GK,Sporting Charleroi,2000000,0,2002-03-07,186,0,0,0,0,0,0,0,0,0,0,0.0,0.0,0.0,Unverified/Unknown,2026-07-19,Côte d'Ivoire,CIV,E,CAF,38,1750,Emerse Faé,False,False,False,False,2000000.0,24.3,0.0,0.0,0,0,2000000.0,Rookie(<=10),24-27,19029474.692307692,494766342,25.846153846153847,26,,,0,,,,,,2000000.0,,0.0,0,3,-2.320774901828878,0.37170877508329236
485,19,Guela Maho-Lewis Doue,DEF,RC Strasbourg,20000000,21,2002-10-17,187,3,4,3,277,0,0,1,0,0,0,0.0,0.0,0.0,sofascore.com,2026-07-19,Côte d'Ivoire,CIV,E,CAF,38,1750,Emerse Faé,False,False,False,False,20000000.0,23.6,0.75,69.25,0,1,909090.9090909091,Developing(11-30),24-27,19029474.692307692,494766342,25.846153846153847,26,0.0,0.0,0,0.0,,,0.0,75.0,909090.9090909091,0.14285714285714285,69.25,1,0,0.13649377967554857,0.44762697891643266
486,19,Ibrahim Sangare,MID,Nottingham Forest FC,20000000,56,1997-12-02,191,11,4,3,268,0,0,0,0,0,0,0.0,0.0,0.0,sofascore.com,2026-07-19,Côte d'Ivoire,CIV,E,CAF,38,1750,Emerse Faé,False,True,False,False,20000000.0,28.5,0.75,67.0,0,0,350877.1929824561,Established(31-60),28-31,19029474.692307692,494766342,25.846153846153847,26,0.0,0.0,0,0.0,,,0.0,75.0,350877.1929824561,0.19642857142857142,67.0,1,0,0.684614512104791,-0.5999986663755437
487,19,Nicolas Pepe,FWD,Villarreal CF,6000000,57,1995-05-29,183,12,4,3,236,2,0,1,0,0,0,0.0,0.0,0.0,sofascore.com,2026-07-19,Côte d'Ivoire,CIV,E,CAF,38,1750,Emerse Faé,False,True,False,False,6000000.0,31.0,0.75,59.0,2,1,103448.27586206897,Established(31-60),28-31,19029474.692307692,494766342,25.846153846153847,26,0.7627118644067796,0.0,2,0.7627118644067796,118.0,,0.0,75.0,103448.27586206897,0.21052631578947367,59.0,0,0,1.7945159407908362,-0.8034499300728206
488,19,Emmanuel Elysee Djedje Agbadou,DEF,Be ş ikta ş  JK,3641636,22,1997-06-17,185,2,3,3,270,0,0,0,0,0,0,0.0,0.0,0.0,sofascore.com,2026-07-19,Côte d'Ivoire,CIV,E,CAF,38,1750,Emerse Faé,False,False,False,False,3641636.0,29.0,1.0,90.0,0,0,158332.0,Developing(11-30),28-31,19029474.692307692,494766342,25.846153846153847,26,0.0,0.0,0,0.0,,,0.0,100.0,158332.0,0.09090909090909091,90.0,0,0,0.33629458939070767,-0.5788759649718539
489,19,Obite Evan Ndicka,DEF,AS Roma,35000000,29,1999-08-20,192,0,0,0,0,0,0,0,0,0,0,0.0,0.0,0.0,Unverified/Unknown,2026-07-19,Côte d'Ivoire,CIV,E,CAF,38,1750,Emerse Faé,False,False,False,False,35000000.0,26.8,0.0,0.0,0,0,1166666.6666666667,Developing(11-30),24-27,19029474.692307692,494766342,25.846153846153847,26,,,0,,,,,,1166666.6666666667,0.0,0.0,1,3,-1.5095105137106715,0.6120096711046443
490,19,Evann Ludovic Vidjannagni Guessand,FWD,Crystal Palace FC,25000000,21,2001-07-01,188,4,2,0,16,0,0,0,0,0,0,0.0,0.0,0.0,sofascore.com,2026-07-19,Côte d'Ivoire,CIV,E,CAF,38,1750,Emerse Faé,False,False,False,False,25000000.0,24.9,0.0,8.0,0,0,1136363.6363636365,Developing(11-30),24-27,19029474.692307692,494766342,25.846153846153847,26,0.0,0.0,0,0.0,,,0.0,0.0,1136363.6363636365,0.19047619047619047,8.0,1,3,-1.557446791601036,0.5823106265623297
491,19,Alban-Marc Lafont,GK,Panathinaikos FC,3000000,4,1999-01-23,196,0,0,0,0,0,0,0,0,0,0,0.0,0.0,0.0,Unverified/Unknown,2026-07-19,Côte d'Ivoire,CIV,E,CAF,38,1750,Emerse Faé,False,False,False,False,3000000.0,27.4,0.0,0.0,0,0,600000.0,Rookie(<=10),28-31,19029474.692307692,494766342,25.846153846153847,26,,,0,,,,,,600000.0,0.0,0.0,0,3,-2.122246420278887,0.006561217210024202
492,19,Bazoumana Toure,FWD,TSG Hoffenheim,40000000,7,2006-03-02,178,2,3,1,80,0,0,0,0,0,0,0.0,0.0,0.0,sofascore.com,2026-07-19,Côte d'Ivoire,CIV,E,CAF,38,1750,Emerse Faé,False,False,False,False,40000000.0,20.3,0.3333333333333333,26.666666666666668,0,0,5000000.0,Rookie(<=10),U23,19029474.692307692,494766342,25.846153846153847,26,0.0,0.0,0,0.0,,,0.0,33.33333333333333,5000000.0,0.2857142857142857,26.666666666666668,1,3,-1.2936973954668423,1.6287665145651402
493,19,Parfait Guiagon,MID,Sporting Charleroi,5000000,5,2001-02-22,165,0,0,0,0,0,0,0,0,0,0,0.0,0.0,0.0,Unverified/Unknown,2026-07-19,Côte d'Ivoire,CIV,E,CAF,38,1750,Emerse Faé,False,False,False,False,5000000.0,25.3,0.0,0.0,0,0,833333.3333333334,Rookie(<=10),24-27,19029474.692307692,494766342,25.846153846153847,26,,,0,,,,,,833333.3333333334,0.0,0.0,0,3,-2.1834252015187046,0.2801939252884694
494,19,Christ Ravynel Inao Oulai,MID,Trabzonspor,23000000,10,2006-04-06,173,0,4,2,207,0,0,0,0,0,0,0.0,0.0,0.0,sofascore.com,2026-07-19,Côte d'Ivoire,CIV,E,CAF,38,1750,Emerse Faé,False,False,False,False,23000000.0,20.2,0.5,51.75,0,0,2090909.0909090908,Rookie(<=10),U23,19029474.692307692,494766342,25.846153846153847,26,0.0,0.0,0,0.0,,,0.0,50.0,2090909.0909090908,0.0,51.75,1,3,-1.033544340937628,1.158454833679494
495,20,Hernán Ismael Galindez,GK,CA Huracán,300000,36,1987-03-30,189,0,4,4,360,0,0,0,0,0,0,1.0,25.0,4.0,sofascore.com,2026-07-19,Ecuador,ECU,E,CONMEBOL,23,1870,Sebastián Beccacece,False,False,False,False,300000.0,39.2,1.0,90.0,0,0,8108.108108108108,Established(31-60),32+,9953357.23076923,258787288,26.088461538461537,26,0.0,0.0,0,0.0,,86.20689655172413,25.0,100.0,8108.108108108108,0.0,90.0,0,0,0.9958487969397795,-1.599032549052999
496,20,Félix Eduardo Torres,DEF,SC Internacional,13319015,49,1997-01-11,187,5,1,0,5,0,0,0,0,0,0,0.0,0.0,0.0,sofascore.com,2026-07-19,Ecuador,ECU,E,CONMEBOL,23,1870,Sebastián Beccacece,False,False,False,False,13319015.0,29.4,0.0,5.0,0,0,266380.3,Established(31-60),28-31,9953357.23076923,258787288,26.088461538461537,26,0.0,0.0,0,0.0,,,0.0,0.0,266380.3,0.10204081632653061,5.0,0,3,-1.0028808616684686,-0.23072942196461266
497,20,Piero Martin Hincapie,DEF,Arsenal FC,7459595,53,2002-01-09,183,2,4,4,341,0,0,1,1,0,0,0.0,0.0,0.0,sofascore.com,2026-07-19,Ecuador,ECU,E,CONMEBOL,23,1870,Sebastián Beccacece,False,False,False,False,7459595.0,24.4,1.0,85.25,0,4,138140.64814814815,Established(31-60),24-27,9953357.23076923,258787288,26.088461538461537,26,0.0,0.0,0,0.0,,,0.0,100.0,138140.64814814815,0.03773584905660377,85.25,0,0,2.023917942941864,-0.13993223535490074
498,20,Joel Leandro Ordonez,DEF,Club Brugge,10213280,18,2004-04-21,188,0,3,3,226,0,0,0,0,0,0,0.0,0.0,0.0,sofascore.com,2026-07-19,Ecuador,ECU,E,CONMEBOL,23,1870,Sebastián Beccacece,False,False,False,False,10213280.0,22.1,1.0,75.33333333333333,0,0,537541.052631579,Developing(11-30),U23,9953357.23076923,258787288,26.088461538461537,26,0.0,0.0,0,0.0,,,0.0,100.0,537541.052631579,0.0,75.33333333333333,0,0,-0.07260875015881747,0.7814577705478155
499,20,Jordy Jose Alcivar,MID,Independiente Del Valle,5599619,11,1999-08-05,168,1,1,1,46,0,0,1,0,0,0,0.0,0.0,0.0,sofascore.com,2026-07-19,Ecuador,ECU,E,CONMEBOL,23,1870,Sebastián Beccacece,False,False,False,False,5599619.0,26.9,1.0,46.0,0,1,466634.9166666667,Developing(11-30),24-27,9953357.23076923,258787288,26.088461538461537,26,0.0,0.0,0,0.0,,,0.0,100.0,466634.9166666667,0.09090909090909091,46.0,0,0,0.0257709833845867,0.18403342631605907
500,20,Willian Joel Pacho,DEF,Paris Saint-Germain,14162504,35,2001-10-16,188,2,4,4,360,0,0,0,0,0,0,0.0,0.0,0.0,sofascore.com,2026-07-19,Ecuador,ECU,E,CONMEBOL,23,1870,Sebastián Beccacece,False,False,False,False,14162504.0,24.7,1.0,90.0,0,0,393402.8888888889,Established(31-60),24-27,9953357.23076923,258787288,26.088461538461537,26,0.0,0.0,0,0.0,,,0.0,100.0,393402.8888888889,0.05714285714285714,90.0,0,0,0.5468799678764384,0.34994567801063414
501,20,Pervis Josue Estupinan,DEF,AC Milan,12184475,54,1998-01-21,175,5,2,1,90,0,0,0,0,0,0,0.0,0.0,0.0,sofascore.com,2026-07-19,Ecuador,ECU,E,CONMEBOL,23,1870,Sebastián Beccacece,False,False,False,False,12184475.0,28.4,0.5,45.0,0,0,221535.9090909091,Established(31-60),28-31,9953357.23076923,258787288,26.088461538461537,26,0.0,0.0,0,0.0,,,0.0,50.0,221535.9090909091,0.09259259259259259,45.0,0,0,-0.01606591595412927,-0.29312862831071723
502,20,Anthony Lenin Valencia,MID,Royal Antwerp FC,10507076,3,2003-07-21,173,1,0,0,0,0,0,0,0,0,0,0.0,0.0,0.0,Unverified/Unknown,2026-07-19,Ecuador,ECU,E,CONMEBOL,23,1870,Sebastián Beccacece,False,False,False,False,10507076.0,22.9,0.0,0.0,0,0,2626769.0,Rookie(<=10),U23,9953357.23076923,258787288,26.088461538461537,26,,,0,,,,,,2626769.0,0.3333333333333333,0.0,0,3,-2.0885189773089143,1.0253954718930025
503,20,John Yeboah,FWD,Venezia FC,6316718,23,2000-06-23,170,3,4,4,315,0,0,0,0,0,0,0.0,0.0,0.0,sofascore.com,2026-07-19,Ecuador,ECU,E,CONMEBOL,23,1870,Sebastián Beccacece,False,False,False,False,6316718.0,26.0,1.0,78.75,0,0,263196.5833333333,Developing(11-30),24-27,9953357.23076923,258787288,26.088461538461537,26,0.0,0.0,0,0.0,,,0.0,100.0,263196.5833333333,0.13043478260869565,78.75,0,0,0.270214142548151,0.1352448654395945
504,20,Ray Kendry Paez,MID,CA River Plate,9973651,26,2007-05-04,178,2,1,0,11,0,0,1,0,0,0,0.0,0.0,0.0,sofascore.com,2026-07-19,Ecuador,ECU,E,CONMEBOL,23,1870,Sebastián Beccacece,False,False,False,False,9973651.0,19.1,0.0,11.0,0,1,369394.48148148146,Developing(11-30),U23,9953357.23076923,258787288,26.088461538461537,26,0.0,0.0,0,0.0,,,0.0,0.0,369394.48148148146,0.07692307692307693,11.0,0,3,-1.4605783258459353,1.103412689782487
505,20,Kevin Jose Rodriguez,FWD,Royale Union Saint-Gilloise,6049189,32,2000-03-04,190,2,4,0,114,0,0,0,0,0,0,0.0,0.0,0.0,sofascore.com,2026-07-19,Ecuador,ECU,E,CONMEBOL,23,1870,Sebastián Beccacece,False,False,False,False,6049189.0,26.3,0.0,28.5,0,0,183308.75757575757,Established(31-60),24-27,9953357.23076923,258787288,26.088461538461537,26,0.0,0.0,0,0.0,,,0.0,0.0,183308.75757575757,0.0625,28.5,0,3,-1.2352666595140818,0.1515547846283725
506,20,Wellington Moisés Ramirez,GK,AE Kifisia FC,13662114,7,2000-09-09,185,0,0,0,0,0,0,0,0,0,0,0.0,0.0,0.0,Unverified/Unknown,2026-07-19,Ecuador,ECU,E,CONMEBOL,23,1870,Sebastián Beccacece,False,False,False,False,13662114.0,25.8,0.0,0.0,0,0,1707764.25,Rookie(<=10),24-27,9953357.23076923,258787288,26.088461538461537,26,,,0,,,,,,1707764.25,0.0,0.0,0,3,-1.9112699697982407,0.7551409144218247
507,20,Enner Remberto Valencia,FWD,CF Pachuca,10214695,106,1989-11-04,177,49,4,4,290,0,0,0,0,0,0,0.0,0.0,0.0,sofascore.com,2026-07-19,Ecuador,ECU,E,CONMEBOL,23,1870,Sebastián Beccacece,False,True,False,False,10214695.0,36.6,1.0,72.5,0,0,95464.43925233645,Veteran(60+),32+,9953357.23076923,258787288,26.088461538461537,26,0.0,0.0,0,0.0,,,0.0,100.0,95464.43925233645,0.46226415094339623,72.5,0,2,3.3236991685445427,-2.6741501502818714
508,20,Alan Steve Minda,MID,Atlético Mineiro,10962005,21,2003-05-14,174,2,1,1,56,0,0,0,0,0,0,0.0,0.0,0.0,sofascore.com,2026-07-19,Ecuador,ECU,E,CONMEBOL,23,1870,Sebastián Beccacece,False,False,False,False,10962005.0,23.1,1.0,56.0,0,0,498272.95454545453,Developing(11-30),24-27,9953357.23076923,258787288,26.088461538461537,26,0.0,0.0,0,0.0,,,0.0,100.0,498272.95454545453,0.09523809523809523,56.0,0,0,-0.15626635217139334,0.6392307410537399
509,20,Pedro Jeampierre Vite,MID,Pumas UNAM,13002779,18,2002-03-09,172,1,4,4,360,0,1,0,0,0,0,0.0,0.0,0.0,sofascore.com,2026-07-19,Ecuador,ECU,E,CONMEBOL,23,1870,Sebastián Beccacece,False,False,False,False,13002779.0,24.3,1.0,90.0,1,0,684356.7894736842,Developing(11-30),24-27,9953357.23076923,258787288,26.088461538461537,26,0.0,0.25,1,0.25,,,0.0,100.0,684356.7894736842,0.05555555555555555,90.0,0,0,0.802525322552849,1.0667569296859076
510,20,Jordy Josue Caicedo,FWD,CA Huracán,12750109,20,1997-11-18,186,4,3,0,17,0,0,0,0,0,0,0.0,0.0,0.0,sofascore.com,2026-07-19,Ecuador,ECU,E,CONMEBOL,23,1870,Sebastián Beccacece,False,False,False,False,12750109.0,28.6,0.0,5.666666666666667,0,0,607148.0476190476,Developing(11-30),28-31,9953357.23076923,258787288,26.088461538461537,26,0.0,0.0,0,0.0,,,0.0,0.0,607148.0476190476,0.2,5.666666666666667,0,3,-1.4258217800382191,0.19666204190368047
511,20,Ángelo Smit Preciado,DEF,Atlético Mineiro,5533861,57,1998-02-18,174,0,4,0,105,0,0,0,0,0,0,0.0,0.0,0.0,sofascore.com,2026-07-19,Ecuador,ECU,E,CONMEBOL,23,1870,Sebastián Beccacece,False,False,False,False,5533861.0,28.3,0.0,26.25,0,0,95411.39655172414,Established(31-60),28-31,9953357.23076923,258787288,26.088461538461537,26,0.0,0.0,0,0.0,,,0.0,0.0,95411.39655172414,0.0,26.25,0,3,-0.9429226786302025,-0.3389178068203724
512,20,Denil Daniel Castillo,MID,FC Midtjylland,4413076,5,2004-03-24,189,0,0,0,0,0,0,0,0,0,0,0.0,0.0,0.0,Unverified/Unknown,2026-07-19,Ecuador,ECU,E,CONMEBOL,23,1870,Sebastián Beccacece,False,False,False,False,4413076.0,22.2,0.0,0.0,0,0,735512.6666666666,Rookie(<=10),U23,9953357.23076923,258787288,26.088461538461537,26,,,0,,,,,,735512.6666666666,0.0,0.0,0,3,-2.193866323542222,0.9388464553264025
513,20,Gonzalo Jordy Plata,FWD,CR Flamengo,4381410,51,2000-11-01,178,8,4,4,360,1,0,1,0,0,0,0.0,0.0,0.0,sofascore.com,2026-07-19,Ecuador,ECU,E,CONMEBOL,23,1870,Sebastián Beccacece,False,False,False,False,4381410.0,25.6,1.0,90.0,1,1,84257.88461538461,Established(31-60),24-27,9953357.23076923,258787288,26.088461538461537,26,0.25,0.0,1,0.25,360.0,,0.0,100.0,84257.88461538461,0.1568627450980392,90.0,0,0,1.663188123566847,-0.07937736381448585
514,20,Nilson David Angulo,FWD,Sunderland AFC,8661312,15,2003-06-19,184,2,4,2,217,1,0,0,0,0,0,0.0,0.0,0.0,sofascore.com,2026-07-19,Ecuador,ECU,E,CONMEBOL,23,1870,Sebastián Beccacece,False,False,False,False,8661312.0,23.0,0.5,54.25,1,0,541332.0,Developing(11-30),U23,9953357.23076923,258787288,26.088461538461537,26,0.4147465437788018,0.0,1,0.4147465437788018,217.0,,0.0,50.0,541332.0,0.13333333333333333,54.25,0,3,-0.3369285542601768,0.9580628127342947
515,20,Alan Steven Franco,MID,Atlético Mineiro,6237924,59,1998-08-21,175,1,4,4,255,0,0,2,0,0,0,0.0,0.0,0.0,sofascore.com,2026-07-19,Ecuador,ECU,E,CONMEBOL,23,1870,Sebastián Beccacece,False,False,False,False,6237924.0,27.8,1.0,63.75,0,2,103965.4,Established(31-60),28-31,9953357.23076923,258787288,26.088461538461537,26,0.0,0.0,0,0.0,,,0.0,100.0,103965.4,0.01694915254237288,63.75,0,0,1.2326146454688598,-0.510017237405859
516,20,Gonzalo Roberto Valle,GK,LDU Quito,14382507,4,1996-02-28,186,0,0,0,0,0,0,0,0,0,0,0.0,0.0,0.0,Unverified/Unknown,2026-07-19,Ecuador,ECU,E,CONMEBOL,23,1870,Sebastián Beccacece,False,False,False,False,14382507.0,30.3,0.0,0.0,0,0,2876501.4,Rookie(<=10),28-31,9953357.23076923,258787288,26.088461538461537,26,,,0,,,,,,2876501.4,0.0,0.0,0,3,-1.7384156773385355,0.30848106179659046
517,20,Moisés Isaac Caicedo,MID,Chelsea FC,14347943,62,2001-11-02,178,3,4,4,360,0,1,1,0,0,0,0.0,0.0,0.0,sofascore.com,2026-07-19,Ecuador,ECU,E,CONMEBOL,23,1870,Sebastián Beccacece,False,False,False,False,14347943.0,24.6,1.0,90.0,1,1,227745.12698412698,Veteran(60+),24-27,9953357.23076923,258787288,26.088461538461537,26,0.0,0.25,1,0.25,,,0.0,100.0,227745.12698412698,0.04838709677419355,90.0,0,0,1.7877045133674316,0.4871147681975235
518,20,Jeremy Alberto Arevalo,FWD,VfB Stuttgart,15938236,4,2005-03-19,182,0,0,0,0,0,0,0,0,0,0,0.0,0.0,0.0,Unverified/Unknown,2026-07-19,Ecuador,ECU,E,CONMEBOL,23,1870,Sebastián Beccacece,False,False,False,False,15938236.0,21.2,0.0,0.0,0,0,3187647.2,Rookie(<=10),U23,9953357.23076923,258787288,26.088461538461537,26,,,0,,,,,,3187647.2,0.0,0.0,0,3,-2.1307237996531443,1.360299857134204
519,20,Jackson Gabriel Porozo,DEF,Club Tijuana,11733933,10,2000-08-04,192,1,1,0,28,0,0,1,0,0,0,0.0,0.0,0.0,sofascore.com,2026-07-19,Ecuador,ECU,E,CONMEBOL,23,1870,Sebastián Beccacece,False,False,False,False,11733933.0,25.9,0.0,28.0,0,1,1066721.1818181819,Rookie(<=10),24-27,9953357.23076923,258787288,26.088461538461537,26,0.0,0.0,0,0.0,,,0.0,0.0,1066721.1818181819,0.1,28.0,0,3,-1.1540424072922133,0.5800980524067295
520,20,Yaimar Abel Medina,DEF,KRC Genk,16480262,6,2004-11-05,173,0,1,0,44,0,0,0,0,0,0,0.0,0.0,0.0,sofascore.com,2026-07-19,Ecuador,ECU,E,CONMEBOL,23,1870,Sebastián Beccacece,False,False,False,False,16480262.0,21.6,0.0,44.0,0,0,2354323.1428571427,Rookie(<=10),U23,9953357.23076923,258787288,26.088461538461537,26,0.0,0.0,0,0.0,,,0.0,0.0,2354323.1428571427,0.0,44.0,0,3,-1.5304517589772981,1.2656425269266847
521,21,Bart Verbruggen,GK,Brighton & Hove Albion FC,40000000,30,2002-08-18,193,0,4,4,390,0,0,0,0,0,0,0.0,12.0,5.0,sofascore.com,2026-07-19,Netherlands,NED,F,UEFA,8,1980,Ronald Koeman,False,False,False,False,40000000.0,23.8,1.0,97.5,0,0,1290322.5806451612,Developing(11-30),24-27,29431444.076923076,765217546,27.77692307692308,26,0.0,0.0,0,0.0,,70.58823529411765,0.0,100.0,1290322.5806451612,0.0,97.5,1,1,0.8631107877983816,1.5061614014676699
522,21,Lutsharel Emiliano Geertruida,DEF,Sunderland AFC,20000000,21,2000-07-18,185,0,0,0,0,0,0,0,0,0,0,0.0,0.0,0.0,Unverified/Unknown,2026-07-19,Netherlands,NED,F,UEFA,8,1980,Ronald Koeman,False,False,False,False,20000000.0,25.9,0.0,0.0,0,0,909090.9090909091,Developing(11-30),24-27,29431444.076923076,765217546,27.77692307692308,26,,,0,,,,,,909090.9090909091,0.0,0.0,1,3,-1.54580601283423,1.047419810075231
523,21,Marten Elco De Roon,MID,Atalanta Bergamo,3200000,43,1991-03-29,186,1,1,0,10,0,0,0,0,0,0,0.0,0.0,0.0,sofascore.com,2026-07-19,Netherlands,NED,F,UEFA,8,1980,Ronald Koeman,False,False,False,False,3200000.0,35.2,0.0,10.0,0,0,72727.27272727272,Established(31-60),32+,29431444.076923076,765217546,27.77692307692308,26,0.0,0.0,0,0.0,,,0.0,0.0,72727.27272727272,0.023255813953488372,10.0,0,3,-0.8742501392425189,-0.7034912398369035
524,21,Virgil Van Dijk,DEF,Liverpool FC,15000000,93,1991-07-08,195,13,4,4,390,1,0,0,0,0,0,0.0,0.0,0.0,sofascore.com,2026-07-19,Netherlands,NED,F,UEFA,8,1980,Ronald Koeman,False,True,False,False,15000000.0,34.9,1.0,97.5,1,0,159574.46808510637,Veteran(60+),32+,29431444.076923076,765217546,27.77692307692308,26,0.23076923076923078,0.0,1,0.23076923076923078,390.0,,0.0,100.0,159574.46808510637,0.13978494623655913,97.5,0,0,2.7468770492817813,-1.0790452170405862
525,21,Nathan Benjamin Ake,DEF,Manchester City FC,12000000,60,1995-02-18,180,5,3,2,170,0,0,1,0,0,0,0.0,0.0,0.0,sofascore.com,2026-07-19,Netherlands,NED,F,UEFA,8,1980,Ronald Koeman,False,False,False,False,12000000.0,31.3,0.6666666666666666,56.666666666666664,0,1,196721.31147540984,Established(31-60),32+,29431444.076923076,765217546,27.77692307692308,26,0.0,0.0,0,0.0,,,0.0,66.66666666666666,196721.31147540984,0.08333333333333333,56.666666666666664,0,0,0.9657340310743037,-0.451457181733147
526,21,Paul Jan-Paul Van Hecke,DEF,Brighton & Hove Albion FC,40926235,13,2000-06-08,189,0,4,4,390,1,0,0,0,0,0,0.0,0.0,0.0,sofascore.com,2026-07-19,Netherlands,NED,F,UEFA,8,1980,Ronald Koeman,False,False,False,False,40926235.0,26.0,1.0,97.5,1,0,2923302.5,Developing(11-30),24-27,29431444.076923076,765217546,27.77692307692308,26,0.23076923076923078,0.0,1,0.23076923076923078,390.0,,0.0,100.0,2923302.5,0.0,97.5,1,1,1.1872150455218018,1.73039820106511
527,21,Justin Dean Kluivert,MID,AFC Bournemouth,25000000,12,1999-05-05,173,0,2,0,25,0,0,0,0,0,0,0.0,0.0,0.0,sofascore.com,2026-07-19,Netherlands,NED,F,UEFA,8,1980,Ronald Koeman,False,False,False,False,25000000.0,27.1,0.0,12.5,0,0,1923076.923076923,Developing(11-30),28-31,29431444.076923076,765217546,27.77692307692308,26,0.0,0.0,0,0.0,,,0.0,0.0,1923076.923076923,0.0,12.5,1,3,-1.3929507318571612,1.1365559707147943
528,21,Ryan Jiro Gravenberch,MID,Liverpool FC,80000000,28,2002-05-16,190,1,4,4,347,0,2,0,0,0,0,0.0,0.0,0.0,sofascore.com,2026-07-19,Netherlands,NED,F,UEFA,8,1980,Ronald Koeman,True,False,False,False,80000000.0,24.1,1.0,86.75,2,0,2758620.6896551726,Developing(11-30),24-27,29431444.076923076,765217546,27.77692307692308,26,0.0,0.5187319884726225,2,0.5187319884726225,,,0.0,100.0,2758620.6896551726,0.03571428571428571,86.75,1,1,2.2262071525016807,3.5019285780198044
529,21,Wout François Maria Weghorst,FWD,AFC Ajax,2000000,52,1992-08-07,197,14,1,0,49,0,0,0,0,0,0,0.0,0.0,0.0,sofascore.com,2026-07-19,Netherlands,NED,F,UEFA,8,1980,Ronald Koeman,False,True,False,False,2000000.0,33.8,0.0,49.0,0,0,37735.84905660377,Established(31-60),32+,29431444.076923076,765217546,27.77692307692308,26,0.0,0.0,0,0.0,,,0.0,0.0,37735.84905660377,0.2692307692307692,49.0,0,3,0.10214586973465213,-0.9384853219134748
530,21,Memphis Depay,FWD,SC Corinthians,7000000,110,1994-02-13,178,55,3,0,51,0,1,1,0,0,0,0.0,0.0,0.0,sofascore.com,2026-07-19,Netherlands,NED,F,UEFA,8,1980,Ronald Koeman,False,True,True,False,7000000.0,32.3,0.0,17.0,1,1,63063.06306306306,Veteran(60+),32+,29431444.076923076,765217546,27.77692307692308,26,0.0,1.7647058823529411,1,1.7647058823529411,,,0.0,0.0,63063.06306306306,0.5,17.0,0,2,2.6994355006285327,-1.523922742175859
531,21,Cody Mathès Gakpo,FWD,Liverpool FC,60000000,51,1999-05-07,193,21,4,4,372,3,1,0,0,0,0,0.0,0.0,0.0,sofascore.com,2026-07-19,Netherlands,NED,F,UEFA,8,1980,Ronald Koeman,True,True,False,False,60000000.0,27.1,1.0,93.0,4,0,1153846.1538461538,Established(31-60),28-31,29431444.076923076,765217546,27.77692307692308,26,0.7258064516129032,0.24193548387096775,4,0.967741935483871,124.0,,0.0,100.0,1153846.1538461538,0.4117647058823529,93.0,1,1,3.950019672433413,2.294370563549408
532,21,Mats Henrik Berne Wieffer,DEF,Brighton & Hove Albion FC,25000000,15,1999-11-16,189,1,0,0,0,0,0,0,0,0,0,0.0,0.0,0.0,Unverified/Unknown,2026-07-19,Netherlands,NED,F,UEFA,8,1980,Ronald Koeman,False,False,False,False,25000000.0,26.6,0.0,0.0,0,0,1562500.0,Developing(11-30),24-27,29431444.076923076,765217546,27.77692307692308,26,,,0,,,,,,1562500.0,0.06666666666666667,0.0,1,3,-1.500794256707379,1.152102876211755
533,21,Robin Gerardus Petrus Roefs,GK,Sunderland AFC,28000000,1,2003-01-17,193,0,0,0,0,0,0,0,0,0,0,0.0,0.0,0.0,Unverified/Unknown,2026-07-19,Netherlands,NED,F,UEFA,8,1980,Ronald Koeman,False,False,False,False,28000000.0,23.4,0.0,0.0,0,0,14000000.0,Rookie(<=10),24-27,29431444.076923076,765217546,27.77692307692308,26,,,0,,,,,,14000000.0,0.0,0.0,1,3,-1.8191589612169854,1.7650542661272761
534,21,Tijjani Martinus Jan Reijnders,MID,Manchester City FC,50000000,33,1998-07-29,178,7,3,3,201,0,0,0,0,0,0,0.0,0.0,0.0,sofascore.com,2026-07-19,Netherlands,NED,F,UEFA,8,1980,Ronald Koeman,True,False,False,False,50000000.0,27.9,1.0,67.0,0,0,1470588.2352941176,Established(31-60),28-31,29431444.076923076,765217546,27.77692307692308,26,0.0,0.0,0,0.0,,,0.0,100.0,1470588.2352941176,0.21212121212121213,67.0,1,1,1.0489682201043273,1.1854431125599638
535,21,Micky Van De Ven,DEF,Tottenham Hotspur FC,50000000,22,2001-04-19,193,1,3,3,266,0,0,1,0,0,0,0.0,0.0,0.0,sofascore.com,2026-07-19,Netherlands,NED,F,UEFA,8,1980,Ronald Koeman,True,False,False,False,50000000.0,25.1,1.0,88.66666666666667,0,1,2173913.0434782607,Developing(11-30),24-27,29431444.076923076,765217546,27.77692307692308,26,0.0,0.0,0,0.0,,,0.0,100.0,2173913.0434782607,0.045454545454545456,88.66666666666667,1,1,1.2018993691430708,1.6690127825760548
536,21,Guus Berend Til,MID,PSV Eindhoven,15000000,7,1997-12-22,188,1,1,0,31,0,0,0,0,0,0,0.0,0.0,0.0,sofascore.com,2026-07-19,Netherlands,NED,F,UEFA,8,1980,Ronald Koeman,False,False,False,False,15000000.0,28.5,0.0,31.0,0,0,1875000.0,Rookie(<=10),28-31,29431444.076923076,765217546,27.77692307692308,26,0.0,0.0,0,0.0,,,0.0,0.0,1875000.0,0.14285714285714285,31.0,0,3,-1.228636268344525,0.7458417553687401
537,21,Noa Noëll Lang,FWD,Galatasaray SK,22000000,15,1999-06-17,176,3,2,0,7,0,0,0,0,0,0,0.0,0.0,0.0,sofascore.com,2026-07-19,Netherlands,NED,F,UEFA,8,1980,Ronald Koeman,False,False,False,False,22000000.0,27.0,0.0,3.5,0,0,1375000.0,Developing(11-30),24-27,29431444.076923076,765217546,27.77692307692308,26,0.0,0.0,0,0.0,,,0.0,0.0,1375000.0,0.2,3.5,1,3,-1.400639563662522,0.9930065466775061
538,21,Donyell Malen,FWD,AS Roma,45000000,54,1999-01-19,178,13,3,3,188,0,0,0,0,0,0,0.0,0.0,0.0,sofascore.com,2026-07-19,Netherlands,NED,F,UEFA,8,1980,Ronald Koeman,True,True,False,False,45000000.0,27.4,1.0,62.666666666666664,0,0,818181.8181818182,Established(31-60),28-31,29431444.076923076,765217546,27.77692307692308,26,0.0,0.0,0,0.0,,,0.0,100.0,818181.8181818182,0.24074074074074073,62.666666666666664,1,1,1.385521547226589,0.770550768629697
539,21,Brian Ebenezer Adjei Brobbey,FWD,Sunderland AFC,30000000,13,2002-02-01,181,1,4,3,225,3,0,0,0,0,0,0.0,0.0,0.0,sofascore.com,2026-07-19,Netherlands,NED,F,UEFA,8,1980,Ronald Koeman,False,False,False,False,30000000.0,24.4,0.75,56.25,3,0,2142857.1428571427,Developing(11-30),24-27,29431444.076923076,765217546,27.77692307692308,26,1.2000000000000002,0.0,3,1.2000000000000002,75.0,,0.0,75.0,2142857.1428571427,0.07692307692307693,56.25,1,1,1.1254248543676741,2.1655156414175574
540,21,Teun Koopmeiners,MID,Juventus FC,29091311,29,1998-02-28,185,3,4,0,118,0,0,0,0,0,0,0.0,0.0,0.0,sofascore.com,2026-07-19,Netherlands,NED,F,UEFA,8,1980,Ronald Koeman,False,False,False,False,29091311.0,28.3,0.0,29.5,0,0,969710.3666666667,Developing(11-30),28-31,29431444.076923076,765217546,27.77692307692308,26,0.0,0.0,0,0.0,,,0.0,0.0,969710.3666666667,0.10344827586206896,29.5,1,3,-0.7707600143921017,0.8453537761707383
541,21,Frenkie De Jong,MID,FC Barcelona,35000000,67,1997-05-12,181,2,4,4,331,0,0,0,0,0,0,0.0,0.0,0.0,sofascore.com,2026-07-19,Netherlands,NED,F,UEFA,8,1980,Ronald Koeman,False,False,False,False,35000000.0,29.1,1.0,82.75,0,0,514705.8823529412,Veteran(60+),28-31,29431444.076923076,765217546,27.77692307692308,26,0.0,0.0,0,0.0,,,0.0,100.0,514705.8823529412,0.029850746268656716,82.75,1,0,1.3858480908297877,0.3375954662857403
542,21,Denzel Justus Morris Dumfries,DEF,FC Internazionale Milano,25000000,73,1996-04-18,188,11,4,4,390,0,2,0,0,0,0,0.0,0.0,0.0,sofascore.com,2026-07-19,Netherlands,NED,F,UEFA,8,1980,Ronald Koeman,False,True,False,False,25000000.0,30.1,1.0,97.5,2,0,337837.8378378378,Veteran(60+),28-31,29431444.076923076,765217546,27.77692307692308,26,0.0,0.46153846153846156,2,0.46153846153846156,,,0.0,100.0,337837.8378378378,0.1506849315068493,97.5,1,1,2.954784452679847,0.7085477321895902
543,21,Mark Maria Hubertus Flekken,GK,Bayer 04 Leverkusen,6000000,12,1993-06-13,195,0,0,0,0,0,0,0,0,0,0,0.0,0.0,0.0,Unverified/Unknown,2026-07-19,Netherlands,NED,F,UEFA,8,1980,Ronald Koeman,False,False,False,False,6000000.0,33.0,0.0,0.0,0,0,461538.46153846156,Developing(11-30),32+,29431444.076923076,765217546,27.77692307692308,26,,,0,,,,,,461538.46153846156,0.0,0.0,0,3,-1.4832145741492258,4.120711106755051e-06
544,21,Crysencio Jilbert Sylverio Cir Summerville,FWD,West Ham United FC,35000000,3,2001-10-30,172,1,4,2,252,2,2,1,0,0,0,0.0,0.0,0.0,sofascore.com,2026-07-19,Netherlands,NED,F,UEFA,8,1980,Ronald Koeman,False,False,False,False,35000000.0,24.6,0.5,63.0,4,1,8750000.0,Rookie(<=10),24-27,29431444.076923076,765217546,27.77692307692308,26,0.7142857142857142,0.7142857142857142,4,1.4285714285714284,126.0,,0.0,50.0,8750000.0,0.3333333333333333,63.0,1,1,1.8919998833608005,3.09982776254421
545,21,Jorrel Evan Hato,DEF,Chelsea FC,40000000,8,2006-03-07,182,0,1,0,34,0,0,0,0,0,0,0.0,0.0,0.0,sofascore.com,2026-07-19,Netherlands,NED,F,UEFA,8,1980,Ronald Koeman,False,False,False,False,40000000.0,20.3,0.0,34.0,0,0,4444444.444444444,Rookie(<=10),U23,29431444.076923076,765217546,27.77692307692308,26,0.0,0.0,0,0.0,,,0.0,0.0,4444444.444444444,0.0,34.0,1,3,-1.3208027824208004,2.3075842941148843
546,21,Quinten Ryan Crispito Timber,MID,Olympique Marseille,25000000,12,2001-06-17,176,1,2,0,54,0,0,0,0,0,0,0.0,0.0,0.0,sofascore.com,2026-07-19,Netherlands,NED,F,UEFA,8,1980,Ronald Koeman,False,False,False,False,25000000.0,25.0,0.0,27.0,0,0,1923076.923076923,Developing(11-30),24-27,29431444.076923076,765217546,27.77692307692308,26,0.0,0.0,0,0.0,,,0.0,0.0,1923076.923076923,0.08333333333333333,27.0,1,3,-1.2704665979704712,1.339654392397872
547,22,Zion Suzuki,GK,Parma,20000000,26,2002-08-21,190,0,4,4,360,0,0,0,0,0,0,1.0,11.0,5.0,sofascore.com,2026-07-19,Japan,JPN,F,AFC,18,1880,Hajime Moriyasu,False,False,False,False,20000000.0,23.8,1.0,90.0,0,0,740740.7407407408,Developing(11-30),24-27,10417307.692307692,270850000,27.49230769230769,26,0.0,0.0,0,0.0,,68.75,25.0,100.0,740740.7407407408,0.0,90.0,1,0,0.3989817831620915,0.7669248260084852
548,22,Yukinari Sugawara,DEF,SV Werder Bremen,5500000,23,2000-06-28,179,2,4,1,145,0,0,0,0,0,0,0.0,0.0,0.0,sofascore.com,2026-07-19,Japan,JPN,F,AFC,18,1880,Hajime Moriyasu,False,False,False,False,5500000.0,26.0,0.25,36.25,0,0,229166.66666666666,Developing(11-30),24-27,10417307.692307692,270850000,27.49230769230769,26,0.0,0.0,0,0.0,,,0.0,25.0,229166.66666666666,0.08695652173913043,36.25,0,3,-1.0158340092676308,0.2710936188389086
549,22,Shogo Taniguchi,DEF,Sint-Truiden VV,750000,40,1991-07-15,185,1,3,2,231,0,0,1,0,0,0,0.0,0.0,0.0,sofascore.com,2026-07-19,Japan,JPN,F,AFC,18,1880,Hajime Moriyasu,False,False,False,False,750000.0,34.9,0.6666666666666666,77.0,0,1,18292.682926829268,Established(31-60),32+,10417307.692307692,270850000,27.49230769230769,26,0.0,0.0,0,0.0,,,0.0,66.66666666666666,18292.682926829268,0.025,77.0,0,0,0.7690083507401513,-1.136828308683123
550,22,Kou Itakura,DEF,AFC Ajax,8000000,41,1997-01-27,188,3,2,2,129,0,0,0,0,0,0,0.0,0.0,0.0,sofascore.com,2026-07-19,Japan,JPN,F,AFC,18,1880,Hajime Moriyasu,False,False,False,False,8000000.0,29.4,1.0,64.5,0,0,190476.19047619047,Established(31-60),28-31,10417307.692307692,270850000,27.49230769230769,26,0.0,0.0,0,0.0,,,0.0,100.0,190476.19047619047,0.07317073170731707,64.5,0,0,0.4929606547516844,-0.36752152244514463
551,22,Yuto Nagatomo,DEF,FC Tokyo,100000,145,1986-09-12,170,4,1,0,15,0,0,0,0,0,0,0.0,0.0,0.0,sofascore.com,2026-07-19,Japan,JPN,F,AFC,18,1880,Hajime Moriyasu,False,False,True,False,136750.00000000003,39.7,0.0,15.0,0,0,684.931506849315,Veteran(60+),32+,10417307.692307692,270850000,27.49230769230769,26,0.0,0.0,0,0.0,,,0.0,0.0,684.931506849315,0.027586206896551724,15.0,0,3,0.5979928681461405,-2.7979516479272166
552,22,Shuto Machino,FWD,Borussia Mönchengladbach,4000000,14,1999-09-30,185,5,1,0,12,0,0,0,0,0,0,0.0,0.0,0.0,sofascore.com,2026-07-19,Japan,JPN,F,AFC,18,1880,Hajime Moriyasu,False,False,False,False,4000000.0,26.7,0.0,12.0,0,0,266666.6666666667,Developing(11-30),24-27,10417307.692307692,270850000,27.49230769230769,26,0.0,0.0,0,0.0,,,0.0,0.0,266666.6666666667,0.35714285714285715,12.0,0,3,-1.5503001700695083,0.25554626685403375
553,22,Ao Tanaka,MID,Leeds United FC,13000000,38,1998-09-10,180,8,3,2,192,0,0,0,0,0,0,0.0,0.0,0.0,sofascore.com,2026-07-19,Japan,JPN,F,AFC,18,1880,Hajime Moriyasu,False,False,False,False,13000000.0,27.8,0.6666666666666666,64.0,0,0,333333.3333333333,Established(31-60),28-31,10417307.692307692,270850000,27.49230769230769,26,0.0,0.0,0,0.0,,,0.0,66.66666666666666,333333.3333333333,0.21052631578947367,64.0,0,0,0.28401664228004236,-0.07632259614571399
554,22,Takefusa Kubo,MID,Real Sociedad,20000000,50,2001-06-04,173,7,1,1,75,0,1,0,0,0,0,0.0,0.0,0.0,sofascore.com,2026-07-19,Japan,JPN,F,AFC,18,1880,Hajime Moriyasu,False,False,False,False,20000000.0,25.0,1.0,75.0,1,0,392156.862745098,Established(31-60),24-27,10417307.692307692,270850000,27.49230769230769,26,0.0,1.2000000000000002,1,1.2000000000000002,,,0.0,100.0,392156.862745098,0.14,75.0,1,0,1.3300460853047364,0.7389363563197389
555,22,Keisuke Goto,FWD,Sint-Truiden VV,10000000,4,2005-06-03,191,0,1,0,6,0,0,0,0,0,0,0.0,0.0,0.0,sofascore.com,2026-07-19,Japan,JPN,F,AFC,18,1880,Hajime Moriyasu,False,False,False,False,10000000.0,21.0,0.0,6.0,0,0,2000000.0,Rookie(<=10),U23,10417307.692307692,270850000,27.49230769230769,26,0.0,0.0,0,0.0,,,0.0,0.0,2000000.0,0.0,6.0,0,3,-2.115131471798471,1.250489034241765
556,22,Ritsu Doan,MID,Eintracht Frankfurt,17000000,67,1998-06-16,172,11,4,4,281,0,0,0,0,0,0,0.0,0.0,0.0,sofascore.com,2026-07-19,Japan,JPN,F,AFC,18,1880,Hajime Moriyasu,False,True,False,False,17000000.0,28.0,1.0,70.25,0,0,250000.0,Veteran(60+),28-31,10417307.692307692,270850000,27.49230769230769,26,0.0,0.0,0,0.0,,,0.0,100.0,250000.0,0.16417910447761194,70.25,0,0,1.1924735500875914,-0.4206909694280018
557,22,Daizen Maeda,MID,Celtic FC,13000000,29,1997-10-20,173,5,3,3,246,1,0,0,0,0,0,0.0,0.0,0.0,sofascore.com,2026-07-19,Japan,JPN,F,AFC,18,1880,Hajime Moriyasu,False,False,False,False,13000000.0,28.6,1.0,82.0,1,0,433333.3333333333,Developing(11-30),28-31,10417307.692307692,270850000,27.49230769230769,26,0.3658536585365854,0.0,1,0.3658536585365854,246.0,,0.0,100.0,433333.3333333333,0.1724137931034483,82.0,0,0,1.0752422311345673,0.18770926836976096
558,22,Keisuke Osako,GK,Sanfrecce Hiroshima,2000000,11,1999-07-28,188,0,0,0,0,0,0,0,0,0,0,0.0,0.0,0.0,Unverified/Unknown,2026-07-19,Japan,JPN,F,AFC,18,1880,Hajime Moriyasu,False,False,False,False,2000000.0,26.9,0.0,0.0,0,0,166666.66666666666,Developing(11-30),24-27,10417307.692307692,270850000,27.49230769230769,26,,,0,,,,,,166666.66666666666,0.0,0.0,0,3,-1.923424421548149,0.3115993090857012
559,22,Keito Nakamura,MID,Stade Reims,10000000,27,2000-07-28,180,12,4,4,309,1,2,0,0,0,0,0.0,0.0,0.0,sofascore.com,2026-07-19,Japan,JPN,F,AFC,18,1880,Hajime Moriyasu,False,True,False,False,10000000.0,25.9,1.0,77.25,3,0,357142.85714285716,Developing(11-30),24-27,10417307.692307692,270850000,27.49230769230769,26,0.29126213592233013,0.5825242718446603,3,0.8737864077669902,309.0,,0.0,100.0,357142.85714285716,0.4444444444444444,77.25,0,1,2.1389735282626052,1.296107157441974
560,22,Junya Ito,MID,KRC Genk,3000000,70,1993-03-09,177,15,4,2,216,1,0,0,0,0,0,0.0,0.0,0.0,sofascore.com,2026-07-19,Japan,JPN,F,AFC,18,1880,Hajime Moriyasu,False,True,False,False,3000000.0,33.3,0.5,54.0,1,0,42253.52112676056,Veteran(60+),32+,10417307.692307692,270850000,27.49230769230769,26,0.41666666666666663,0.0,1,0.41666666666666663,216.0,,0.0,50.0,42253.52112676056,0.21428571428571427,54.0,0,0,1.1994081033953075,-1.1636174802444437
561,22,Daichi Kamada,MID,Crystal Palace FC,10000000,50,1996-08-05,180,13,4,4,332,2,0,1,0,0,0,0.0,0.0,0.0,sofascore.com,2026-07-19,Japan,JPN,F,AFC,18,1880,Hajime Moriyasu,False,True,False,False,10000000.0,29.8,1.0,83.0,2,1,196078.431372549,Established(31-60),28-31,10417307.692307692,270850000,27.49230769230769,26,0.5421686746987953,0.0,2,0.5421686746987953,166.0,,0.0,100.0,196078.431372549,0.26,83.0,0,0,2.4190575966846066,-0.1918918782743759
562,22,Tsuyoshi Watanabe,DEF,Feyenoord Rotterdam,10000000,13,1997-02-05,184,0,2,1,90,0,0,0,0,0,0,0.0,0.0,0.0,sofascore.com,2026-07-19,Japan,JPN,F,AFC,18,1880,Hajime Moriyasu,False,False,False,False,10000000.0,29.3,0.5,45.0,0,0,714285.7142857143,Developing(11-30),28-31,10417307.692307692,270850000,27.49230769230769,26,0.0,0.0,0,0.0,,,0.0,50.0,714285.7142857143,0.0,45.0,0,3,-0.6625864572198781,0.1382057892319573
563,22,Yuito Suzuki,MID,SC Freiburg,24000000,6,2001-10-25,175,0,1,0,12,0,0,0,0,0,0,0.0,0.0,0.0,sofascore.com,2026-07-19,Japan,JPN,F,AFC,18,1880,Hajime Moriyasu,False,False,False,False,24000000.0,24.6,0.0,12.0,0,0,3428571.4285714286,Rookie(<=10),24-27,10417307.692307692,270850000,27.49230769230769,26,0.0,0.0,0,0.0,,,0.0,0.0,3428571.4285714286,0.0,12.0,1,3,-1.7076581924246563,1.1843152394146572
564,22,Ayase Ueda,FWD,Feyenoord Rotterdam,17000000,41,1998-08-28,182,16,4,4,324,2,1,0,0,0,0,0.0,0.0,0.0,sofascore.com,2026-07-19,Japan,JPN,F,AFC,18,1880,Hajime Moriyasu,False,True,False,False,17000000.0,27.8,1.0,81.0,3,0,404761.90476190473,Established(31-60),28-31,10417307.692307692,270850000,27.49230769230769,26,0.5555555555555556,0.2777777777777778,3,0.8333333333333333,162.0,,0.0,100.0,404761.90476190473,0.3902439024390244,81.0,0,1,2.549931813718604,0.7920549994364788
565,22,Koki Ogawa,FWD,NEC Nijmegen,2000000,16,1997-08-08,186,11,3,0,40,0,1,0,0,0,0,0.0,0.0,0.0,sofascore.com,2026-07-19,Japan,JPN,F,AFC,18,1880,Hajime Moriyasu,False,True,False,False,2000000.0,28.8,0.0,13.333333333333334,1,0,117647.05882352941,Developing(11-30),28-31,10417307.692307692,270850000,27.49230769230769,26,0.0,2.25,1,2.25,,,0.0,0.0,117647.05882352941,0.6875,13.333333333333334,0,3,-0.6985642389005715,0.33295233733850516
566,22,Ayumu Seko,DEF,Le Havre AC,5000000,14,2000-06-07,186,0,2,1,87,0,0,0,0,0,0,0.0,0.0,0.0,sofascore.com,2026-07-19,Japan,JPN,F,AFC,18,1880,Hajime Moriyasu,False,False,False,False,5000000.0,26.0,0.5,43.5,0,0,333333.3333333333,Developing(11-30),24-27,10417307.692307692,270850000,27.49230769230769,26,0.0,0.0,0,0.0,,,0.0,50.0,333333.3333333333,0.0,43.5,0,3,-0.8695101993027576,0.3652139128166878
567,22,Hiroki Ito,DEF,FC Bayern München,18000000,26,1999-05-12,188,1,4,4,360,0,0,0,0,0,0,0.0,0.0,0.0,sofascore.com,2026-07-19,Japan,JPN,F,AFC,18,1880,Hajime Moriyasu,False,False,False,False,18000000.0,27.1,1.0,90.0,0,0,666666.6666666666,Developing(11-30),28-31,10417307.692307692,270850000,27.49230769230769,26,0.0,0.0,0,0.0,,,0.0,100.0,666666.6666666666,0.038461538461538464,90.0,1,0,0.5610529061492241,0.33147221291243983
568,22,Takehiro Tomiyasu,DEF,AFC Ajax,5000000,44,1998-11-05,187,1,3,2,183,0,0,0,0,0,0,0.0,0.0,0.0,sofascore.com,2026-07-19,Japan,JPN,F,AFC,18,1880,Hajime Moriyasu,False,False,False,False,5000000.0,27.6,0.6666666666666666,61.0,0,0,111111.11111111111,Established(31-60),28-31,10417307.692307692,270850000,27.49230769230769,26,0.0,0.0,0,0.0,,,0.0,66.66666666666666,111111.11111111111,0.022727272727272728,61.0,0,0,-0.01623559268138584,-0.21065076744249125
569,22,Tomoki Hayakawa,GK,Kashima Antlers,2000000,4,1999-03-03,187,0,0,0,0,0,0,0,0,0,0,0.0,0.0,0.0,Unverified/Unknown,2026-07-19,Japan,JPN,F,AFC,18,1880,Hajime Moriyasu,False,False,False,False,2000000.0,27.3,0.0,0.0,0,0,400000.0,Rookie(<=10),28-31,10417307.692307692,270850000,27.49230769230769,26,,,0,,,,,,400000.0,0.0,0.0,0,3,-1.9910756337812545,0.34848713736392206
570,22,Kaishu Sano,MID,1. FSV Mainz 05,40000000,15,2000-12-30,176,0,3,3,270,1,1,1,0,0,0,0.0,0.0,0.0,sofascore.com,2026-07-19,Japan,JPN,F,AFC,18,1880,Hajime Moriyasu,False,False,False,False,40000000.0,25.4,1.0,90.0,2,1,2500000.0,Developing(11-30),24-27,10417307.692307692,270850000,27.49230769230769,26,0.33333333333333337,0.33333333333333337,2,0.6666666666666667,270.0,,0.0,100.0,2500000.0,0.0,90.0,1,1,1.84695026430019,1.9342664890424421
571,22,Junnosuke Suzuki,DEF,FC København,3500000,6,2003-07-12,180,0,2,0,40,0,0,1,0,0,0,0.0,0.0,0.0,sofascore.com,2026-07-19,Japan,JPN,F,AFC,18,1880,Hajime Moriyasu,False,False,False,False,3500000.0,22.9,0.0,20.0,0,1,500000.0,Rookie(<=10),U23,10417307.692307692,270850000,27.49230769230769,26,0.0,0.0,0,0.0,,,0.0,0.0,500000.0,0.0,20.0,0,3,-1.5475191451062051,0.7983693170829482
572,22,Kento Shiogai,FWD,VfL Wolfsburg,8000000,3,2005-03-26,180,0,1,0,6,0,0,0,0,0,0,0.0,0.0,0.0,sofascore.com,2026-07-19,Japan,JPN,F,AFC,18,1880,Hajime Moriyasu,False,False,False,False,8000000.0,21.2,0.0,6.0,0,0,2000000.0,Rookie(<=10),U23,10417307.692307692,270850000,27.49230769230769,26,0.0,0.0,0,0.0,,,0.0,0.0,2000000.0,0.0,6.0,0,3,-2.1392527607888505,1.1880489688689342
573,23,Jacob Mikael Widell Zetterstrom,GK,Derby County FC,2500000,3,1998-07-11,197,0,2,2,180,0,0,0,0,0,0,0.0,13.0,4.0,sofascore.com,2026-07-19,Sweden,SWE,F,UEFA,25,1815,Jon Dahl Tomasson,False,False,False,False,2500000.0,27.9,1.0,90.0,0,0,625000.0,Rookie(<=10),28-31,15712401.73076923,408522445,27.557692307692307,26,0.0,0.0,0,0.0,,76.47058823529412,0.0,100.0,625000.0,0.0,90.0,0,0,0.04609978655142704,-0.053396398458626655
574,23,Gustaf Johan Lagerbielke,DEF,SC Braga,10000000,12,2000-04-10,193,2,4,4,360,0,0,0,0,0,0,0.0,0.0,0.0,sofascore.com,2026-07-19,Sweden,SWE,F,UEFA,25,1815,Jon Dahl Tomasson,False,False,False,False,10000000.0,26.2,1.0,90.0,0,0,769230.7692307692,Developing(11-30),24-27,15712401.73076923,408522445,27.557692307692307,26,0.0,0.0,0,0.0,,,0.0,100.0,769230.7692307692,0.16666666666666666,90.0,0,0,0.22768890375551135,0.19171063036190927
575,23,Victor Jörgen Lindelof,DEF,Aston Villa FC,7447445,77,1994-07-17,187,3,4,4,357,0,0,0,0,0,0,0.0,0.0,0.0,sofascore.com,2026-07-19,Sweden,SWE,F,UEFA,25,1815,Jon Dahl Tomasson,False,False,False,False,7447445.0,31.9,1.0,89.25,0,0,95480.06410256411,Veteran(60+),32+,15712401.73076923,408522445,27.557692307692307,26,0.0,0.0,0,0.0,,,0.0,100.0,95480.06410256411,0.03896103896103896,89.25,0,0,1.2772708453028516,-1.279520039434723
576,23,Isak Malcolm Kwaku Hien,DEF,Atalanta Bergamo,22000000,30,1999-01-13,191,0,3,3,217,0,0,1,0,0,0,0.0,0.0,0.0,sofascore.com,2026-07-19,Sweden,SWE,F,UEFA,25,1815,Jon Dahl Tomasson,False,False,False,False,22000000.0,27.4,1.0,72.33333333333333,0,1,709677.4193548387,Developing(11-30),28-31,15712401.73076923,408522445,27.557692307692307,26,0.0,0.0,0,0.0,,,0.0,100.0,709677.4193548387,0.0,72.33333333333333,1,0,0.6856109188072256,0.17402517884806626
577,23,Gabriel Johan Gudmundsson,DEF,Leeds United FC,20000000,25,1999-04-29,181,0,4,4,332,0,0,1,0,0,0,0.0,0.0,0.0,sofascore.com,2026-07-19,Sweden,SWE,F,UEFA,25,1815,Jon Dahl Tomasson,False,False,False,False,20000000.0,27.1,1.0,83.0,0,1,769230.7692307692,Developing(11-30),28-31,15712401.73076923,408522445,27.557692307692307,26,0.0,0.0,0,0.0,,,0.0,100.0,769230.7692307692,0.0,83.0,1,0,0.7239889849401119,0.20370817350961565
578,23,Herman Nils Johansson,DEF,FC Dallas,1800000,3,1997-10-16,190,0,0,0,0,0,0,0,0,0,0,0.0,0.0,0.0,Unverified/Unknown,2026-07-19,Sweden,SWE,F,UEFA,25,1815,Jon Dahl Tomasson,False,False,False,False,1800000.0,28.7,0.0,0.0,0,0,450000.0,Rookie(<=10),28-31,15712401.73076923,408522445,27.557692307692307,26,,,0,,,,,,450000.0,0.0,0.0,0,3,-2.0155875861545356,0.020946881954208404
579,23,Lucas Erik Holger Bergvall,MID,Tottenham Hotspur FC,35000000,11,2006-02-02,187,0,4,1,179,0,1,1,0,0,0,0.0,0.0,0.0,sofascore.com,2026-07-19,Sweden,SWE,F,UEFA,25,1815,Jon Dahl Tomasson,False,False,False,False,35000000.0,20.4,0.25,44.75,1,1,2916666.6666666665,Developing(11-30),U23,15712401.73076923,408522445,27.557692307692307,26,0.0,0.5027932960893855,1,0.5027932960893855,,,0.0,25.0,2916666.6666666665,0.0,44.75,1,1,-0.2637322509447736,2.096696050858875
580,23,Daniel Jonathan Svensson,DEF,Borussia Dortmund,22000000,14,2002-02-12,183,0,3,1,98,0,0,0,0,0,0,0.0,0.0,0.0,sofascore.com,2026-07-19,Sweden,SWE,F,UEFA,25,1815,Jon Dahl Tomasson,False,False,False,False,22000000.0,24.3,0.3333333333333333,32.666666666666664,0,0,1466666.6666666667,Developing(11-30),24-27,15712401.73076923,408522445,27.557692307692307,26,0.0,0.0,0,0.0,,,0.0,33.33333333333333,1466666.6666666667,0.0,32.666666666666664,1,3,-1.1375724943743653,0.8427249958472358
581,23,Alexander Isak,FWD,Liverpool FC,85000000,59,1999-09-21,190,18,4,4,359,1,3,0,0,0,0,0.0,0.0,0.0,sofascore.com,2026-07-19,Sweden,SWE,F,UEFA,25,1815,Jon Dahl Tomasson,True,True,False,False,85000000.0,26.7,1.0,89.75,4,0,1416666.6666666667,Established(31-60),24-27,15712401.73076923,408522445,27.557692307692307,26,0.25069637883008355,0.7520891364902508,4,1.0027855153203342,359.0,,0.0,100.0,1416666.6666666667,0.3050847457627119,89.75,1,1,4.1698452002926,2.9760832985772314
582,23,Erik Benjamin Nygren,MID,Celtic FC,14000000,12,2001-07-08,187,3,4,2,131,0,0,0,0,0,0,0.0,0.0,0.0,sofascore.com,2026-07-19,Sweden,SWE,F,UEFA,25,1815,Jon Dahl Tomasson,False,False,False,False,14000000.0,24.9,0.5,32.75,0,0,1076923.076923077,Developing(11-30),24-27,15712401.73076923,408522445,27.557692307692307,26,0.0,0.0,0,0.0,,,0.0,50.0,1076923.076923077,0.25,32.75,0,3,-0.9530311165768951,0.5251766689105501
583,23,Anthony David Junior Elanga,FWD,Newcastle United FC,32000000,31,2002-04-27,178,6,4,2,216,2,0,0,0,0,0,0.0,0.0,0.0,sofascore.com,2026-07-19,Sweden,SWE,F,UEFA,25,1815,Jon Dahl Tomasson,False,False,False,False,32000000.0,24.1,0.5,54.0,2,0,1000000.0,Established(31-60),24-27,15712401.73076923,408522445,27.557692307692307,26,0.8333333333333333,0.0,2,0.8333333333333333,108.0,,0.0,50.0,1000000.0,0.1935483870967742,54.0,1,1,0.649463248295217,1.2839456623974628
584,23,Tobias Viktor Johansson,GK,Stoke City FC,12000000,12,1998-09-14,187,0,0,0,0,0,0,0,0,0,0,0.0,0.0,0.0,Unverified/Unknown,2026-07-19,Sweden,SWE,F,UEFA,25,1815,Jon Dahl Tomasson,False,False,False,False,12000000.0,27.7,0.0,0.0,0,0,923076.9230769231,Developing(11-30),28-31,15712401.73076923,408522445,27.557692307692307,26,,,0,,,,,,923076.9230769231,0.0,0.0,0,3,-1.8439746061352786,0.2918448769991679
585,23,Ken Sema,MID,Pafos FC,800000,32,1993-09-30,180,5,1,0,15,0,0,0,0,0,0,0.0,0.0,0.0,sofascore.com,2026-07-19,Sweden,SWE,F,UEFA,25,1815,Jon Dahl Tomasson,False,False,False,False,800000.0,32.7,0.0,15.0,0,0,24242.424242424244,Established(31-60),32+,15712401.73076923,408522445,27.557692307692307,26,0.0,0.0,0,0.0,,,0.0,0.0,24242.424242424244,0.15625,15.0,0,3,-1.1295842205194344,-0.884649461460506
586,23,Hjalmar Ekdal,DEF,Burnley FC,5000000,13,1998-10-21,187,0,0,0,0,0,0,0,0,0,0,0.0,0.0,0.0,Unverified/Unknown,2026-07-19,Sweden,SWE,F,UEFA,25,1815,Jon Dahl Tomasson,False,False,False,False,5000000.0,27.6,0.0,0.0,0,0,357142.85714285716,Developing(11-30),28-31,15712401.73076923,408522445,27.557692307692307,26,,,0,,,,,,357142.85714285716,0.0,0.0,0,3,-1.9092805012318115,0.10993179935986418
587,23,Carl Anders Theodor Starfelt,DEF,RC Celta Vigo,4500000,18,1995-06-01,185,0,1,0,3,0,0,0,0,0,0,0.0,0.0,0.0,sofascore.com,2026-07-19,Sweden,SWE,F,UEFA,25,1815,Jon Dahl Tomasson,False,False,False,False,4500000.0,31.0,0.0,3.0,0,0,236842.1052631579,Developing(11-30),28-31,15712401.73076923,408522445,27.557692307692307,26,0.0,0.0,0,0.0,,,0.0,0.0,236842.1052631579,0.0,3.0,0,3,-1.663056609866666,-0.3418517107117767
588,23,Jesper Kewe Karlstrom,MID,Udinese,4000000,25,1995-06-21,182,0,2,2,139,0,0,0,0,0,0,0.0,0.0,0.0,sofascore.com,2026-07-19,Sweden,SWE,F,UEFA,25,1815,Jon Dahl Tomasson,False,False,False,False,4000000.0,31.0,1.0,69.5,0,0,153846.15384615384,Developing(11-30),28-31,15712401.73076923,408522445,27.557692307692307,26,0.0,0.0,0,0.0,,,0.0,100.0,153846.15384615384,0.0,69.5,0,0,0.2127094217313352,-0.5956683947164596
589,23,Viktor Einar Gyokeres,FWD,Arsenal FC,65000000,34,1998-06-04,189,21,4,4,360,1,1,1,0,0,0,0.0,0.0,0.0,sofascore.com,2026-07-19,Sweden,SWE,F,UEFA,25,1815,Jon Dahl Tomasson,True,True,False,False,65000000.0,28.0,1.0,90.0,2,1,1857142.857142857,Established(31-60),28-31,15712401.73076923,408522445,27.557692307692307,26,0.25,0.25,2,0.5,360.0,,0.0,100.0,1857142.857142857,0.6176470588235294,90.0,1,1,3.1144396948640996,1.540891790024254
590,23,Yasin Ayari,MID,Brighton & Hove Albion FC,35000000,22,2003-10-06,172,5,4,4,341,2,0,1,0,0,0,0.0,0.0,0.0,sofascore.com,2026-07-19,Sweden,SWE,F,UEFA,25,1815,Jon Dahl Tomasson,False,False,False,False,35000000.0,22.7,1.0,85.25,2,1,1521739.1304347827,Developing(11-30),U23,15712401.73076923,408522445,27.557692307692307,26,0.5278592375366569,0.0,2,0.5278592375366569,170.5,,0.0,100.0,1521739.1304347827,0.22727272727272727,85.25,1,1,1.6956276074709826,1.5246323909569932
591,23,Mattias Olof Svanberg,MID,VfL Wolfsburg,8000000,41,1999-01-05,186,3,2,0,14,1,0,0,0,0,0,0.0,0.0,0.0,sofascore.com,2026-07-19,Sweden,SWE,F,UEFA,25,1815,Jon Dahl Tomasson,False,False,False,False,8000000.0,27.4,0.0,7.0,1,0,190476.19047619047,Established(31-60),28-31,15712401.73076923,408522445,27.557692307692307,26,6.428571428571428,0.0,1,6.428571428571428,14.0,,0.0,0.0,190476.19047619047,0.07317073170731707,7.0,0,3,-0.9287232898468263,0.07475595219504703
592,23,Eric Anders Smith,DEF,FC St. Pauli,5000000,2,1997-01-08,192,0,0,0,0,0,0,0,0,0,0,0.0,0.0,0.0,Unverified/Unknown,2026-07-19,Sweden,SWE,F,UEFA,25,1815,Jon Dahl Tomasson,False,False,False,False,5000000.0,29.4,0.0,0.0,0,0,1666666.6666666667,Rookie(<=10),28-31,15712401.73076923,408522445,27.557692307692307,26,,,0,,,,,,1666666.6666666667,0.0,0.0,0,3,-1.9629985282832614,0.03768938889586315
593,23,Alexander Olof Bernhardsson,DEF,Holstein Kiel,3000000,12,1998-09-08,184,0,3,3,220,0,0,0,0,0,0,0.0,0.0,0.0,sofascore.com,2026-07-19,Sweden,SWE,F,UEFA,25,1815,Jon Dahl Tomasson,False,False,False,False,3000000.0,27.8,1.0,73.33333333333333,0,0,230769.23076923078,Developing(11-30),28-31,15712401.73076923,408522445,27.557692307692307,26,0.0,0.0,0,0.0,,,0.0,100.0,230769.23076923078,0.0,73.33333333333333,0,0,-0.05226922796563096,-0.11838525268860285
594,23,Besfort Zeneli,MID,Royale Union Saint-Gilloise,6000000,8,2002-11-21,187,0,2,0,59,0,0,0,0,0,0,0.0,0.0,0.0,sofascore.com,2026-07-19,Sweden,SWE,F,UEFA,25,1815,Jon Dahl Tomasson,False,False,False,False,6000000.0,23.6,0.0,29.5,0,0,666666.6666666666,Rookie(<=10),24-27,15712401.73076923,408522445,27.557692307692307,26,0.0,0.0,0,0.0,,,0.0,0.0,666666.6666666666,0.0,29.5,0,3,-1.769349964052952,0.6110814366484749
595,23,Bo Kristoffer Nordfeldt,GK,AIK Stockholm,175000,22,1989-06-23,190,0,2,2,180,0,0,0,0,0,0,0.0,8.0,6.0,sofascore.com,2026-07-19,Sweden,SWE,F,UEFA,25,1815,Jon Dahl Tomasson,False,False,False,False,175000.0,37.0,1.0,90.0,0,0,7608.695652173913,Developing(11-30),32+,15712401.73076923,408522445,27.557692307692307,26,0.0,0.0,0,0.0,,57.14285714285714,0.0,100.0,7608.695652173913,0.0,90.0,0,0,0.6627480401606722,-1.3459567014709588
596,23,Elliot Karl Stroud,DEF,Mjällby AIF,5000000,2,2002-06-22,185,0,4,2,167,0,0,0,0,0,0,0.0,0.0,0.0,sofascore.com,2026-07-19,Sweden,SWE,F,UEFA,25,1815,Jon Dahl Tomasson,False,False,False,False,5000000.0,24.0,0.5,41.75,0,0,1666666.6666666667,Rookie(<=10),24-27,15712401.73076923,408522445,27.557692307692307,26,0.0,0.0,0,0.0,,,0.0,50.0,1666666.6666666667,0.0,41.75,0,3,-1.201068395622087,0.5502458983407271
597,23,HÃ¥kan Gustaf Nilsson,FWD,Club Brugge,1800000,9,1997-05-23,197,4,1,0,1,0,0,0,0,0,0,0.0,0.0,0.0,sofascore.com,2026-07-19,Sweden,SWE,F,UEFA,25,1815,Jon Dahl Tomasson,False,False,False,False,1800000.0,29.1,0.0,1.0,0,0,180000.0,Rookie(<=10),28-31,15712401.73076923,408522445,27.557692307692307,26,0.0,0.0,0,0.0,,,0.0,0.0,180000.0,0.4444444444444444,1.0,0,3,-1.7725455148198561,-0.1614295490748605
598,23,Taha Abdi Ali,FWD,Malmö FF,1500000,2,1998-07-01,174,0,2,0,35,0,0,0,0,0,0,0.0,0.0,0.0,sofascore.com,2026-07-19,Sweden,SWE,F,UEFA,25,1815,Jon Dahl Tomasson,False,False,False,False,1500000.0,27.9,0.0,17.5,0,0,500000.0,Rookie(<=10),28-31,15712401.73076923,408522445,27.557692307692307,26,0.0,0.0,0,0.0,,,0.0,0.0,500000.0,0.0,17.5,0,3,-1.84723953483567,0.09741012062443795
599,24,Abdelmouhib Chamakh,GK,Club Africain,600000,4,2001-08-25,189,0,1,1,90,0,0,0,0,0,0,0.0,6.0,5.0,sofascore.com,2026-07-19,Tunisia,TUN,F,CAF,45,1710,Hervé Renard,False,False,False,False,600000.0,24.8,1.0,90.0,0,0,120000.0,Rookie(<=10),24-27,3035173.6153846155,78914514,26.65,26,0.0,0.0,0,0.0,,54.54545454545454,0.0,100.0,120000.0,0.0,90.0,0,0,-0.21867115839371407,-0.0578040583046083
600,24,Ali Abdi,DEF,OGC Nice,9019352,47,1993-12-20,177,7,3,3,270,0,0,0,0,0,0,0.0,0.0,0.0,sofascore.com,2026-07-19,Tunisia,TUN,F,CAF,45,1710,Hervé Renard,False,False,False,False,9019352.0,32.5,1.0,90.0,0,0,187903.16666666666,Established(31-60),32+,3035173.6153846155,78914514,26.65,26,0.0,0.0,0,0.0,,,0.0,100.0,187903.16666666666,0.14893617021276595,90.0,0,0,0.9842818678819358,-1.3129140411997209
601,24,Montassar Omar Talbi,DEF,FC Lorient,8000000,65,1998-05-26,190,4,3,3,270,0,0,0,0,0,0,0.0,0.0,0.0,sofascore.com,2026-07-19,Tunisia,TUN,F,CAF,45,1710,Hervé Renard,False,False,False,False,8000000.0,28.0,1.0,90.0,0,0,121212.12121212122,Veteran(60+),28-31,3035173.6153846155,78914514,26.65,26,0.0,0.0,0,0.0,,,0.0,100.0,121212.12121212122,0.06153846153846154,90.0,0,0,0.8873897851808997,-0.9978808352272142
602,24,Omar Rekik,DEF,NK Maribor,600000,7,2001-12-20,188,1,2,2,180,1,0,0,0,0,0,0.0,0.0,0.0,sofascore.com,2026-07-19,Tunisia,TUN,F,CAF,45,1710,Hervé Renard,False,False,False,False,600000.0,24.5,1.0,90.0,1,0,75000.0,Rookie(<=10),24-27,3035173.6153846155,78914514,26.65,26,0.5,0.0,1,0.5,180.0,,0.0,100.0,75000.0,0.14285714285714285,90.0,0,0,0.26291696097506734,0.1710734419039276
603,24,Adam Arous,DEF,Kasımpa ş a SK,4000000,2,2004-07-17,188,0,0,0,0,0,0,0,0,0,0,0.0,0.0,0.0,Unverified/Unknown,2026-07-19,Tunisia,TUN,F,CAF,45,1710,Hervé Renard,False,False,False,False,4000000.0,21.9,0.0,0.0,0,0,1333333.3333333333,Rookie(<=10),U23,3035173.6153846155,78914514,26.65,26,,,0,,,,,,1333333.3333333333,0.0,0.0,0,3,-2.4281446863617377,0.5573045502048093
604,24,Dylan Daniel Mahmoud Bronn,DEF,Servette FC,600000,52,1995-06-19,186,2,1,1,46,0,0,0,0,0,0,0.0,0.0,0.0,sofascore.com,2026-07-19,Tunisia,TUN,F,CAF,45,1710,Hervé Renard,False,False,False,False,600000.0,31.0,1.0,46.0,0,0,11320.754716981131,Established(31-60),28-31,3035173.6153846155,78914514,26.65,26,0.0,0.0,0,0.0,,,0.0,100.0,11320.754716981131,0.038461538461538464,46.0,0,0,0.1640896535299751,-1.297411376382198
605,24,Mohamed Elyes Achouri,FWD,FC København,3000000,31,1999-02-10,187,5,3,0,42,0,0,0,0,0,0,0.0,0.0,0.0,sofascore.com,2026-07-19,Tunisia,TUN,F,CAF,45,1710,Hervé Renard,False,False,False,False,3000000.0,27.3,0.0,14.0,0,0,93750.0,Established(31-60),28-31,3035173.6153846155,78914514,26.65,26,0.0,0.0,0,0.0,,,0.0,0.0,93750.0,0.16129032258064516,14.0,0,3,-1.4918385974152297,-0.5029756111838549
606,24,Elias Saad,FWD,Hannover 96,3000000,16,1999-12-27,185,3,2,2,118,0,0,0,0,0,0,0.0,0.0,0.0,sofascore.com,2026-07-19,Tunisia,TUN,F,CAF,45,1710,Hervé Renard,False,False,False,False,3000000.0,26.5,1.0,59.0,0,0,176470.58823529413,Developing(11-30),24-27,3035173.6153846155,78914514,26.65,26,0.0,0.0,0,0.0,,,0.0,100.0,176470.58823529413,0.1875,59.0,0,0,-0.2552296499951168,-0.3455803151189919
607,24,Hazem Mastouri,FWD,FC Dynamo Makhachkala,900000,19,1997-06-18,191,4,1,1,90,1,0,0,0,0,0,0.0,0.0,0.0,sofascore.com,2026-07-19,Tunisia,TUN,F,CAF,45,1710,Hervé Renard,False,False,False,False,900000.0,29.0,1.0,90.0,1,0,45000.0,Developing(11-30),28-31,3035173.6153846155,78914514,26.65,26,1.0,0.0,1,1.0,90.0,,0.0,100.0,45000.0,0.21052631578947367,90.0,0,0,0.7191987088522721,-0.5112424356504449
608,24,Hannibal Mejbri,MID,Burnley FC,15000000,46,2003-01-21,177,1,3,3,270,0,1,0,0,0,0,0.0,0.0,0.0,sofascore.com,2026-07-19,Tunisia,TUN,F,CAF,45,1710,Hervé Renard,False,False,False,False,15000000.0,23.4,1.0,90.0,1,0,319148.93617021275,Established(31-60),24-27,3035173.6153846155,78914514,26.65,26,0.0,0.33333333333333337,1,0.33333333333333337,,,0.0,100.0,319148.93617021275,0.021739130434782608,90.0,0,0,0.9455881002344064,0.4541092251922511
609,24,Ismael Seifallah Gharbi,MID,FC Augsburg,5000000,18,2004-04-10,180,2,3,1,125,0,0,0,0,0,0,0.0,0.0,0.0,sofascore.com,2026-07-19,Tunisia,TUN,F,CAF,45,1710,Hervé Renard,False,False,False,False,5000000.0,22.2,0.3333333333333333,41.666666666666664,0,0,263157.8947368421,Developing(11-30),U23,3035173.6153846155,78914514,26.65,26,0.0,0.0,0,0.0,,,0.0,33.33333333333333,263157.8947368421,0.1111111111111111,41.666666666666664,0,3,-1.2958032120441285,0.25896438941825534
610,24,Ahmed Mortadha Ben Ouanes,DEF,Kasımpa ş a SK,1500000,18,1994-07-02,188,0,1,0,23,0,0,0,0,0,0,0.0,0.0,0.0,sofascore.com,2026-07-19,Tunisia,TUN,F,CAF,45,1710,Hervé Renard,False,False,False,False,1500000.0,31.9,0.0,23.0,0,0,78947.36842105263,Developing(11-30),32+,3035173.6153846155,78914514,26.65,26,0.0,0.0,0,0.0,,,0.0,0.0,78947.36842105263,0.0,23.0,0,3,-1.5209578368729066,-0.8263972171322673
611,24,Rani Khedira,MID,1. FC Union Berlin,2000000,4,1994-01-27,188,0,3,2,152,0,0,1,0,0,0,0.0,0.0,0.0,sofascore.com,2026-07-19,Tunisia,TUN,F,CAF,45,1710,Hervé Renard,False,False,False,False,2000000.0,32.4,0.6666666666666666,50.666666666666664,0,1,400000.0,Rookie(<=10),32+,3035173.6153846155,78914514,26.65,26,0.0,0.0,0,0.0,,,0.0,66.66666666666666,400000.0,0.0,50.666666666666664,0,0,-0.3267789995687463,-0.8333167160693012
612,24,Khalil Ayari,MID,Paris Saint-Germain,200000,4,2005-02-02,174,0,0,0,0,0,0,0,0,0,0,0.0,0.0,0.0,Unverified/Unknown,2026-07-19,Tunisia,TUN,F,CAF,45,1710,Hervé Renard,False,False,False,False,200000.0,21.4,0.0,0.0,0,0,40000.0,Rookie(<=10),U23,3035173.6153846155,78914514,26.65,26,,,0,,,,,,40000.0,0.0,0.0,0,3,-2.4657860256999706,0.49116070786892735
613,24,Mohamed Hadj Mahmoud,MID,FC Lugano,4322938,10,2000-04-24,179,0,2,0,41,0,0,0,0,0,0,0.0,0.0,0.0,sofascore.com,2026-07-19,Tunisia,TUN,F,CAF,45,1710,Hervé Renard,False,False,False,False,4322938.0,26.1,0.0,20.5,0,0,392994.36363636365,Rookie(<=10),24-27,3035173.6153846155,78914514,26.65,26,0.0,0.0,0,0.0,,,0.0,0.0,392994.36363636365,0.0,20.5,0,3,-1.88110354211051,-0.013246269646678462
614,24,Aymen Dahmen,GK,CS Sfaxien,800000,37,1997-01-28,188,0,2,2,180,0,0,0,0,0,0,0.0,7.0,7.0,sofascore.com,2026-07-19,Tunisia,TUN,F,CAF,45,1710,Hervé Renard,False,False,False,False,800000.0,29.4,1.0,90.0,0,0,21052.63157894737,Established(31-60),28-31,3035173.6153846155,78914514,26.65,26,0.0,0.0,0,0.0,,50.0,0.0,100.0,21052.63157894737,0.0,90.0,0,0,0.39351769773580647,-0.9474339907731189
615,24,Ellyes Joris Skhiri,MID,Eintracht Frankfurt,5000000,84,1995-05-10,185,4,3,3,252,0,0,0,0,0,1,0.0,0.0,0.0,sofascore.com,2026-07-19,Tunisia,TUN,F,CAF,45,1710,Hervé Renard,False,False,False,False,5000000.0,31.1,1.0,84.0,0,0,58823.529411764706,Veteran(60+),32+,3035173.6153846155,78914514,26.65,26,0.0,0.0,0,0.0,,,0.0,100.0,58823.529411764706,0.047619047619047616,84.0,0,0,1.1523258862512407,-1.6354189529769776
616,24,Rayan Elloumi,FWD,Vancouver Whitecaps FC,800000,4,2007-09-17,180,0,0,0,0,0,0,0,0,0,0,0.0,0.0,0.0,Unverified/Unknown,2026-07-19,Tunisia,TUN,F,CAF,45,1710,Hervé Renard,False,False,False,False,800000.0,18.7,0.0,0.0,0,0,160000.0,Rookie(<=10),U23,3035173.6153846155,78914514,26.65,26,,,0,,,,,,160000.0,0.0,0.0,0,3,-2.5807408042099653,0.8068257512734844
617,24,Firas Chaouat,FWD,Club Africain,350000,31,1996-05-08,185,6,3,0,47,0,0,0,0,0,0,0.0,0.0,0.0,sofascore.com,2026-07-19,Tunisia,TUN,F,CAF,45,1710,Hervé Renard,False,False,False,False,350000.0,30.1,0.0,15.666666666666666,0,0,10937.5,Established(31-60),28-31,3035173.6153846155,78914514,26.65,26,0.0,0.0,0,0.0,,,0.0,0.0,10937.5,0.1935483870967742,15.666666666666666,0,3,-1.338081131298807,-0.9012491834745897
618,24,Yan Valery,DEF,BSC Young Boys,1500000,23,1999-02-22,181,0,3,3,252,0,0,0,0,0,0,0.0,0.0,0.0,sofascore.com,2026-07-19,Tunisia,TUN,F,CAF,45,1710,Hervé Renard,False,False,False,False,1500000.0,27.3,1.0,84.0,0,0,62500.0,Developing(11-30),28-31,3035173.6153846155,78914514,26.65,26,0.0,0.0,0,0.0,,,0.0,100.0,62500.0,0.0,84.0,0,0,0.06002529836263479,-0.5275800749037843
619,24,Mohamed Amine Ben Hmida,DEF,Espérance De Tunisie,700000,14,1995-12-15,181,0,3,2,201,0,0,0,0,0,0,0.0,0.0,0.0,sofascore.com,2026-07-19,Tunisia,TUN,F,CAF,45,1710,Hervé Renard,False,False,False,False,700000.0,30.5,0.6666666666666666,67.0,0,0,46666.666666666664,Developing(11-30),28-31,3035173.6153846155,78914514,26.65,26,0.0,0.0,0,0.0,,,0.0,66.66666666666666,46666.666666666664,0.0,67.0,0,0,-0.44834515127331326,-0.7510575617130356
620,24,Sabri Ben Hessen,GK,Étoile Du Sahel,3941856,1,1996-06-13,189,0,0,0,0,0,0,0,0,0,0,0.0,0.0,0.0,Unverified/Unknown,2026-07-19,Tunisia,TUN,F,CAF,45,1710,Hervé Renard,False,False,False,False,3941856.0,30.0,0.0,0.0,0,0,1970928.0,Rookie(<=10),28-31,3035173.6153846155,78914514,26.65,26,,,0,,,,,,1970928.0,0.0,0.0,0,3,-2.077333636448546,-0.3329285031412567
621,24,Moutaz Neffati,DEF,IFK Norrköping FK,250000,5,2004-09-04,182,0,0,0,0,0,0,0,0,0,0,0.0,0.0,0.0,Unverified/Unknown,2026-07-19,Tunisia,TUN,F,CAF,45,1710,Hervé Renard,False,False,False,False,250000.0,21.8,0.0,0.0,0,0,41666.666666666664,Rookie(<=10),U23,3035173.6153846155,78914514,26.65,26,,,0,,,,,,41666.666666666664,0.0,0.0,0,3,-2.4350764824109845,0.43637351592347257
622,24,Raed Chikhaoui,DEF,US Monastir,150000,0,2004-06-09,191,0,0,0,0,0,0,0,0,0,0,0.0,0.0,0.0,Unverified/Unknown,2026-07-19,Tunisia,TUN,F,CAF,45,1710,Hervé Renard,False,False,False,False,150000.0,22.0,0.0,0.0,0,0,150000.0,Rookie(<=10),U23,3035173.6153846155,78914514,26.65,26,,,0,,,,,,150000.0,,0.0,0,3,-2.4882904187929835,0.4696579218815468
623,24,Anis Slimane,MID,Norwich City FC,2680368,41,2001-03-16,188,4,3,3,241,0,0,0,0,0,0,0.0,0.0,0.0,sofascore.com,2026-07-19,Tunisia,TUN,F,CAF,45,1710,Hervé Renard,False,False,False,False,2680368.0,25.2,1.0,80.33333333333333,0,0,63818.28571428572,Established(31-60),24-27,3035173.6153846155,78914514,26.65,26,0.0,0.0,0,0.0,,,0.0,100.0,63818.28571428572,0.0975609756097561,80.33333333333333,0,0,0.29133980753108457,-0.5365895687707878
624,24,Sebastian Tounekti,MID,Celtic FC,5000000,13,2002-07-13,182,1,3,1,83,0,0,0,0,0,0,0.0,0.0,0.0,sofascore.com,2026-07-19,Tunisia,TUN,F,CAF,45,1710,Hervé Renard,False,False,False,False,5000000.0,23.9,0.3333333333333333,27.666666666666668,0,0,357142.85714285716,Developing(11-30),24-27,3035173.6153846155,78914514,26.65,26,0.0,0.0,0,0.0,,,0.0,33.33333333333333,357142.85714285716,0.07692307692307693,27.666666666666668,0,3,-1.491119648127235,0.15796841088550162
625,25,Thibaut Nicolas Courtois,GK,Real Madrid C. F.,15000000,110,1992-05-11,199,0,6,6,551,0,0,0,0,0,0,1.0,15.0,7.0,sofascore.com,2026-07-19,Belgium,BEL,G,UEFA,9,1950,Domenico Tedesco,False,False,True,False,15000000.0,34.1,1.0,91.83333333333333,0,0,135135.13513513515,Veteran(60+),32+,24387152.730769232,634065971,27.611538461538462,26,0.0,0.0,0,0.0,,68.18181818181817,16.666666666666664,100.0,135135.13513513515,0.0,91.83333333333333,0,0,1.9382065313662789,-1.2933565649545047
626,25,Zeno Koen Debast,DEF,Sporting CP,28000000,26,2003-10-24,189,1,0,0,0,0,0,0,0,0,0,0.0,0.0,0.0,Unverified/Unknown,2026-07-19,Belgium,BEL,G,UEFA,9,1950,Domenico Tedesco,False,False,False,False,28000000.0,22.6,0.0,0.0,0,0,1037037.0370370371,Developing(11-30),U23,24387152.730769232,634065971,27.611538461538462,26,,,0,,,,,,1037037.0370370371,0.038461538461538464,0.0,1,3,-1.5482535124711763,1.4643087060735303
627,25,Arthur Nicolas Theate,DEF,Eintracht Frankfurt,35104832,33,2000-05-25,185,1,3,2,227,0,0,0,0,0,0,0.0,0.0,0.0,sofascore.com,2026-07-19,Belgium,BEL,G,UEFA,9,1950,Domenico Tedesco,False,False,False,False,35104832.0,26.0,0.6666666666666666,75.66666666666667,0,0,1032495.0588235294,Established(31-60),24-27,24387152.730769232,634065971,27.611538461538462,26,0.0,0.0,0,0.0,,,0.0,66.66666666666666,1032495.0588235294,0.030303030303030304,75.66666666666667,1,0,0.354286489016575,1.0536229248553244
628,25,Brandon Erik Mechele,DEF,Club Brugge,2800000,10,1993-01-28,190,1,6,6,570,0,0,1,0,0,0,0.0,0.0,0.0,sofascore.com,2026-07-19,Belgium,BEL,G,UEFA,9,1950,Domenico Tedesco,False,False,False,False,2800000.0,33.4,1.0,95.0,0,1,254545.45454545456,Rookie(<=10),32+,24387152.730769232,634065971,27.611538461538462,26,0.0,0.0,0,0.0,,,0.0,100.0,254545.45454545456,0.1,95.0,0,0,0.9809955296523968,-0.4255346286886733
629,25,Maxim Peter De Cuyper,DEF,Brighton & Hove Albion FC,10770288,20,2000-12-22,182,4,6,5,443,0,0,1,0,0,0,0.0,0.0,0.0,sofascore.com,2026-07-19,Belgium,BEL,G,UEFA,9,1950,Domenico Tedesco,False,False,False,False,10770288.0,25.5,0.8333333333333334,73.83333333333333,0,1,512870.85714285716,Developing(11-30),24-27,24387152.730769232,634065971,27.611538461538462,26,0.0,0.0,0,0.0,,,0.0,83.33333333333334,512870.85714285716,0.2,73.83333333333333,0,0,0.5103886906892727,0.5284606366476542
630,25,Axel Laurent Witsel,MID,Girona FC,36911237,138,1989-01-12,186,12,2,0,31,0,0,1,0,0,0,0.0,0.0,0.0,sofascore.com,2026-07-19,Belgium,BEL,G,UEFA,9,1950,Domenico Tedesco,False,True,True,False,36911237.0,37.4,0.0,15.5,0,1,265548.4676258993,Veteran(60+),32+,24387152.730769232,634065971,27.611538461538462,26,0.0,0.0,0,0.0,,,0.0,0.0,265548.4676258993,0.08695652173913043,15.5,1,3,1.506107763558948,-1.4870080496919191
631,25,Kevin De Bruyne,MID,SSC Napoli,8000000,120,1991-06-28,181,37,5,5,387,1,0,1,0,0,0,0.0,0.0,0.0,sofascore.com,2026-07-19,Belgium,BEL,G,UEFA,9,1950,Domenico Tedesco,False,True,True,False,8000000.0,35.0,1.0,77.4,1,1,66115.70247933884,Veteran(60+),32+,24387152.730769232,634065971,27.611538461538462,26,0.23255813953488372,0.0,1,0.23255813953488372,387.0,,0.0,100.0,66115.70247933884,0.30833333333333335,77.4,0,2,3.907469810882911,-2.0886550707985356
632,25,Youri Marion Tielemans,MID,Aston Villa FC,19479392,86,1997-05-07,176,13,5,5,475,2,0,0,0,1,0,0.0,0.0,0.0,sofascore.com,2026-07-19,Belgium,BEL,G,UEFA,9,1950,Domenico Tedesco,False,True,False,False,19479392.0,29.1,1.0,95.0,2,0,223901.05747126436,Veteran(60+),28-31,24387152.730769232,634065971,27.611538461538462,26,0.37894736842105264,0.0,2,0.37894736842105264,237.5,,0.0,100.0,223901.05747126436,0.1511627906976744,95.0,1,0,2.8061104768551313,-0.06970038365262289
633,25,Romelu Lukaku,FWD,SSC Napoli,22000000,127,1993-05-13,190,90,6,1,229,3,0,1,0,0,0,0.0,0.0,0.0,sofascore.com,2026-07-19,Belgium,BEL,G,UEFA,9,1950,Domenico Tedesco,False,True,True,False,22000000.0,33.1,0.16666666666666666,38.166666666666664,3,1,171875.0,Veteran(60+),32+,24387152.730769232,634065971,27.611538461538462,26,1.1790393013100435,0.0,3,1.1790393013100435,76.33333333333333,,0.0,16.666666666666664,171875.0,0.7086614173228346,38.166666666666664,1,2,5.451785741385019,-1.8748623353223473
634,25,Leandro Trossard,FWD,Arsenal FC,18000000,52,1994-12-04,172,12,6,6,510,2,2,0,0,0,0,0.0,0.0,0.0,sofascore.com,2026-07-19,Belgium,BEL,G,UEFA,9,1950,Domenico Tedesco,False,True,False,False,18000000.0,31.5,1.0,85.0,4,0,339622.641509434,Established(31-60),32+,24387152.730769232,634065971,27.611538461538462,26,0.3529411764705882,0.3529411764705882,4,0.7058823529411764,255.0,,0.0,100.0,339622.641509434,0.23076923076923078,85.0,1,1,3.379119761179469,1.0225040117341089
635,25,Jeremy Baffour Doku,FWD,Manchester City FC,75000000,44,2002-05-27,173,7,5,4,311,0,0,0,0,0,0,0.0,0.0,0.0,sofascore.com,2026-07-19,Belgium,BEL,G,UEFA,9,1950,Domenico Tedesco,True,False,False,False,75000000.0,24.0,0.8,62.2,0,0,1666666.6666666667,Established(31-60),24-27,24387152.730769232,634065971,27.611538461538462,26,0.0,0.0,0,0.0,,,0.0,80.0,1666666.6666666667,0.1590909090909091,62.2,1,1,0.9831722627935539,2.08065174402135
636,25,Senne Lammens,GK,Manchester United FC,35000000,2,2002-07-07,193,0,1,0,19,0,0,0,0,0,0,0.0,0.0,0.0,sofascore.com,2026-07-19,Belgium,BEL,G,UEFA,9,1950,Domenico Tedesco,False,False,False,False,35000000.0,23.9,0.0,19.0,0,0,11666666.666666666,Rookie(<=10),24-27,24387152.730769232,634065971,27.611538461538462,26,0.0,0.0,0,0.0,,,0.0,0.0,11666666.666666666,0.0,19.0,1,3,-1.5067005014852657,1.779237238400847
637,25,Mike Louis Penders,GK,RC Strasbourg,25000000,0,2005-07-31,200,0,0,0,0,0,0,0,0,0,0,0.0,0.0,0.0,Unverified/Unknown,2026-07-19,Belgium,BEL,G,UEFA,9,1950,Domenico Tedesco,False,False,False,False,25000000.0,20.9,0.0,0.0,0,0,25000000.0,Rookie(<=10),U23,24387152.730769232,634065971,27.611538461538462,26,,,0,,,,,,25000000.0,,0.0,1,3,-2.0086456583552734,1.8944934132729963
638,25,Dodi Lukebakio,FWD,SL Benfica,26818771,30,1997-09-24,184,6,3,1,163,0,0,0,0,0,0,0.0,0.0,0.0,sofascore.com,2026-07-19,Belgium,BEL,G,UEFA,9,1950,Domenico Tedesco,False,False,False,False,26818771.0,28.7,0.3333333333333333,54.333333333333336,0,0,865121.6451612903,Developing(11-30),28-31,24387152.730769232,634065971,27.611538461538462,26,0.0,0.0,0,0.0,,,0.0,33.33333333333333,865121.6451612903,0.2,54.333333333333336,1,3,-0.061709995668982165,0.5419600188055635
639,25,Thomas Andre Meunier,DEF,Lille OSC,28954891,81,1991-09-12,190,10,3,2,190,0,1,0,0,0,0,0.0,0.0,0.0,sofascore.com,2026-07-19,Belgium,BEL,G,UEFA,9,1950,Domenico Tedesco,False,False,False,False,28954891.0,34.7,0.6666666666666666,63.333333333333336,1,0,353108.4268292683,Veteran(60+),32+,24387152.730769232,634065971,27.611538461538462,26,0.0,0.47368421052631576,1,0.47368421052631576,,,0.0,66.66666666666666,353108.4268292683,0.12345679012345678,63.333333333333336,1,0,1.9544468512461974,-0.2824229593223878
640,25,Koni De Winter,DEF,AC Milan,23000000,8,2002-06-12,191,0,0,0,0,0,0,0,0,0,0,0.0,0.0,0.0,Unverified/Unknown,2026-07-19,Belgium,BEL,G,UEFA,9,1950,Domenico Tedesco,False,False,False,False,23000000.0,24.0,0.0,0.0,0,0,2555555.5555555555,Rookie(<=10),24-27,24387152.730769232,634065971,27.611538461538462,26,,,0,,,,,,2555555.5555555555,0.0,0.0,1,3,-1.7925032324819068,1.405114549086498
641,25,Charles Marc De Ketelaere,FWD,Atalanta Bergamo,19898799,31,2001-03-10,192,6,5,5,354,3,0,0,0,0,0,0.0,0.0,0.0,sofascore.com,2026-07-19,Belgium,BEL,G,UEFA,9,1950,Domenico Tedesco,False,False,False,False,19898799.0,25.3,1.0,70.8,3,0,621837.46875,Established(31-60),24-27,24387152.730769232,634065971,27.611538461538462,26,0.7627118644067796,0.0,3,0.7627118644067796,118.0,,0.0,100.0,621837.46875,0.1935483870967742,70.8,1,1,1.8435918127157884,1.3901831753183198
642,25,Joaquin Ronny Seys,DEF,Club Brugge,20000000,5,2005-03-28,178,0,1,0,29,0,0,0,0,0,0,0.0,0.0,0.0,sofascore.com,2026-07-19,Belgium,BEL,G,UEFA,9,1950,Domenico Tedesco,False,False,False,False,20000000.0,21.2,0.0,29.0,0,0,3333333.3333333335,Rookie(<=10),U23,24387152.730769232,634065971,27.611538461538462,26,0.0,0.0,0,0.0,,,0.0,0.0,3333333.3333333335,0.0,29.0,1,3,-1.622254936101709,1.6464413516697363
643,25,Diego Manuel Moreira,MID,RC Strasbourg,24580742,3,2004-08-06,179,0,1,0,57,0,0,0,0,0,0,0.0,0.0,0.0,sofascore.com,2026-07-19,Belgium,BEL,G,UEFA,9,1950,Domenico Tedesco,False,False,False,False,24580742.0,21.8,0.0,57.0,0,0,6145185.5,Rookie(<=10),U23,24387152.730769232,634065971,27.611538461538462,26,0.0,0.0,0,0.0,,,0.0,0.0,6145185.5,0.0,57.0,1,3,-1.2205780520311182,1.6956121806331805
644,25,Hans Vanaken,MID,Club Brugge,5000000,35,1992-08-24,195,7,6,3,318,1,0,0,0,0,0,0.0,0.0,0.0,sofascore.com,2026-07-19,Belgium,BEL,G,UEFA,9,1950,Domenico Tedesco,False,False,False,False,5000000.0,33.8,0.5,53.0,1,0,138888.88888888888,Established(31-60),32+,24387152.730769232,634065971,27.611538461538462,26,0.2830188679245283,0.0,1,0.2830188679245283,318.0,,0.0,50.0,138888.88888888888,0.2,53.0,0,0,0.6024871615191537,-0.43309190851370305
645,25,Timothy Castagne,DEF,Fulham FC,8000000,64,1995-12-05,185,2,6,5,478,0,1,1,0,0,0,0.0,0.0,0.0,sofascore.com,2026-07-19,Belgium,BEL,G,UEFA,9,1950,Domenico Tedesco,False,False,False,False,8000000.0,30.5,0.8333333333333334,79.66666666666667,1,1,123076.92307692308,Veteran(60+),28-31,24387152.730769232,634065971,27.611538461538462,26,0.0,0.18828451882845187,1,0.18828451882845187,,,0.0,83.33333333333334,123076.92307692308,0.03125,79.66666666666667,0,0,1.7761010098615568,-0.09422215156385251
646,25,Alexis Jesse Saelemaekers,MID,AC Milan,25194117,24,1999-06-27,180,2,4,1,81,1,0,0,0,0,0,0.0,0.0,0.0,sofascore.com,2026-07-19,Belgium,BEL,G,UEFA,9,1950,Domenico Tedesco,False,False,False,False,25194117.0,27.0,0.25,20.25,1,0,1007764.68,Developing(11-30),24-27,24387152.730769232,634065971,27.611538461538462,26,1.1111111111111112,0.0,1,1.1111111111111112,81.0,,0.0,25.0,1007764.68,0.08333333333333333,20.25,1,3,-0.45175200539651045,1.112898506598223
647,25,Nicolas Thierry Raskin,MID,Rangers FC,34430929,14,2001-02-23,178,2,6,3,340,0,1,0,0,0,0,0.0,0.0,0.0,sofascore.com,2026-07-19,Belgium,BEL,G,UEFA,9,1950,Domenico Tedesco,False,False,False,False,34430929.0,25.3,0.5,56.666666666666664,1,0,2295395.2666666666,Developing(11-30),24-27,24387152.730769232,634065971,27.611538461538462,26,0.0,0.2647058823529412,1,0.2647058823529412,,,0.0,50.0,2295395.2666666666,0.14285714285714285,56.666666666666664,1,1,0.2480678482050507,1.8399476342186367
648,25,Amadou Ba Onana,MID,Aston Villa FC,27121973,30,2001-08-16,192,1,4,2,106,0,0,0,0,0,0,0.0,0.0,0.0,sofascore.com,2026-07-19,Belgium,BEL,G,UEFA,9,1950,Domenico Tedesco,False,False,False,False,27121973.0,24.8,0.5,26.5,0,0,874902.3548387097,Developing(11-30),24-27,24387152.730769232,634065971,27.611538461538462,26,0.0,0.0,0,0.0,,,0.0,50.0,874902.3548387097,0.03333333333333333,26.5,1,3,-0.5967528648243487,1.0770650706543496
649,25,Nathan Ngoy,DEF,Lille OSC,25000000,5,2003-06-10,183,0,4,4,360,0,0,0,1,0,0,0.0,0.0,0.0,sofascore.com,2026-07-19,Belgium,BEL,G,UEFA,9,1950,Domenico Tedesco,False,False,False,False,25000000.0,23.0,1.0,90.0,0,3,4166666.6666666665,Rookie(<=10),U23,24387152.730769232,634065971,27.611538461538462,26,0.0,0.0,0,0.0,,,0.0,100.0,4166666.6666666665,0.0,90.0,1,0,1.2870266031803936,1.3129874843724998
650,25,Matias Fernandez-Pardo,FWD,Lille OSC,35000000,3,2005-02-03,188,0,3,0,41,0,0,0,0,0,0,0.0,0.0,0.0,sofascore.com,2026-07-19,Belgium,BEL,G,UEFA,9,1950,Domenico Tedesco,False,False,False,False,35000000.0,21.3,0.0,13.666666666666666,0,0,8750000.0,Rookie(<=10),U23,24387152.730769232,634065971,27.611538461538462,26,0.0,0.0,0,0.0,,,0.0,0.0,8750000.0,0.0,13.666666666666666,1,3,-1.6781301589286597,2.0615860206233463
651,26,Elsayed Mohamed Mohamed Elshenawy,GK,Al Ahly FC,3226767,77,1988-12-18,191,0,0,0,0,0,0,0,0,0,0,0.0,0.0,0.0,Unverified/Unknown,2026-07-19,Egypt,EGY,G,CAF,36,1730,Hossam Hassan,False,False,False,False,3226767.0,37.5,0.0,0.0,0,0,41368.807692307695,Veteran(60+),32+,7599684.576923077,197591799,29.053846153846152,26,,,0,,,,,,41368.807692307695,0.0,0.0,0,3,-0.796138231018821,-2.013456986933715
652,26,Ahmed Ibrahim Yasser,DEF,Al Ahly FC,4084367,19,1993-02-10,185,1,5,4,466,1,0,1,0,0,0,0.0,0.0,0.0,sofascore.com,2026-07-19,Egypt,EGY,G,CAF,36,1730,Hossam Hassan,False,False,False,False,4084367.0,33.3,0.8,93.2,1,1,204218.35,Developing(11-30),32+,7599684.576923077,197591799,29.053846153846152,26,0.19313304721030042,0.0,1,0.19313304721030042,466.0,,0.0,80.0,204218.35,0.05263157894736842,93.2,0,0,1.0615669075779044,-0.8210213198980457
653,26,Hany Gamal Mohamed Hany,DEF,Al Ahly FC,9185220,44,1996-02-02,175,0,5,5,480,0,1,0,0,0,2,0.0,0.0,0.0,sofascore.com,2026-07-19,Egypt,EGY,G,CAF,36,1730,Hossam Hassan,False,False,False,False,9185220.0,30.4,1.0,96.0,1,0,204116.0,Established(31-60),28-31,7599684.576923077,197591799,29.053846153846152,26,0.0,0.1875,1,0.1875,,,0.0,100.0,204116.0,0.0,96.0,0,0,1.2377007093432624,-0.38531428558944575
654,26,Abdelmegeed Abdelsalam Hossam Abdelmaguid,DEF,Zamalek SC,8500477,13,2001-04-30,193,0,2,0,59,0,0,0,0,0,0,0.0,0.0,0.0,sofascore.com,2026-07-19,Egypt,EGY,G,CAF,36,1730,Hossam Hassan,False,False,False,False,8500477.0,25.1,0.0,29.5,0,0,607176.9285714285,Developing(11-30),24-27,7599684.576923077,197591799,29.053846153846152,26,0.0,0.0,0,0.0,,,0.0,0.0,607176.9285714285,0.0,29.5,0,3,-1.7102894386475642,0.2178004779737642
655,26,Abdelaziz Moustafa Ramy Rabia,DEF,Al Ain FC,9869546,48,1993-05-20,183,6,5,3,368,0,0,0,0,0,0,0.0,0.0,0.0,sofascore.com,2026-07-19,Egypt,EGY,G,CAF,36,1730,Hossam Hassan,False,False,False,False,9869546.0,33.1,0.6,73.6,0,0,201419.306122449,Established(31-60),32+,7599684.576923077,197591799,29.053846153846152,26,0.0,0.0,0,0.0,,,0.0,60.0,201419.306122449,0.125,73.6,0,0,0.42986781354903675,-1.243200800667897
656,26,Abdelmoneim Elsayed Mohamed,DEF,OGC Nice,8549809,36,1999-02-01,184,3,2,1,15,0,0,0,0,0,0,0.0,0.0,0.0,sofascore.com,2026-07-19,Egypt,EGY,G,CAF,36,1730,Hossam Hassan,False,False,False,False,8549809.0,27.4,0.5,7.5,0,0,231075.9189189189,Established(31-60),28-31,7599684.576923077,197591799,29.053846153846152,26,0.0,0.0,0,0.0,,,0.0,50.0,231075.9189189189,0.08333333333333333,7.5,0,3,-1.0165613799129125,-0.3825796194099784
657,26,Ahmed Ibrahim Trezeguet,FWD,Al Ahly FC,7946604,96,1994-10-01,181,23,4,1,161,1,0,0,0,0,0,0.0,0.0,0.0,sofascore.com,2026-07-19,Egypt,EGY,G,CAF,36,1730,Hossam Hassan,False,True,False,False,7946604.0,31.7,0.25,40.25,1,0,81923.75257731958,Veteran(60+),32+,7599684.576923077,197591799,29.053846153846152,26,0.5590062111801242,0.0,1,0.5590062111801242,161.0,,0.0,25.0,81923.75257731958,0.23958333333333334,40.25,0,0,1.1941476765103183,-1.6686514702339679
658,26,Ashour Metwaly Emam,MID,Al Ahly FC,4161395,30,1998-02-20,180,1,5,5,367,2,0,1,0,0,0,0.0,0.0,0.0,sofascore.com,2026-07-19,Egypt,EGY,G,CAF,36,1730,Hossam Hassan,False,False,False,False,4161395.0,28.3,1.0,73.4,2,1,134238.5483870968,Developing(11-30),28-31,7599684.576923077,197591799,29.053846153846152,26,0.49046321525885556,0.0,2,0.49046321525885556,183.5,,0.0,100.0,134238.5483870968,0.03333333333333333,73.4,0,0,1.339674873004871,-0.14493965782230572
659,26,Mohamed Abdelkarim Hamza,FWD,FC Barcelona,9057086,3,2008-01-01,182,0,4,0,56,0,0,0,0,0,0,0.0,0.0,0.0,sofascore.com,2026-07-19,Egypt,EGY,G,CAF,36,1730,Hossam Hassan,False,False,False,False,9057086.0,18.4,0.0,14.0,0,0,2264271.5,Rookie(<=10),U23,7599684.576923077,197591799,29.053846153846152,26,0.0,0.0,0,0.0,,,0.0,0.0,2264271.5,0.0,14.0,0,3,-2.322099231088637,1.1076137112655697
660,26,Hamed Mahrous Mohamed Salah,FWD,Liverpool FC,22000000,117,1992-06-15,175,67,5,5,427,1,3,0,0,0,0,0.0,0.0,0.0,sofascore.com,2026-07-19,Egypt,EGY,G,CAF,36,1730,Hossam Hassan,False,True,True,False,22000000.0,34.0,1.0,85.4,4,0,186440.6779661017,Veteran(60+),32+,7599684.576923077,197591799,29.053846153846152,26,0.2107728337236534,0.6323185011709602,4,0.8430913348946136,427.0,,0.0,100.0,186440.6779661017,0.5726495726495726,85.4,1,2,6.104025062333804,-1.195106627002042
661,26,Mohamed Zaky Mostafa Zico,MID,Pyramids FC,10781673,3,1997-04-27,179,2,5,5,375,2,1,0,0,0,0,0.0,0.0,0.0,sofascore.com,2026-07-19,Egypt,EGY,G,CAF,36,1730,Hossam Hassan,False,False,False,False,10781673.0,29.1,1.0,75.0,3,0,2695418.25,Rookie(<=10),28-31,7599684.576923077,197591799,29.053846153846152,26,0.48,0.24,3,0.72,187.5,,0.0,100.0,2695418.25,0.6666666666666666,75.0,0,0,1.347756624637172,0.7573925441029661
662,26,Yousry Fouad Haissem Hassan,FWD,Real Oviedo,8284369,4,2002-02-08,175,0,2,1,126,0,1,1,0,0,0,0.0,0.0,0.0,sofascore.com,2026-07-19,Egypt,EGY,G,CAF,36,1730,Hossam Hassan,False,False,False,False,8284369.0,24.3,0.5,63.0,1,1,1656873.8,Rookie(<=10),24-27,7599684.576923077,197591799,29.053846153846152,26,0.0,0.7142857142857142,1,0.7142857142857142,,,0.0,50.0,1656873.8,0.0,63.0,0,0,-0.07932093277377558,0.7775656848875637
663,26,Mohamed Aboelfetouh Ahmed Fatouh,DEF,Zamalek SC,10458281,40,1998-03-22,177,1,3,3,268,0,0,1,0,0,0,0.0,0.0,0.0,sofascore.com,2026-07-19,Egypt,EGY,G,CAF,36,1730,Hossam Hassan,False,False,False,False,10458281.0,28.2,1.0,89.33333333333333,0,1,255080.0243902439,Established(31-60),28-31,7599684.576923077,197591799,29.053846153846152,26,0.0,0.0,0,0.0,,,0.0,100.0,255080.0243902439,0.025,89.33333333333333,0,0,0.8759996265947889,-0.596117049851885
664,26,Fathy Abdelhalim Hamdy Fathy,MID,Al Wakrah SC,9580178,65,1994-09-29,183,4,4,3,240,0,0,1,0,0,0,0.0,0.0,0.0,sofascore.com,2026-07-19,Egypt,EGY,G,CAF,36,1730,Hossam Hassan,False,False,False,False,9580178.0,31.7,0.75,60.0,0,1,145154.21212121213,Veteran(60+),32+,7599684.576923077,197591799,29.053846153846152,26,0.0,0.0,0,0.0,,,0.0,75.0,145154.21212121213,0.06153846153846154,60.0,0,0,0.8257485466077065,-1.2971681342023844
665,26,Hafez Ramadan Karim Hafez,DEF,Pyramids FC,7314242,10,1996-03-12,174,0,3,2,172,0,0,0,0,0,0,0.0,0.0,0.0,sofascore.com,2026-07-19,Egypt,EGY,G,CAF,36,1730,Hossam Hassan,False,False,False,False,7314242.0,30.2,0.6666666666666666,57.333333333333336,0,0,664931.0909090909,Rookie(<=10),28-31,7599684.576923077,197591799,29.053846153846152,26,0.0,0.0,0,0.0,,,0.0,66.66666666666666,664931.0909090909,0.0,57.333333333333336,0,0,-0.5405523025638919,-0.43592744038892617
666,26,Mohamed Soliman Mahdy Soliman,GK,Zamalek SC,6756808,0,1987-06-08,189,0,0,0,0,0,0,0,0,0,0,0.0,0.0,0.0,Unverified/Unknown,2026-07-19,Egypt,EGY,G,CAF,36,1730,Hossam Hassan,False,False,False,False,6756808.0,39.0,0.0,0.0,0,0,6756808.0,Rookie(<=10),32+,7599684.576923077,197591799,29.053846153846152,26,,,0,,,,,,6756808.0,,0.0,0,3,-1.6336597801115222,-1.193862123174812
667,26,Mostafa Ahmed Mohanad Lashin,MID,Pyramids FC,3736043,24,1996-05-29,186,0,4,4,360,0,0,2,0,0,0,0.0,0.0,0.0,sofascore.com,2026-07-19,Egypt,EGY,G,CAF,36,1730,Hossam Hassan,False,False,False,False,3736043.0,30.0,1.0,90.0,0,2,149441.72,Developing(11-30),28-31,7599684.576923077,197591799,29.053846153846152,26,0.0,0.0,0,0.0,,,0.0,100.0,149441.72,0.0,90.0,0,0,1.014544100834185,-0.8044585531725846
668,26,Aly Elmahdy Nabil,MID,Al Najmah SC,6807358,12,1996-04-06,179,0,0,0,0,0,0,0,0,0,0,0.0,0.0,0.0,Unverified/Unknown,2026-07-19,Egypt,EGY,G,CAF,36,1730,Hossam Hassan,False,False,False,False,6807358.0,30.2,0.0,0.0,0,0,523642.92307692306,Developing(11-30),28-31,7599684.576923077,197591799,29.053846153846152,26,,,0,,,,,,523642.92307692306,0.0,0.0,0,3,-1.8814477965792695,-0.353852884911644
669,26,Attia Fahim Marawan Attia,MID,Al Ahly FC,5436592,36,1998-08-01,176,1,5,4,433,0,0,2,0,0,0,0.0,0.0,0.0,sofascore.com,2026-07-19,Egypt,EGY,G,CAF,36,1730,Hossam Hassan,False,False,False,False,5436592.0,27.9,0.8,86.6,0,2,146934.9189189189,Established(31-60),28-31,7599684.576923077,197591799,29.053846153846152,26,0.0,0.0,0,0.0,,,0.0,80.0,146934.9189189189,0.027777777777777776,86.6,0,0,0.8847275554041487,-0.6605578034989731
670,26,Adel Aly Mohamed Ibrahim,FWD,FC Nordsjælland,7688182,25,2001-04-23,178,3,1,0,2,0,0,0,0,0,0,0.0,0.0,0.0,sofascore.com,2026-07-19,Egypt,EGY,G,CAF,36,1730,Hossam Hassan,False,False,False,False,7688182.0,25.1,0.0,2.0,0,0,295699.3076923077,Developing(11-30),24-27,7599684.576923077,197591799,29.053846153846152,26,0.0,0.0,0,0.0,,,0.0,0.0,295699.3076923077,0.12,2.0,0,3,-1.8127650770004478,0.03247710897973748
671,26,Saber Abdelmohsen Mahmoud,MID,ZED FC,9717210,15,2001-07-30,170,1,2,1,47,1,0,1,0,0,0,0.0,0.0,0.0,sofascore.com,2026-07-19,Egypt,EGY,G,CAF,36,1730,Hossam Hassan,False,False,False,False,9717210.0,24.9,0.5,23.5,1,1,607325.625,Developing(11-30),24-27,7599684.576923077,197591799,29.053846153846152,26,1.9148936170212765,0.0,1,1.9148936170212765,47.0,,0.0,50.0,607325.625,0.06666666666666667,23.5,0,3,-0.4686617954082788,0.39934530297725274
672,26,Mohamed Abdelsalam Omar,FWD,Manchester City FC,3005275,51,1999-02-07,180,11,5,3,326,0,0,0,0,0,0,0.0,0.0,0.0,sofascore.com,2026-07-19,Egypt,EGY,G,CAF,36,1730,Hossam Hassan,False,True,False,False,3005275.0,27.3,0.6,65.2,0,0,57793.75,Established(31-60),28-31,7599684.576923077,197591799,29.053846153846152,26,0.0,0.0,0,0.0,,,0.0,60.0,57793.75,0.21568627450980393,65.2,0,0,0.20306184309317946,-0.8875026041621523
673,26,Abdelaziz Mohame Mostafa,GK,Al Ahly FC,7386810,11,2000-05-15,195,0,5,5,480,0,0,1,0,0,0,0.0,11.0,7.0,sofascore.com,2026-07-19,Egypt,EGY,G,CAF,36,1730,Hossam Hassan,False,False,False,False,7386810.0,26.1,1.0,96.0,0,1,615567.5,Developing(11-30),24-27,7599684.576923077,197591799,29.053846153846152,26,0.0,0.0,0,0.0,,61.111111111111114,0.0,100.0,615567.5,0.0,96.0,0,0,0.443880534607449,-0.09467097180361161
674,26,Abdelghaffar Abdel Tarek Alaa,DEF,ZED FC,6326828,3,2002-01-05,178,0,0,0,0,0,0,0,0,0,0,0.0,0.0,0.0,Unverified/Unknown,2026-07-19,Egypt,EGY,G,CAF,36,1730,Hossam Hassan,False,False,False,False,6326828.0,24.4,0.0,0.0,0,0,1581707.0,Rookie(<=10),24-27,7599684.576923077,197591799,29.053846153846152,26,,,0,,,,,,1581707.0,0.0,0.0,0,3,-2.25692077473802,0.38297949779877066
675,26,Mostafa Mohamed Zizo,FWD,Al Ahly FC,4620676,65,1996-01-10,175,5,4,0,54,0,0,0,0,0,0,0.0,0.0,0.0,sofascore.com,2026-07-19,Egypt,EGY,G,CAF,36,1730,Hossam Hassan,False,False,False,False,4620676.0,30.4,0.0,13.5,0,0,70010.24242424243,Veteran(60+),28-31,7599684.576923077,197591799,29.053846153846152,26,0.0,0.0,0,0.0,,,0.0,0.0,70010.24242424243,0.07692307692307693,13.5,0,3,-0.9037357682939635,-1.1453318044350869
676,26,Alaaeldin Soliman Mohamed Alaa,GK,El Gouna FC,3110003,0,1999-01-01,188,0,0,0,0,0,0,0,0,0,0,0.0,0.0,0.0,Unverified/Unknown,2026-07-19,Egypt,EGY,G,CAF,36,1730,Hossam Hassan,False,False,False,False,3110003.0,27.4,0.0,0.0,0,0,3110003.0,Rookie(<=10),28-31,7599684.576923077,197591799,29.053846153846152,26,,,0,,,,,,3110003.0,,0.0,0,3,-2.1924942396563156,0.0010164754199165806
677,27,Ali Reza Beiranvand,GK,Tractor Sazi Tabriz FC,13579782,88,1992-09-21,195,0,3,3,270,0,0,0,0,0,0,1.0,16.0,3.0,sofascore.com,2026-07-19,IR Iran,IRN,G,AFC,20,1820,Amir Ghalenoei,False,False,False,False,13579782.0,33.7,1.0,90.0,0,0,152581.8202247191,Veteran(60+),32+,5593685.384615385,145435820,30.334615384615386,26,0.0,0.0,0,0.0,,84.21052631578947,33.33333333333333,100.0,152581.8202247191,0.0,90.0,0,0,1.4672674365138307,-1.3850481756418866
678,27,Saleh Hardani,DEF,Esteghlal Tehran FC,6250097,18,1998-12-26,176,1,2,1,90,0,0,0,0,0,0,0.0,0.0,0.0,sofascore.com,2026-07-19,IR Iran,IRN,G,AFC,20,1820,Amir Ghalenoei,False,False,False,False,6250097.0,27.5,0.5,45.0,0,0,328952.4736842105,Developing(11-30),28-31,5593685.384615385,145435820,30.334615384615386,26,0.0,0.0,0,0.0,,,0.0,50.0,328952.4736842105,0.05555555555555555,45.0,0,3,-0.7540185373398482,0.0015399934405675138
679,27,Ehsan Hajisafi,DEF,Sepahan SC,17606596,147,1990-02-25,178,7,2,1,91,0,0,1,0,0,0,0.0,0.0,0.0,sofascore.com,2026-07-19,IR Iran,IRN,G,AFC,20,1820,Amir Ghalenoei,False,False,True,False,17606596.0,36.3,0.5,45.5,0,1,118963.48648648648,Veteran(60+),32+,5593685.384615385,145435820,30.334615384615386,26,0.0,0.0,0,0.0,,,0.0,50.0,118963.48648648648,0.047619047619047616,45.5,0,0,1.9022056298980101,-2.3189999854404735
680,27,Shojae Khalilzadeh,DEF,Tractor Sazi Tabriz FC,200000,59,1989-05-14,183,2,3,3,270,0,0,1,0,0,0,0.0,0.0,0.0,sofascore.com,2026-07-19,IR Iran,IRN,G,AFC,20,1820,Amir Ghalenoei,False,False,False,False,200000.0,37.1,1.0,90.0,0,1,3333.3333333333335,Established(31-60),32+,5593685.384615385,145435820,30.334615384615386,26,0.0,0.0,0,0.0,,,0.0,100.0,3333.3333333333335,0.03389830508474576,90.0,0,0,1.545182055117748,-1.842510849344039
681,27,Milad Mohammadi,DEF,Persepolis FC,10538861,78,1993-09-29,175,1,3,2,204,0,0,0,0,0,0,0.0,0.0,0.0,sofascore.com,2026-07-19,IR Iran,IRN,G,AFC,20,1820,Amir Ghalenoei,False,False,False,False,10538861.0,32.7,0.6666666666666666,68.0,0,0,133403.30379746837,Veteran(60+),32+,5593685.384615385,145435820,30.334615384615386,26,0.0,0.0,0,0.0,,,0.0,66.66666666666666,133403.30379746837,0.01282051282051282,68.0,0,0,0.7067635765969396,-1.2002862324069217
682,27,Saeid Ezatolahi,MID,Shabab Al Ahli Club,12163085,85,1996-10-01,189,2,3,3,265,0,0,2,0,0,0,0.0,0.0,0.0,sofascore.com,2026-07-19,IR Iran,IRN,G,AFC,20,1820,Amir Ghalenoei,False,False,False,False,12163085.0,29.7,1.0,88.33333333333333,0,2,141431.22093023255,Veteran(60+),28-31,5593685.384615385,145435820,30.334615384615386,26,0.0,0.0,0,0.0,,,0.0,100.0,141431.22093023255,0.023529411764705882,88.33333333333333,0,0,1.9848396344417665,-1.0467356320978787
683,27,Alireza Jahanbakhsh,MID,FCV Dender EH,10308691,99,1993-08-11,180,17,2,0,45,0,0,0,0,0,0,0.0,0.0,0.0,sofascore.com,2026-07-19,IR Iran,IRN,G,AFC,20,1820,Amir Ghalenoei,False,True,False,False,10308691.0,32.8,0.0,22.5,0,0,103086.91,Veteran(60+),32+,5593685.384615385,145435820,30.334615384615386,26,0.0,0.0,0,0.0,,,0.0,0.0,103086.91,0.1717171717171717,22.5,0,3,0.31074041632955596,-1.6230077045449371
684,27,Mohammad Mohebbi,MID,FC Rostov,2500000,38,1998-12-20,187,14,3,3,246,1,0,0,0,0,0,0.0,0.0,0.0,sofascore.com,2026-07-19,IR Iran,IRN,G,AFC,20,1820,Amir Ghalenoei,False,True,False,False,2500000.0,27.5,1.0,82.0,1,0,64102.5641025641,Established(31-60),28-31,5593685.384615385,145435820,30.334615384615386,26,0.3658536585365854,0.0,1,0.3658536585365854,246.0,,0.0,100.0,64102.5641025641,0.3684210526315789,82.0,0,0,1.2720273916659945,-0.38269039415315975
685,27,Mehdi Taremi,FWD,Olympiacos FC,2000000,107,1992-07-18,187,59,3,3,260,0,0,0,0,0,0,0.0,0.0,0.0,sofascore.com,2026-07-19,IR Iran,IRN,G,AFC,20,1820,Amir Ghalenoei,False,True,False,False,2000000.0,33.9,1.0,86.66666666666667,0,0,18518.51851851852,Veteran(60+),32+,5593685.384615385,145435820,30.334615384615386,26,0.0,0.0,0,0.0,,,0.0,100.0,18518.51851851852,0.5514018691588785,86.66666666666667,0,2,3.598479224549662,-2.9170821895149173
686,27,Mehdi Ghayedi,FWD,Al Nasr SC,4500000,31,1998-12-05,166,10,1,0,45,0,0,0,0,0,0,0.0,0.0,0.0,sofascore.com,2026-07-19,IR Iran,IRN,G,AFC,20,1820,Amir Ghalenoei,False,False,False,False,4500000.0,27.5,0.0,45.0,0,0,140625.0,Established(31-60),28-31,5593685.384615385,145435820,30.334615384615386,26,0.0,0.0,0,0.0,,,0.0,0.0,140625.0,0.3225806451612903,45.0,0,3,-0.7805951863798344,-0.29744339982432444
687,27,Ali Alipour,FWD,Persepolis FC,10423449,15,1995-11-11,181,1,1,0,37,0,0,0,0,0,0,0.0,0.0,0.0,sofascore.com,2026-07-19,IR Iran,IRN,G,AFC,20,1820,Amir Ghalenoei,False,False,False,False,10423449.0,30.6,0.0,37.0,0,0,651465.5625,Developing(11-30),28-31,5593685.384615385,145435820,30.334615384615386,26,0.0,0.0,0,0.0,,,0.0,0.0,651465.5625,0.06666666666666667,37.0,0,3,-1.1887854242670934,-0.1437932371762894
688,27,Seyedpayam Niazmand,GK,Persepolis FC,750000,15,1995-04-06,193,0,0,0,0,0,0,0,0,0,0,0.0,0.0,0.0,Unverified/Unknown,2026-07-19,IR Iran,IRN,G,AFC,20,1820,Amir Ghalenoei,False,False,False,False,750000.0,31.2,0.0,0.0,0,0,46875.0,Developing(11-30),32+,5593685.384615385,145435820,30.334615384615386,26,,,0,,,,,,46875.0,0.0,0.0,0,3,-1.7619300453304243,-0.4098851982286303
689,27,Mohammadhossein Kanani,DEF,Persepolis FC,13284748,65,1994-03-23,188,6,2,2,136,0,0,1,0,0,0,0.0,0.0,0.0,sofascore.com,2026-07-19,IR Iran,IRN,G,AFC,20,1820,Amir Ghalenoei,False,False,False,False,13284748.0,32.2,1.0,68.0,0,1,201284.0606060606,Veteran(60+),32+,5593685.384615385,145435820,30.334615384615386,26,0.0,0.0,0,0.0,,,0.0,100.0,201284.0606060606,0.09230769230769231,68.0,0,0,1.398174505836063,-1.07524402178972
690,27,Seyed Saman Ghoddos,MID,Al Ittihad Kalba SCC,9307706,69,1993-09-06,176,3,3,3,211,0,0,0,0,0,0,0.0,0.0,0.0,sofascore.com,2026-07-19,IR Iran,IRN,G,AFC,20,1820,Amir Ghalenoei,False,False,False,False,9307706.0,32.8,1.0,70.33333333333333,0,0,132967.22857142857,Veteran(60+),32+,5593685.384615385,145435820,30.334615384615386,26,0.0,0.0,0,0.0,,,0.0,100.0,132967.22857142857,0.043478260869565216,70.33333333333333,0,0,1.0074649577953831,-1.2070316147054763
691,27,Roozbeh Cheshmi,MID,Esteghlal Tehran FC,300000,41,1993-07-24,192,3,0,0,0,0,0,0,0,0,0,0.0,0.0,0.0,Unverified/Unknown,2026-07-19,IR Iran,IRN,G,AFC,20,1820,Amir Ghalenoei,False,False,False,False,300000.0,32.9,0.0,0.0,0,0,7142.857142857143,Established(31-60),32+,5593685.384615385,145435820,30.334615384615386,26,,,0,,,,,,7142.857142857143,0.07317073170731707,0.0,0,3,-1.2679618090533635,-0.9631051657832053
692,27,Mahdi Torabi,MID,Tractor Sazi Tabriz FC,1800000,52,1994-09-10,185,7,1,0,24,0,0,0,0,0,0,0.0,0.0,0.0,sofascore.com,2026-07-19,IR Iran,IRN,G,AFC,20,1820,Amir Ghalenoei,False,False,False,False,1800000.0,31.8,0.0,24.0,0,0,33962.264150943396,Established(31-60),32+,5593685.384615385,145435820,30.334615384615386,26,0.0,0.0,0,0.0,,,0.0,0.0,33962.264150943396,0.1346153846153846,24.0,0,3,-0.7268106684627088,-1.0194160575565085
693,27,Arya Yousefi,DEF,Sepahan SC,450000,15,2002-04-22,181,1,1,1,45,0,0,0,0,0,0,0.0,0.0,0.0,sofascore.com,2026-07-19,IR Iran,IRN,G,AFC,20,1820,Amir Ghalenoei,False,False,False,False,450000.0,24.1,1.0,45.0,0,0,28125.0,Developing(11-30),24-27,5593685.384615385,145435820,30.334615384615386,26,0.0,0.0,0,0.0,,,0.0,100.0,28125.0,0.06666666666666667,45.0,0,0,-0.5234743942861751,0.21524443576812768
694,27,Amirhossein Hosseinzadeh,FWD,Tractor Sazi Tabriz FC,14618632,19,2000-10-30,178,5,2,0,15,0,0,0,0,0,0,0.0,0.0,0.0,sofascore.com,2026-07-19,IR Iran,IRN,G,AFC,20,1820,Amir Ghalenoei,False,False,False,False,14618632.0,25.6,0.0,7.5,0,0,730931.6,Developing(11-30),24-27,5593685.384615385,145435820,30.334615384615386,26,0.0,0.0,0,0.0,,,0.0,0.0,730931.6,0.2631578947368421,7.5,0,3,-1.5516311519783679,0.43444450607954843
695,27,Ali Nemati,DEF,Foolad Khuzestan FC,25000,19,1996-02-08,182,0,3,3,270,0,0,1,0,0,0,0.0,0.0,0.0,sofascore.com,2026-07-19,IR Iran,IRN,G,AFC,20,1820,Amir Ghalenoei,False,False,False,False,136750.00000000003,30.3,1.0,90.0,0,1,1250.0,Developing(11-30),28-31,5593685.384615385,145435820,30.334615384615386,26,0.0,0.0,0,0.0,,,0.0,100.0,1250.0,0.0,90.0,0,0,0.6804651090674223,-0.5898212525349219
696,27,Shahriyar Moghanloo,FWD,Al Ittihad Kalba SCC,900000,22,1994-12-21,189,2,3,1,87,0,0,0,0,0,0,0.0,0.0,0.0,sofascore.com,2026-07-19,IR Iran,IRN,G,AFC,20,1820,Amir Ghalenoei,False,False,False,False,900000.0,31.5,0.3333333333333333,29.0,0,0,39130.434782608696,Developing(11-30),32+,5593685.384615385,145435820,30.334615384615386,26,0.0,0.0,0,0.0,,,0.0,33.33333333333333,39130.434782608696,0.09090909090909091,29.0,0,3,-0.9074935089613887,-0.6138582633180479
697,27,Mohammad Ghorbani,MID,Al Wahda SC,1200000,16,2001-10-07,190,0,1,1,90,0,0,0,0,0,0,0.0,0.0,0.0,sofascore.com,2026-07-19,IR Iran,IRN,G,AFC,20,1820,Amir Ghalenoei,False,False,False,False,1200000.0,24.7,1.0,90.0,0,0,70588.23529411765,Developing(11-30),24-27,5593685.384615385,145435820,30.334615384615386,26,0.0,0.0,0,0.0,,,0.0,100.0,70588.23529411765,0.0,90.0,0,0,0.05347819506953658,0.13124927516176352
698,27,Seyedhossein Hosseini,GK,Sepahan SC,550000,14,1992-06-30,189,0,0,0,0,0,0,0,0,0,0,0.0,0.0,0.0,Unverified/Unknown,2026-07-19,IR Iran,IRN,G,AFC,20,1820,Amir Ghalenoei,False,False,False,False,550000.0,33.9,0.0,0.0,0,0,36666.666666666664,Developing(11-30),32+,5593685.384615385,145435820,30.334615384615386,26,,,0,,,,,,36666.666666666664,0.0,0.0,0,3,-1.6550310675138962,-0.7035627716401651
699,27,Ramin Rezaeian,DEF,Foolad Khuzestan FC,9879173,75,1990-03-21,184,9,3,3,270,2,1,0,0,0,0,0.0,0.0,0.0,sofascore.com,2026-07-19,IR Iran,IRN,G,AFC,20,1820,Amir Ghalenoei,False,False,False,False,9879173.0,36.2,1.0,90.0,3,0,129989.11842105263,Veteran(60+),32+,5593685.384615385,145435820,30.334615384615386,26,0.6666666666666667,0.33333333333333337,3,1.0,135.0,,0.0,100.0,129989.11842105263,0.12,90.0,0,0,3.0705563047227074,-0.7766359274040049
700,27,Dennis Dargahi,FWD,Standard Liège,2000000,0,1997-01-09,182,0,0,0,0,0,0,0,0,0,0,0.0,0.0,0.0,Unverified/Unknown,2026-07-19,IR Iran,IRN,G,AFC,20,1820,Amir Ghalenoei,False,False,False,False,2000000.0,29.4,0.0,0.0,0,0,2000000.0,Rookie(<=10),28-31,5593685.384615385,145435820,30.334615384615386,26,,,0,,,,,,2000000.0,,0.0,0,3,-2.0131447754676866,-0.0030936043899259065
701,27,Danial Iri,DEF,Malavan Anzali FC,150000,0,2003-10-26,182,0,0,0,0,0,0,0,0,0,0,0.0,0.0,0.0,Unverified/Unknown,2026-07-19,IR Iran,IRN,G,AFC,20,1820,Amir Ghalenoei,False,False,False,False,150000.0,22.6,0.0,0.0,0,0,150000.0,Rookie(<=10),U23,5593685.384615385,145435820,30.334615384615386,26,,,0,,,,,,150000.0,,0.0,0,3,-2.337734328868048,0.7048104350718568
702,27,Amirmohammad Razaghinia,MID,Esteghlal Tehran FC,150000,4,2006-04-11,187,0,0,0,0,0,0,0,0,0,0,0.0,0.0,0.0,Unverified/Unknown,2026-07-19,IR Iran,IRN,G,AFC,20,1820,Amir Ghalenoei,False,False,False,False,150000.0,20.2,0.0,0.0,0,0,30000.0,Rookie(<=10),U23,5593685.384615385,145435820,30.334615384615386,26,,,0,,,,,,30000.0,0.0,0.0,0,3,-2.3965622878550707,0.9250946962907186
703,28,Maxime Teremoana Crocombe,GK,Millwall FC,1000000,25,1993-08-12,190,0,3,3,270,0,0,0,0,0,0,0.0,18.0,10.0,sofascore.com,2026-07-19,New Zealand,NZL,G,OFC,85,1510,Darren Bazeley,False,False,False,False,1000000.0,32.8,1.0,90.0,0,0,38461.53846153846,Developing(11-30),32+,1457911.3846153845,37905696,28.25769230769231,26,0.0,0.0,0,0.0,,64.28571428571429,0.0,100.0,38461.53846153846,0.0,90.0,0,0,0.17672624271849588,-1.7295273857058586
704,28,Timothy John Payne,DEF,Wellington Phoenix FC,350000,53,1994-01-10,179,3,3,3,227,0,1,0,0,0,0,0.0,0.0,0.0,sofascore.com,2026-07-19,New Zealand,NZL,G,OFC,85,1510,Darren Bazeley,False,False,False,False,350000.0,32.4,1.0,75.66666666666667,1,0,6481.481481481482,Established(31-60),32+,1457911.3846153845,37905696,28.25769230769231,26,0.0,0.39647577092511016,1,0.39647577092511016,,,0.0,100.0,6481.481481481482,0.05660377358490566,75.66666666666667,0,0,0.9473072203566405,-1.5763660496392593
705,28,Francis De Vries,DEF,Auckland FC,600000,20,1994-11-28,181,1,2,0,16,0,0,0,0,0,0,0.0,0.0,0.0,sofascore.com,2026-07-19,New Zealand,NZL,G,OFC,85,1510,Darren Bazeley,False,False,False,False,600000.0,31.5,0.0,8.0,0,0,28571.428571428572,Developing(11-30),32+,1457911.3846153845,37905696,28.25769230769231,26,0.0,0.0,0,0.0,,,0.0,0.0,28571.428571428572,0.05,8.0,0,3,-1.902070553505547,-1.3801475636380487
706,28,Tyler Grant Bindon,DEF,Shefield United FC,3500000,26,2005-01-27,190,2,3,1,96,0,0,0,0,0,0,0.0,0.0,0.0,sofascore.com,2026-07-19,New Zealand,NZL,G,OFC,85,1510,Darren Bazeley,False,False,False,False,3500000.0,21.4,0.3333333333333333,32.0,0,0,129629.62962962964,Developing(11-30),U23,1457911.3846153845,37905696,28.25769230769231,26,0.0,0.0,0,0.0,,,0.0,33.33333333333333,129629.62962962964,0.07692307692307693,32.0,0,3,-1.5956113203031304,-0.3237575620022511
707,28,Michael Joseph Boxall,DEF,Minnesota United FC,150000,65,1988-08-18,191,1,3,2,206,0,0,0,0,0,0,0.0,0.0,0.0,sofascore.com,2026-07-19,New Zealand,NZL,G,OFC,85,1510,Darren Bazeley,False,False,False,False,150000.0,37.8,0.6666666666666666,68.66666666666667,0,0,2272.7272727272725,Veteran(60+),32+,1457911.3846153845,37905696,28.25769230769231,26,0.0,0.0,0,0.0,,,0.0,66.66666666666666,2272.7272727272725,0.015384615384615385,68.66666666666667,0,0,0.3283140575632136,-2.736599810474871
708,28,Joe Zen Robert Bell,MID,Viking Stavanger,3500000,33,1999-04-27,182,1,3,3,244,0,0,0,0,0,0,0.0,0.0,0.0,sofascore.com,2026-07-19,New Zealand,NZL,G,OFC,85,1510,Darren Bazeley,False,False,False,False,3500000.0,27.1,1.0,81.33333333333333,0,0,102941.17647058824,Established(31-60),28-31,1457911.3846153845,37905696,28.25769230769231,26,0.0,0.0,0,0.0,,,0.0,100.0,102941.17647058824,0.030303030303030304,81.33333333333333,0,0,-0.02922459165682869,-1.1328699946377394
709,28,Logan Tipene Rogerson,FWD,Auckland FC,400000,18,1998-05-28,182,2,0,0,0,0,0,0,0,0,0,0.0,0.0,0.0,Unverified/Unknown,2026-07-19,New Zealand,NZL,G,OFC,85,1510,Darren Bazeley,False,False,False,False,400000.0,28.0,0.0,0.0,0,0,21052.63157894737,Developing(11-30),28-31,1457911.3846153845,37905696,28.25769230769231,26,,,0,,,,,,21052.63157894737,0.1111111111111111,0.0,0,3,-2.151359989303207,-0.9824080714307586
710,28,Marko Seufatu Nikola Stamenic,MID,Swansea City AFC,3000000,41,2002-02-19,188,3,3,3,270,0,0,1,0,0,0,0.0,0.0,0.0,sofascore.com,2026-07-19,New Zealand,NZL,G,OFC,85,1510,Darren Bazeley,False,False,False,False,3000000.0,24.3,1.0,90.0,0,1,71428.57142857143,Established(31-60),24-27,1457911.3846153845,37905696,28.25769230769231,26,0.0,0.0,0,0.0,,,0.0,100.0,71428.57142857143,0.07317073170731707,90.0,0,0,0.4660170102168801,-1.0054598558318713
711,28,Christopher Grant Wood,FWD,Nottingham Forest FC,5000000,91,1991-12-07,191,45,3,3,270,0,2,0,0,0,0,0.0,0.0,0.0,sofascore.com,2026-07-19,New Zealand,NZL,G,OFC,85,1510,Darren Bazeley,False,True,False,False,5000000.0,34.5,1.0,90.0,2,0,54347.82608695652,Veteran(60+),32+,1457911.3846153845,37905696,28.25769230769231,26,0.0,0.6666666666666667,2,0.6666666666666667,,,0.0,100.0,54347.82608695652,0.4945054945054945,90.0,0,2,3.724256683886274,-2.3623995890906433
712,28,Sarpreet Singh,MID,Wellington Phoenix FC,500000,29,1999-02-20,180,3,3,3,212,0,0,1,0,0,0,0.0,0.0,0.0,sofascore.com,2026-07-19,New Zealand,NZL,G,OFC,85,1510,Darren Bazeley,False,False,False,False,500000.0,27.3,1.0,70.66666666666667,0,1,16666.666666666668,Developing(11-30),28-31,1457911.3846153845,37905696,28.25769230769231,26,0.0,0.0,0,0.0,,,0.0,100.0,16666.666666666668,0.10344827586206896,70.66666666666667,0,0,0.1852223153652681,-1.2462389455387024
713,28,Elijah Henry Just,MID,Motherwell FC,2500000,45,2000-05-01,176,11,3,3,265,3,0,1,0,0,0,0.0,0.0,0.0,sofascore.com,2026-07-19,New Zealand,NZL,G,OFC,85,1510,Darren Bazeley,False,True,False,False,2500000.0,26.1,1.0,88.33333333333333,3,1,54347.82608695652,Established(31-60),24-27,1457911.3846153845,37905696,28.25769230769231,26,1.0188679245283019,0.0,3,1.0188679245283019,88.33333333333333,,0.0,100.0,54347.82608695652,0.24444444444444444,88.33333333333333,0,0,2.118657385806848,-0.6563097540844585
714,28,Alexander Noah Paulsen,GK,Lechia Gda ń sk,500000,8,2002-07-04,193,0,0,0,0,0,0,0,0,0,0,0.0,0.0,0.0,Unverified/Unknown,2026-07-19,New Zealand,NZL,G,OFC,85,1510,Darren Bazeley,False,False,False,False,500000.0,23.9,0.0,0.0,0,0,55555.555555555555,Rookie(<=10),24-27,1457911.3846153845,37905696,28.25769230769231,26,,,0,,,,,,55555.555555555555,0.0,0.0,0,3,-2.5262612660979284,-0.3742441072821885
715,28,Liberato Gianpaolo Cacace,DEF,Wrexham AFC,2500000,38,2000-09-27,182,1,3,3,223,0,0,0,0,0,0,0.0,0.0,0.0,sofascore.com,2026-07-19,New Zealand,NZL,G,OFC,85,1510,Darren Bazeley,False,False,False,False,2500000.0,25.7,1.0,74.33333333333333,0,0,64102.5641025641,Established(31-60),24-27,1457911.3846153845,37905696,28.25769230769231,26,0.0,0.0,0,0.0,,,0.0,100.0,64102.5641025641,0.02631578947368421,74.33333333333333,0,0,-0.12921280702226318,-1.0547537141527568
716,28,Alex Arthur Rufer,MID,Wellington Phoenix FC,600000,26,1996-06-12,180,0,0,0,0,0,0,0,0,0,0,0.0,0.0,0.0,Unverified/Unknown,2026-07-19,New Zealand,NZL,G,OFC,85,1510,Darren Bazeley,False,False,False,False,600000.0,30.0,0.0,0.0,0,0,22222.222222222223,Developing(11-30),28-31,1457911.3846153845,37905696,28.25769230769231,26,,,0,,,,,,22222.222222222223,0.0,0.0,0,3,-2.0312218857680757,-1.2588763811995751
717,28,Nando Zen Pijnaker,DEF,Auckland FC,400000,26,1999-02-25,185,0,0,0,0,0,0,0,0,0,0,0.0,0.0,0.0,Unverified/Unknown,2026-07-19,New Zealand,NZL,G,OFC,85,1510,Darren Bazeley,False,False,False,False,400000.0,27.3,0.0,0.0,0,0,14814.814814814816,Developing(11-30),28-31,1457911.3846153845,37905696,28.25769230769231,26,,,0,,,,,,14814.814814814816,0.0,0.0,0,3,-2.154524811964066,-0.9639435814185264
718,28,Finn Surman,DEF,Portland Timbers,1800000,20,2003-09-23,190,2,3,3,270,1,0,0,0,0,0,0.0,0.0,0.0,sofascore.com,2026-07-19,New Zealand,NZL,G,OFC,85,1510,Darren Bazeley,False,False,False,False,1800000.0,22.7,1.0,90.0,1,0,85714.28571428571,Developing(11-30),U23,1457911.3846153845,37905696,28.25769230769231,26,0.33333333333333337,0.0,1,0.33333333333333337,270.0,,0.0,100.0,85714.28571428571,0.1,90.0,0,0,0.1636434688333667,-0.3144511660169705
719,28,Kosta Barbarouses,FWD,WS Wanderers FC,2514216,76,1990-02-19,171,10,0,0,0,0,0,0,0,0,0,0.0,0.0,0.0,Unverified/Unknown,2026-07-19,New Zealand,NZL,G,OFC,85,1510,Darren Bazeley,False,False,False,False,2514216.0,36.3,0.0,0.0,0,0,32652.155844155845,Veteran(60+),32+,1457911.3846153845,37905696,28.25769230769231,26,,,0,,,,,,32652.155844155845,0.13157894736842105,0.0,0,3,-0.769028500188317,-2.6587439399344333
720,28,Benjamin Peter Waine,FWD,Port Vale FC,400000,31,2001-06-11,185,9,0,0,0,0,0,0,0,0,0,0.0,0.0,0.0,Unverified/Unknown,2026-07-19,New Zealand,NZL,G,OFC,85,1510,Darren Bazeley,False,False,False,False,400000.0,25.0,0.0,0.0,0,0,12500.0,Established(31-60),24-27,1457911.3846153845,37905696,28.25769230769231,26,,,0,,,,,,12500.0,0.2903225806451613,0.0,0,3,-1.8835347712344022,-0.9177196394078805
721,28,Benjamin Craig Old,MID,AS Saint-Etienne,1800000,25,2002-08-13,173,2,3,0,90,0,0,0,0,0,0,0.0,0.0,0.0,sofascore.com,2026-07-19,New Zealand,NZL,G,OFC,85,1510,Darren Bazeley,False,False,False,False,1800000.0,23.8,0.0,30.0,0,0,69230.76923076923,Developing(11-30),24-27,1457911.3846153845,37905696,28.25769230769231,26,0.0,0.0,0,0.0,,,0.0,0.0,69230.76923076923,0.08,30.0,0,3,-1.8632008585967945,-0.5885835927569555
722,28,Mc,MID,Silkeborg IF,3891480,34,1999-04-30,180,5,3,2,160,0,0,1,0,0,0,0.0,0.0,0.0,sofascore.com,2026-07-19,New Zealand,NZL,G,OFC,85,1510,Darren Bazeley,False,False,False,False,3891480.0,27.1,0.6666666666666666,53.333333333333336,0,1,111185.14285714286,Established(31-60),28-31,1457911.3846153845,37905696,28.25769230769231,26,0.0,0.0,0,0.0,,,0.0,66.66666666666666,111185.14285714286,0.14705882352941177,53.333333333333336,0,0,-0.19543909683635297,-1.179185005067253
723,28,Jesse Carmichael Randall,FWD,Auckland FC,900000,12,2002-08-19,176,2,3,0,59,0,0,0,0,0,0,0.0,0.0,0.0,sofascore.com,2026-07-19,New Zealand,NZL,G,OFC,85,1510,Darren Bazeley,False,False,False,False,900000.0,23.8,0.0,19.666666666666668,0,0,69230.76923076923,Developing(11-30),24-27,1457911.3846153845,37905696,28.25769230769231,26,0.0,0.0,0,0.0,,,0.0,0.0,69230.76923076923,0.16666666666666666,19.666666666666668,0,3,-2.161263813884019,-0.45120110104568734
724,28,Michael Cornelis Woud,GK,Auckland FC,400000,7,1999-01-16,196,0,0,0,0,0,0,0,0,0,0,0.0,0.0,0.0,Unverified/Unknown,2026-07-19,New Zealand,NZL,G,OFC,85,1510,Darren Bazeley,False,False,False,False,400000.0,27.4,0.0,0.0,0,0,50000.0,Rookie(<=10),28-31,1457911.3846153845,37905696,28.25769230769231,26,,,0,,,,,,50000.0,0.0,0.0,0,3,-2.3824029507763576,-0.754253368222096
725,28,Ryan Jared Thomas,MID,PEC Zwolle,650000,26,1994-12-20,176,3,3,1,82,0,0,0,0,0,0,0.0,0.0,0.0,sofascore.com,2026-07-19,New Zealand,NZL,G,OFC,85,1510,Darren Bazeley,False,False,False,False,650000.0,31.5,0.3333333333333333,27.333333333333332,0,0,24074.074074074073,Developing(11-30),32+,1457911.3846153845,37905696,28.25769230769231,26,0.0,0.0,0,0.0,,,0.0,33.33333333333333,24074.074074074073,0.11538461538461539,27.333333333333332,0,3,-1.195692122431037,-1.5327370738204786
726,28,Callan Rennie Elliot,DEF,Auckland FC,450000,12,1999-07-07,177,0,1,0,12,0,0,0,0,0,0,0.0,0.0,0.0,sofascore.com,2026-07-19,New Zealand,NZL,G,OFC,85,1510,Darren Bazeley,False,False,False,False,450000.0,26.9,0.0,12.0,0,0,34615.38461538462,Developing(11-30),24-27,1457911.3846153845,37905696,28.25769230769231,26,0.0,0.0,0,0.0,,,0.0,0.0,34615.38461538462,0.0,12.0,0,3,-2.192579685573059,-0.7666690945837855
727,28,Lachlan Ryan Bayliss,MID,Newcastle United Jets FC,550000,4,2002-07-24,178,0,0,0,0,0,0,0,0,0,0,0.0,0.0,0.0,Unverified/Unknown,2026-07-19,New Zealand,NZL,G,OFC,85,1510,Darren Bazeley,False,False,False,False,550000.0,23.9,0.0,0.0,0,0,110000.0,Rookie(<=10),24-27,1457911.3846153845,37905696,28.25769230769231,26,,,0,,,,,,110000.0,0.0,0.0,0,3,-2.574659005013412,-0.3264629493306468
728,28,Thomas Jefferson Smith,DEF,Braintree Town FC,50000,57,1990-03-31,188,2,0,0,0,0,0,0,0,0,0,0.0,0.0,0.0,Unverified/Unknown,2026-07-19,New Zealand,NZL,G,OFC,85,1510,Darren Bazeley,False,False,False,False,136750.00000000003,36.2,0.0,0.0,0,0,862.0689655172414,Established(31-60),32+,1457911.3846153845,37905696,28.25769230769231,26,,,0,,,,,,862.0689655172414,0.03508771929824561,0.0,0,3,-1.3090047995249985,-2.3539258387260173
729,29,David Raya,GK,Arsenal FC,30000000,13,1995-09-15,186,0,0,0,0,0,0,0,0,0,0,0.0,0.0,0.0,Unverified/Unknown,2026-07-19,Spain,ESP,H,UEFA,2,2120,Luis de la Fuente,False,False,False,False,30000000.0,30.7,0.0,0.0,0,0,2142857.1428571427,Developing(11-30),28-31,82083578.03846154,2134173029,26.74230769230769,26,,,0,,,,,,2142857.1428571427,0.0,0.0,1,3,-1.1664646888776027,1.2501706032466466
730,29,Marc Pubill,DEF,Atlético De Madrid,63571647,2,2003-06-20,191,0,1,0,1,0,0,0,0,0,0,0.0,0.0,0.0,sofascore.com,2026-07-19,Spain,ESP,H,UEFA,2,2120,Luis de la Fuente,True,False,False,False,63571647.0,23.0,0.0,1.0,0,0,21190549.0,Rookie(<=10),U23,82083578.03846154,2134173029,26.74230769230769,26,0.0,0.0,0,0.0,,,0.0,0.0,21190549.0,0.0,1.0,1,1,-1.2838067730412992,3.1029790483754076
731,29,Alejandro Grimaldo,DEF,Bayer 04 Leverkusen,105387534,14,1995-09-20,171,0,0,0,0,0,0,0,0,0,0,0.0,0.0,0.0,Unverified/Unknown,2026-07-19,Spain,ESP,H,UEFA,2,2120,Luis de la Fuente,True,False,False,False,105387534.0,30.7,0.0,0.0,0,0,7025835.6,Developing(11-30),28-31,82083578.03846154,2134173029,26.74230769230769,26,,,0,,,,,,7025835.6,0.0,0.0,1,1,-0.367551979947379,3.1922401563947904
732,29,Eric Garcia,DEF,FC Barcelona,99421304,21,2001-01-09,183,0,1,0,21,0,0,0,0,0,0,0.0,0.0,0.0,sofascore.com,2026-07-19,Spain,ESP,H,UEFA,2,2120,Luis de la Fuente,True,False,False,False,99421304.0,25.4,0.0,21.0,0,0,4519150.181818182,Developing(11-30),24-27,82083578.03846154,2134173029,26.74230769230769,26,0.0,0.0,0,0.0,,,0.0,0.0,4519150.181818182,0.0,21.0,1,1,-0.31859471048309673,3.5258222875495036
733,29,Marcos Llorente,DEF,Atlético De Madrid,74918931,25,1995-01-30,183,0,3,2,186,0,1,0,0,0,0,0.0,0.0,0.0,sofascore.com,2026-07-19,Spain,ESP,H,UEFA,2,2120,Luis de la Fuente,True,False,False,False,74918931.0,31.4,0.6666666666666666,62.0,1,0,2881497.346153846,Developing(11-30),32+,82083578.03846154,2134173029,26.74230769230769,26,0.0,0.4838709677419355,1,0.4838709677419355,,,0.0,66.66666666666666,2881497.346153846,0.0,62.0,1,1,1.4274915940607114,2.5622202375914442
734,29,Mikel Merino,MID,Arsenal FC,101203363,44,1996-06-22,188,10,8,1,194,2,0,0,0,0,0,0.0,0.0,0.0,sofascore.com,2026-07-19,Spain,ESP,H,UEFA,2,2120,Luis de la Fuente,True,False,False,False,101203363.0,30.0,0.125,24.25,2,0,2248963.6222222224,Established(31-60),28-31,82083578.03846154,2134173029,26.74230769230769,26,0.9278350515463918,0.0,2,0.9278350515463918,97.0,,0.0,12.5,2248963.6222222224,0.22727272727272727,24.25,1,1,1.5437358831507675,3.104464821267075
735,29,Ferran Torres,FWD,FC Barcelona,75804430,58,2000-02-29,183,24,8,1,282,1,1,1,0,0,0,0.0,0.0,0.0,sofascore.com,2026-07-19,Spain,ESP,H,UEFA,2,2120,Luis de la Fuente,True,True,False,False,75804430.0,26.3,0.125,35.25,2,1,1284820.847457627,Established(31-60),24-27,82083578.03846154,2134173029,26.74230769230769,26,0.3191489361702128,0.3191489361702128,2,0.6382978723404256,282.0,,0.0,12.5,1284820.847457627,0.41379310344827586,35.25,1,1,2.363698202379501,2.6538016226160157
736,29,Fabian Ruiz,MID,Paris Saint-Germain,58551285,43,1996-04-03,188,6,8,4,323,1,0,0,0,0,0,0.0,0.0,0.0,sofascore.com,2026-07-19,Spain,ESP,H,UEFA,2,2120,Luis de la Fuente,True,False,False,False,58551285.0,30.2,0.5,40.375,1,0,1330711.0227272727,Established(31-60),28-31,82083578.03846154,2134173029,26.74230769230769,26,0.2786377708978328,0.0,1,0.2786377708978328,323.0,,0.0,50.0,1330711.0227272727,0.13953488372093023,40.375,1,1,1.0953384273808935,1.7569551348390877
737,29,Pablo Gavi,MID,FC Barcelona,30000000,31,2004-08-05,173,5,2,1,76,0,0,0,0,0,0,0.0,0.0,0.0,sofascore.com,2026-07-19,Spain,ESP,H,UEFA,2,2120,Luis de la Fuente,False,False,False,False,30000000.0,21.8,0.5,38.0,0,0,937500.0,Established(31-60),U23,82083578.03846154,2134173029,26.74230769230769,26,0.0,0.0,0,0.0,,,0.0,50.0,937500.0,0.16129032258064516,38.0,1,1,-0.21464717971720387,1.8620075753751404
738,29,Daniel Olmo,FWD,FC Barcelona,118381173,51,1998-05-07,179,12,8,6,494,0,2,0,0,0,0,0.0,0.0,0.0,sofascore.com,2026-07-19,Spain,ESP,H,UEFA,2,2120,Luis de la Fuente,True,True,False,False,109839062.6,28.1,0.75,61.75,2,0,2276561.019230769,Established(31-60),28-31,82083578.03846154,2134173029,26.74230769230769,26,0.0,0.3643724696356275,2,0.3643724696356275,,,0.0,75.0,2276561.019230769,0.23529411764705882,61.75,1,1,2.9845096331320393,3.8102064525262915
739,29,Yeremy Jesús Pino,FWD,Crystal Palace FC,52741595,23,2002-10-20,174,4,2,0,68,0,0,0,0,0,0,0.0,0.0,0.0,sofascore.com,2026-07-19,Spain,ESP,H,UEFA,2,2120,Luis de la Fuente,True,False,False,False,52741595.0,23.6,0.0,34.0,0,0,2197566.4583333335,Developing(11-30),24-27,82083578.03846154,2134173029,26.74230769230769,26,0.0,0.0,0,0.0,,,0.0,0.0,2197566.4583333335,0.17391304347826086,34.0,1,1,-0.5597525003119159,2.4135694626958735
740,29,Pedro Antonio Porro,DEF,Tottenham Hotspur FC,90689035,18,1999-09-13,173,0,6,6,564,2,0,0,0,0,0,0.0,0.0,0.0,sofascore.com,2026-07-19,Spain,ESP,H,UEFA,2,2120,Luis de la Fuente,True,False,False,False,90689035.0,26.7,1.0,94.0,2,0,4773107.105263158,Developing(11-30),24-27,82083578.03846154,2134173029,26.74230769230769,26,0.3191489361702128,0.0,2,0.3191489361702128,282.0,,0.0,100.0,4773107.105263158,0.0,94.0,1,1,2.336061653561554,3.518738446075735
741,29,Joan Garcia,GK,FC Barcelona,55340404,2,2001-05-04,194,0,0,0,0,0,0,0,0,0,0,0.0,0.0,0.0,Unverified/Unknown,2026-07-19,Spain,ESP,H,UEFA,2,2120,Luis de la Fuente,True,False,False,False,55340404.0,25.1,0.0,0.0,0,0,18446801.333333332,Rookie(<=10),24-27,82083578.03846154,2134173029,26.74230769230769,26,,,0,,,,,,18446801.333333332,0.0,0.0,1,3,-1.287972248320281,2.6571722456674363
742,29,Aymeric Laporte,DEF,Athletic Club,74740097,47,1994-05-27,191,2,8,8,729,0,1,1,0,0,0,0.0,0.0,0.0,sofascore.com,2026-07-19,Spain,ESP,H,UEFA,2,2120,Luis de la Fuente,True,False,False,True,74740097.0,32.0,1.0,91.125,1,1,1557085.3541666667,Established(31-60),32+,82083578.03846154,2134173029,26.74230769230769,26,0.0,0.12345679012345678,1,0.12345679012345678,,,0.0,100.0,1557085.3541666667,0.0425531914893617,91.125,1,1,2.8269637492374735,2.1057529233608965
743,29,Alejandro Baena,MID,Atlético De Madrid,103201022,17,2001-07-20,172,2,7,7,487,1,1,1,0,0,0,0.0,0.0,0.0,sofascore.com,2026-07-19,Spain,ESP,H,UEFA,2,2120,Luis de la Fuente,True,False,False,False,103201022.0,24.9,1.0,69.57142857142857,2,1,5733390.111111111,Developing(11-30),24-27,82083578.03846154,2134173029,26.74230769230769,26,0.18480492813141686,0.18480492813141686,2,0.3696098562628337,487.0,,0.0,100.0,5733390.111111111,0.11764705882352941,69.57142857142857,1,1,2.59139135522419,4.24845344350671
744,29,Rodrigo Rodri,MID,Manchester City FC,64140986,63,1996-06-22,190,4,8,8,747,0,0,0,0,0,0,0.0,0.0,0.0,sofascore.com,2026-07-19,Spain,ESP,H,UEFA,2,2120,Luis de la Fuente,True,False,False,True,64140986.0,30.0,1.0,93.375,0,0,1002202.90625,Veteran(60+),28-31,82083578.03846154,2134173029,26.74230769230769,26,0.0,0.0,0,0.0,,,0.0,100.0,1002202.90625,0.06349206349206349,93.375,1,1,2.0416798200307626,1.3798780574781648
745,29,Nicholas Williams,FWD,Athletic Club,55314594,31,2002-07-12,181,6,6,0,108,0,1,0,0,0,0,0.0,0.0,0.0,sofascore.com,2026-07-19,Spain,ESP,H,UEFA,2,2120,Luis de la Fuente,True,False,False,False,55314594.0,23.9,0.0,18.0,1,0,1728581.0625,Established(31-60),24-27,82083578.03846154,2134173029,26.74230769230769,26,0.0,0.8333333333333333,1,0.8333333333333333,,,0.0,0.0,1728581.0625,0.1935483870967742,18.0,1,1,-0.024415420855791802,2.823241699590366
746,29,Martin Zubimendi,MID,Arsenal FC,75607454,26,1999-02-02,181,3,0,0,0,0,0,0,0,0,0,0.0,0.0,0.0,Unverified/Unknown,2026-07-19,Spain,ESP,H,UEFA,2,2120,Luis de la Fuente,True,False,False,False,75607454.0,27.4,0.0,0.0,0,0,2800276.074074074,Developing(11-30),28-31,82083578.03846154,2134173029,26.74230769230769,26,,,0,,,,,,2800276.074074074,0.11538461538461539,0.0,1,1,-0.575340655560238,2.597391220689922
747,29,Lamine Yamal Yamal,FWD,FC Barcelona,200000000,26,2007-07-13,183,6,8,7,616,1,0,0,0,0,0,0.0,0.0,0.0,sofascore.com,2026-07-19,Spain,ESP,H,UEFA,2,2120,Luis de la Fuente,True,False,False,False,109839062.6,18.9,0.875,77.0,1,0,7407407.407407408,Developing(11-30),U23,82083578.03846154,2134173029,26.74230769230769,26,0.14610389610389612,0.0,1,0.14610389610389612,616.0,,0.0,87.5,7407407.407407408,0.23076923076923078,77.0,1,1,1.7352601396176466,4.468990214915935
748,29,Pedro Pedri,MID,FC Barcelona,150000000,42,2002-11-25,174,6,8,5,499,0,0,1,0,0,0,0.0,0.0,0.0,sofascore.com,2026-07-19,Spain,ESP,H,UEFA,2,2120,Luis de la Fuente,True,False,False,False,109839062.6,23.5,0.625,62.375,0,1,3488372.093023256,Established(31-60),24-27,82083578.03846154,2134173029,26.74230769230769,26,0.0,0.0,0,0.0,,,0.0,62.5,3488372.093023256,0.14285714285714285,62.375,1,1,1.6401139640571258,3.526355334637649
749,29,Mikel Oyarzabal,FWD,Real Sociedad,35000000,54,1997-04-21,181,25,8,8,607,5,1,0,0,1,0,0.0,0.0,0.0,sofascore.com,2026-07-19,Spain,ESP,H,UEFA,2,2120,Luis de la Fuente,False,True,False,False,35000000.0,29.1,1.0,75.875,6,0,636363.6363636364,Established(31-60),28-31,82083578.03846154,2134173029,26.74230769230769,26,0.7413509060955519,0.14827018121911037,6,0.8896210873146622,121.4,,0.0,100.0,636363.6363636364,0.46296296296296297,75.875,1,2,4.744346056188801,2.216602653496465
750,29,Pau Cubarsi,DEF,FC Barcelona,65912987,13,2007-01-22,183,0,8,8,750,0,0,1,0,0,0,0.0,0.0,0.0,sofascore.com,2026-07-19,Spain,ESP,H,UEFA,2,2120,Luis de la Fuente,True,False,False,True,65912987.0,19.4,1.0,93.75,0,1,4708070.5,Developing(11-30),U23,82083578.03846154,2134173029,26.74230769230769,26,0.0,0.0,0,0.0,,,0.0,100.0,4708070.5,0.0,93.75,1,1,1.1883256959710595,3.215816029989945
751,29,Unai Simon,GK,Athletic Club,108528435,59,1997-06-11,190,0,8,8,750,0,0,0,0,0,0,7.0,16.0,1.0,sofascore.com,2026-07-19,Spain,ESP,H,UEFA,2,2120,Luis de la Fuente,True,False,False,True,108528435.0,29.0,1.0,93.75,0,0,1808807.25,Established(31-60),28-31,82083578.03846154,2134173029,26.74230769230769,26,0.0,0.0,0,0.0,,94.11764705882352,87.5,100.0,1808807.25,0.0,93.75,1,1,2.2766080530786805,2.7547372201949036
752,29,Marc Cucurella,DEF,Chelsea FC,84859270,25,1998-07-22,173,1,8,8,750,0,2,1,0,0,0,0.0,0.0,0.0,sofascore.com,2026-07-19,Spain,ESP,H,UEFA,2,2120,Luis de la Fuente,True,False,False,True,84859270.0,27.9,1.0,93.75,2,1,3263818.076923077,Developing(11-30),28-31,82083578.03846154,2134173029,26.74230769230769,26,0.0,0.24,2,0.24,,,0.0,100.0,3263818.076923077,0.04,93.75,1,1,3.005990095993082,3.581790865111924
753,29,Victor Munoz,FWD,CA Osasuna,109657580,2,2003-07-13,173,1,0,0,0,0,0,0,0,0,0,0.0,0.0,0.0,Unverified/Unknown,2026-07-19,Spain,ESP,H,UEFA,2,2120,Luis de la Fuente,True,False,False,False,109657580.0,22.9,0.0,0.0,0,0,36552526.666666664,Rookie(<=10),U23,82083578.03846154,2134173029,26.74230769230769,26,,,0,,,,,,36552526.666666664,0.5,0.0,1,1,-0.7851422531299163,4.292543522467914
754,29,Borja Iglesias,FWD,RC Celta Vigo,51199903,8,1993-01-17,187,0,1,0,1,0,0,0,0,0,0,0.0,0.0,0.0,sofascore.com,2026-07-19,Spain,ESP,H,UEFA,2,2120,Luis de la Fuente,True,False,False,False,51199903.0,33.4,0.0,1.0,0,0,5688878.111111111,Rookie(<=10),32+,82083578.03846154,2134173029,26.74230769230769,26,0.0,0.0,0,0.0,,,0.0,0.0,5688878.111111111,0.0,1.0,1,3,-0.8726233108033535,1.556631612211152
755,30,José Vozinha,GK,GD Chaves,6093165,91,1986-06-03,189,0,4,4,390,0,0,0,0,0,0,2.0,23.0,5.0,sofascore.com,2026-07-19,Cabo Verde,CPV,H,CAF,67,1640,Bubista,False,False,False,False,6093165.0,40.0,1.0,97.5,0,0,66230.05434782608,Veteran(60+),32+,3666401.9615384615,95326451,29.66923076923077,26,0.0,0.0,0,0.0,,82.14285714285714,50.0,100.0,66230.05434782608,0.0,97.5,0,0,1.6005085991417005,-2.815117184272414
756,30,Ianique Stopira,DEF,SCU Torreense,4000564,61,1988-05-20,178,4,0,0,0,0,0,0,0,0,0,0.0,0.0,0.0,Unverified/Unknown,2026-07-19,Cabo Verde,CPV,H,CAF,67,1640,Bubista,False,False,False,False,4000564.0,38.1,0.0,0.0,0,0,64525.22580645161,Veteran(60+),32+,3666401.9615384615,95326451,29.66923076923077,26,,,0,,,,,,64525.22580645161,0.06557377049180328,0.0,0,3,-0.9187926929954384,-2.1883735949949106
757,30,Alberto Diney,DEF,Al Bataeh Club,3683541,33,1995-01-17,185,2,4,4,390,1,0,1,0,0,0,0.0,0.0,0.0,sofascore.com,2026-07-19,Cabo Verde,CPV,H,CAF,67,1640,Bubista,False,False,False,False,3683541.0,31.4,1.0,97.5,1,1,108339.44117647059,Established(31-60),32+,3666401.9615384615,95326451,29.66923076923077,26,0.23076923076923078,0.0,1,0.23076923076923078,390.0,,0.0,100.0,108339.44117647059,0.06060606060606061,97.5,0,0,1.3230733836837065,-1.0702084378189318
758,30,Carlos Pico Lopes,DEF,Shamrock Rovers FC,3354880,46,1992-06-17,186,0,4,4,390,0,0,0,0,0,0,0.0,0.0,0.0,sofascore.com,2026-07-19,Cabo Verde,CPV,H,CAF,67,1640,Bubista,False,False,False,False,3354880.0,34.0,1.0,97.5,0,0,71380.4255319149,Established(31-60),32+,3666401.9615384615,95326451,29.66923076923077,26,0.0,0.0,0,0.0,,,0.0,100.0,71380.4255319149,0.0,97.5,0,0,0.7522210926856565,-1.6961958709187628
759,30,Evans Logan Costa,DEF,Villarreal CF,1980703,28,2001-04-01,190,0,0,0,0,0,0,0,0,0,0,0.0,0.0,0.0,Unverified/Unknown,2026-07-19,Cabo Verde,CPV,H,CAF,67,1640,Bubista,False,False,False,False,1980703.0,25.2,0.0,0.0,0,0,68300.10344827586,Developing(11-30),24-27,3666401.9615384615,95326451,29.66923076923077,26,,,0,,,,,,68300.10344827586,0.0,0.0,0,3,-2.0617537117821243,-0.356072608528987
760,30,Lenini Kevin Pina,MID,FC Krasnodar,2359912,32,1997-01-27,177,3,4,4,350,1,0,0,0,0,0,0.0,0.0,0.0,sofascore.com,2026-07-19,Cabo Verde,CPV,H,CAF,67,1640,Bubista,False,False,False,False,2359912.0,29.4,1.0,87.5,1,0,71512.48484848485,Established(31-60),28-31,3666401.9615384615,95326451,29.66923076923077,26,0.2571428571428571,0.0,1,0.2571428571428571,350.0,,0.0,100.0,71512.48484848485,0.09375,87.5,0,0,0.7665490199406595,-0.8418873784913959
761,30,Eduardo Jovane,MID,CF Estrela Da Amadora,2818590,30,1998-06-14,174,3,2,2,141,0,0,0,0,0,0,0.0,0.0,0.0,sofascore.com,2026-07-19,Cabo Verde,CPV,H,CAF,67,1640,Bubista,False,False,False,False,2818590.0,28.0,1.0,70.5,0,0,90922.25806451614,Developing(11-30),28-31,3666401.9615384615,95326451,29.66923076923077,26,0.0,0.0,0,0.0,,,0.0,100.0,90922.25806451614,0.1,70.5,0,0,0.04709546761520514,-0.8825105090974867
762,30,Paulo Joao Paulo,MID,FC FCSB,6534349,42,1998-05-26,180,1,2,1,104,0,0,0,0,0,0,0.0,0.0,0.0,sofascore.com,2026-07-19,Cabo Verde,CPV,H,CAF,67,1640,Bubista,False,False,False,False,6534349.0,28.0,0.5,52.0,0,0,151961.60465116278,Established(31-60),28-31,3666401.9615384615,95326451,29.66923076923077,26,0.0,0.0,0,0.0,,,0.0,50.0,151961.60465116278,0.023809523809523808,52.0,0,0,-0.5495242249497492,-0.8260336532924484
763,30,BENCHIMOLGilson Gilson,FWD,FC Akron Tolyatti,4816424,21,2001-12-29,187,6,2,1,78,0,0,0,0,0,0,0.0,0.0,0.0,sofascore.com,2026-07-19,Cabo Verde,CPV,H,CAF,67,1640,Bubista,False,False,False,False,4816424.0,24.4,0.5,39.0,0,0,218928.36363636365,Developing(11-30),24-27,3666401.9615384615,95326451,29.66923076923077,26,0.0,0.0,0,0.0,,,0.0,50.0,218928.36363636365,0.2857142857142857,39.0,0,3,-0.9751054274190017,-0.2983064840119034
764,30,Gregory Jamiro Monteiro,MID,PEC Zwolle,6722740,56,1993-11-23,175,5,4,3,283,0,0,0,0,0,0,0.0,0.0,0.0,sofascore.com,2026-07-19,Cabo Verde,CPV,H,CAF,67,1640,Bubista,False,False,False,False,6722740.0,32.5,0.75,70.75,0,0,117942.80701754386,Established(31-60),32+,3666401.9615384615,95326451,29.66923076923077,26,0.0,0.0,0,0.0,,,0.0,75.0,117942.80701754386,0.08928571428571429,70.75,0,0,0.44035364069678795,-1.5931558405880781
765,30,RODRIGUESGarry Garry,MID,Apollon Limassol,1851678,61,1990-11-27,173,10,2,1,77,0,0,0,0,0,0,0.0,0.0,0.0,sofascore.com,2026-07-19,Cabo Verde,CPV,H,CAF,67,1640,Bubista,False,False,False,False,1851678.0,35.5,0.5,38.5,0,0,29865.774193548386,Veteran(60+),32+,3666401.9615384615,95326451,29.66923076923077,26,0.0,0.0,0,0.0,,,0.0,50.0,29865.774193548386,0.16393442622950818,38.5,0,0,0.11436384602441318,-2.1405913689063882
766,30,Salomão Marcio,GK,PFC Montana,3088031,11,1997-02-23,186,0,0,0,0,0,0,0,0,0,0,0.0,0.0,0.0,Unverified/Unknown,2026-07-19,Cabo Verde,CPV,H,CAF,67,1640,Bubista,False,False,False,False,3088031.0,29.3,0.0,0.0,0,0,257335.91666666666,Developing(11-30),28-31,3666401.9615384615,95326451,29.66923076923077,26,,,0,,,,,,257335.91666666666,0.0,0.0,0,3,-2.07403783419897,-0.5855444392677345
767,30,CABRALSidny Sidny Lopes,DEF,SL Benfica,5929945,12,2002-09-18,176,3,3,3,286,1,0,2,0,0,0,0.0,0.0,0.0,sofascore.com,2026-07-19,Cabo Verde,CPV,H,CAF,67,1640,Bubista,False,False,False,False,5929945.0,23.7,1.0,95.33333333333333,1,2,456149.6153846154,Developing(11-30),24-27,3666401.9615384615,95326451,29.66923076923077,26,0.3146853146853147,0.0,1,0.3146853146853147,286.0,,0.0,100.0,456149.6153846154,0.25,95.33333333333333,0,0,1.1015768262815004,0.03695778044223329
768,30,Deroy Deroy Duarte,MID,PFC Ludogorets Razgrad,2124154,34,1999-07-04,177,0,4,2,263,1,0,0,0,0,0,0.0,0.0,0.0,sofascore.com,2026-07-19,Cabo Verde,CPV,H,CAF,67,1640,Bubista,False,False,False,False,2124154.0,26.9,0.5,65.75,1,0,60690.114285714284,Established(31-60),24-27,3666401.9615384615,95326451,29.66923076923077,26,0.34220532319391633,0.0,1,0.34220532319391633,263.0,,0.0,50.0,60690.114285714284,0.0,65.75,0,0,-0.1814172705737687,-0.47387462737238734
769,30,Michael Laros Duarte,MID,Puskás Akadémia FC,1740475,21,1997-02-28,180,1,4,2,167,0,0,0,0,0,0,0.0,0.0,0.0,sofascore.com,2026-07-19,Cabo Verde,CPV,H,CAF,67,1640,Bubista,False,False,False,False,1740475.0,29.3,0.5,41.75,0,0,79112.5,Developing(11-30),28-31,3666401.9615384615,95326451,29.66923076923077,26,0.0,0.0,0,0.0,,,0.0,50.0,79112.5,0.047619047619047616,41.75,0,3,-0.9266504346086932,-0.8411691869841686
770,30,SEMEDOJair Yannick,MID,SC Farense,3606772,11,1995-12-29,176,1,2,0,30,0,0,0,0,0,0,0.0,0.0,0.0,sofascore.com,2026-07-19,Cabo Verde,CPV,H,CAF,67,1640,Bubista,False,False,False,False,3606772.0,30.5,0.0,15.0,0,0,300564.3333333333,Developing(11-30),28-31,3666401.9615384615,95326451,29.66923076923077,26,0.0,0.0,0,0.0,,,0.0,0.0,300564.3333333333,0.09090909090909091,15.0,0,3,-1.7917128086480385,-0.7362768675173604
771,30,Johnson Willy,MID,AC Omonia,6596233,39,1994-04-27,185,3,3,1,130,0,0,0,0,0,0,0.0,0.0,0.0,sofascore.com,2026-07-19,Cabo Verde,CPV,H,CAF,67,1640,Bubista,False,False,False,False,6596233.0,32.1,0.3333333333333333,43.333333333333336,0,0,164905.825,Established(31-60),32+,3666401.9615384615,95326451,29.66923076923077,26,0.0,0.0,0,0.0,,,0.0,33.33333333333333,164905.825,0.07692307692307693,43.333333333333336,0,3,-0.6008220413562256,-1.2545917681231629
772,30,Emanuel Telmo,MID,Vitória SC,2210275,17,2001-06-21,180,1,2,1,57,0,0,0,0,0,0,0.0,0.0,0.0,sofascore.com,2026-07-19,Cabo Verde,CPV,H,CAF,67,1640,Bubista,False,False,False,False,2210275.0,25.0,0.5,28.5,0,0,122793.05555555556,Developing(11-30),24-27,3666401.9615384615,95326451,29.66923076923077,26,0.0,0.0,0,0.0,,,0.0,50.0,122793.05555555556,0.058823529411764705,28.5,0,3,-1.330001980602448,-0.2921999587548235
773,30,Dailon Dailon Livramento,FWD,Casa Pia AC,2550605,23,2001-05-04,185,7,3,2,175,0,0,0,0,0,0,0.0,0.0,0.0,sofascore.com,2026-07-19,Cabo Verde,CPV,H,CAF,67,1640,Bubista,False,False,False,False,2550605.0,25.1,0.6666666666666666,58.333333333333336,0,0,106275.20833333333,Developing(11-30),24-27,3666401.9615384615,95326451,29.66923076923077,26,0.0,0.0,0,0.0,,,0.0,66.66666666666666,106275.20833333333,0.30434782608695654,58.333333333333336,0,0,-0.5053085837661087,-0.5091625090978672
774,30,Isaac Ryan,FWD,I ğ dır FK,3205680,99,1990-01-08,178,22,4,4,331,0,0,0,0,0,0,0.0,0.0,0.0,sofascore.com,2026-07-19,Cabo Verde,CPV,H,CAF,67,1640,Bubista,False,True,False,False,3205680.0,36.4,1.0,82.75,0,0,32056.8,Veteran(60+),32+,3666401.9615384615,95326451,29.66923076923077,26,0.0,0.0,0,0.0,,,0.0,100.0,32056.8,0.2222222222222222,82.75,0,0,2.0868353106471553,-2.9389213498948816
775,30,Miguel Nuno Da Costa,MID,Ba ş ak ş ehir FK,4137438,10,1991-02-10,182,2,4,1,157,0,0,0,0,0,0,0.0,0.0,0.0,sofascore.com,2026-07-19,Cabo Verde,CPV,H,CAF,67,1640,Bubista,False,False,False,False,4137438.0,35.3,0.25,39.25,0,0,376130.7272727273,Rookie(<=10),32+,3666401.9615384615,95326451,29.66923076923077,26,0.0,0.0,0,0.0,,,0.0,25.0,376130.7272727273,0.2,39.25,0,3,-1.0035843619399705,-1.3082386625994669
776,30,MOREIRASteven Steven,DEF,Columbus Crew,3956667,21,1994-08-13,178,0,4,3,301,0,0,0,0,0,0,0.0,0.0,0.0,sofascore.com,2026-07-19,Cabo Verde,CPV,H,CAF,67,1640,Bubista,False,False,False,False,3956667.0,31.8,0.75,75.25,0,0,179848.5,Developing(11-30),32+,3666401.9615384615,95326451,29.66923076923077,26,0.0,0.0,0,0.0,,,0.0,75.0,179848.5,0.0,75.25,0,0,-0.16545166528560282,-1.100408974053786
777,30,Joaquim Cj Dos Santos,GK,San Diego FC,2840276,1,2000-08-24,189,0,0,0,0,0,0,0,0,0,0,0.0,0.0,0.0,Unverified/Unknown,2026-07-19,Cabo Verde,CPV,H,CAF,67,1640,Bubista,False,False,False,False,2840276.0,25.8,0.0,0.0,0,0,1420138.0,Rookie(<=10),24-27,3666401.9615384615,95326451,29.66923076923077,26,,,0,,,,,,1420138.0,0.0,0.0,0,3,-2.3560536570448307,-0.08671252506049422
778,30,Fabricio Wagner Pina,DEF,Trabzonspor,1897398,14,2002-11-03,180,0,1,1,90,0,0,1,0,0,0,0.0,0.0,0.0,sofascore.com,2026-07-19,Cabo Verde,CPV,H,CAF,67,1640,Bubista,False,False,False,False,1897398.0,23.6,1.0,90.0,0,1,126493.2,Developing(11-30),24-27,3666401.9615384615,95326451,29.66923076923077,26,0.0,0.0,0,0.0,,,0.0,100.0,126493.2,0.0,90.0,0,0,0.13460743320242063,-0.23528289377998032
779,30,PIRESKelvin Kelvin,DEF,SJK,4525251,6,2000-06-05,193,1,0,0,0,0,0,0,0,0,0,0.0,0.0,0.0,Unverified/Unknown,2026-07-19,Cabo Verde,CPV,H,CAF,67,1640,Bubista,False,False,False,False,4525251.0,26.0,0.0,0.0,0,0,646464.4285714285,Rookie(<=10),24-27,3666401.9615384615,95326451,29.66923076923077,26,,,0,,,,,,646464.4285714285,0.16666666666666666,0.0,0,3,-2.233553565773012,-0.14019716007712582
780,30,Sandro Helio Varela,MID,Maccabi Tel-Aviv FC,2700705,21,2002-05-03,176,0,3,0,101,1,0,0,0,0,0,0.0,0.0,0.0,sofascore.com,2026-07-19,Cabo Verde,CPV,H,CAF,67,1640,Bubista,False,False,False,False,2700705.0,24.1,0.0,33.666666666666664,1,0,122759.31818181818,Developing(11-30),24-27,3666401.9615384615,95326451,29.66923076923077,26,0.8910891089108911,0.0,1,0.8910891089108911,101.0,,0.0,0.0,122759.31818181818,0.0,33.666666666666664,0,3,-1.3431402211366577,0.08204333815373026
781,31,Dhahi Nawaf Alaqidi,GK,Al Nassr FC,3121699,24,2000-05-10,186,0,0,0,0,0,0,0,0,0,0,0.0,0.0,0.0,Unverified/Unknown,2026-07-19,Saudi Arabia,KSA,H,AFC,58,1660,Georgios Donis,False,False,False,False,3121699.0,26.1,0.0,0.0,0,0,124867.96,Developing(11-30),24-27,4982354.269230769,129541211,28.51153846153846,26,,,0,,,,,,124867.96,0.0,0.0,0,3,-2.0358851867627914,-0.3251756814667531
782,31,Hassan Ali Majrashi,DEF,Al Ahli FC,5720290,21,1999-10-02,169,0,0,0,0,0,0,0,0,0,0,0.0,0.0,0.0,Unverified/Unknown,2026-07-19,Saudi Arabia,KSA,H,AFC,58,1660,Georgios Donis,False,False,False,False,5720290.0,26.7,0.0,0.0,0,0,260013.18181818182,Developing(11-30),24-27,4982354.269230769,129541211,28.51153846153846,26,,,0,,,,,,260013.18181818182,0.0,0.0,0,3,-2.0185211692845915,-0.28966077329661133
783,31,Mohammed Ali Lajami,DEF,Al Hilal SC,5037792,25,1996-04-24,177,1,3,1,148,0,0,0,0,0,0,0.0,0.0,0.0,sofascore.com,2026-07-19,Saudi Arabia,KSA,H,AFC,58,1660,Georgios Donis,False,False,False,False,5037792.0,30.1,0.3333333333333333,49.333333333333336,0,0,193761.23076923078,Developing(11-30),28-31,4982354.269230769,129541211,28.51153846153846,26,0.0,0.0,0,0.0,,,0.0,33.33333333333333,193761.23076923078,0.04,49.333333333333336,0,3,-0.8498939463605816,-0.827054847210224
784,31,Ali Abdulelah Alamri,DEF,Al Nassr FC,4371885,45,1997-01-15,185,2,3,3,240,1,0,1,0,0,0,0.0,0.0,0.0,sofascore.com,2026-07-19,Saudi Arabia,KSA,H,AFC,58,1660,Georgios Donis,False,False,False,False,4371885.0,29.4,1.0,80.0,1,1,95040.97826086957,Established(31-60),28-31,4982354.269230769,129541211,28.51153846153846,26,0.375,0.0,1,0.375,240.0,,0.0,100.0,95040.97826086957,0.044444444444444446,80.0,0,0,1.1900772497860843,-0.898330294767035
785,31,Mohammed Hassan Altambakti,DEF,Al Hilal SC,4842620,55,1999-02-09,183,1,3,3,213,0,0,0,0,0,1,0.0,0.0,0.0,sofascore.com,2026-07-19,Saudi Arabia,KSA,H,AFC,58,1660,Georgios Donis,False,False,False,False,4842620.0,27.3,1.0,71.0,0,0,86475.35714285714,Established(31-60),28-31,4982354.269230769,129541211,28.51153846153846,26,0.0,0.0,0,0.0,,,0.0,100.0,86475.35714285714,0.01818181818181818,71.0,0,0,0.30171084162735334,-0.9547405953275464
786,31,Essa Nasser Aldawsari,MID,Al Hilal SC,6510709,48,1998-12-19,178,1,3,2,207,0,0,1,0,0,0,0.0,0.0,0.0,sofascore.com,2026-07-19,Saudi Arabia,KSA,H,AFC,58,1660,Georgios Donis,False,False,False,False,6510709.0,27.5,0.6666666666666666,69.0,0,1,132871.61224489796,Established(31-60),28-31,4982354.269230769,129541211,28.51153846153846,26,0.0,0.0,0,0.0,,,0.0,66.66666666666666,132871.61224489796,0.020833333333333332,69.0,0,0,0.24710195134491852,-0.8542041451717941
787,31,Fahad Musab Aljuwayr,MID,Al Qadsiah FC,3650357,38,2003-06-20,175,6,3,2,153,0,0,0,0,0,0,0.0,0.0,0.0,sofascore.com,2026-07-19,Saudi Arabia,KSA,H,AFC,58,1660,Georgios Donis,False,False,False,False,3650357.0,23.0,0.6666666666666666,51.0,0,0,93598.89743589744,Established(31-60),U23,4982354.269230769,129541211,28.51153846153846,26,0.0,0.0,0,0.0,,,0.0,66.66666666666666,93598.89743589744,0.15789473684210525,51.0,0,0,-0.5090089314865287,-0.34303095205425915
788,31,Yahya Aiman Yahya,FWD,Al Nassr FC,5249832,26,2001-05-14,173,0,0,0,0,0,0,0,0,0,0,0.0,0.0,0.0,Unverified/Unknown,2026-07-19,Saudi Arabia,KSA,H,AFC,58,1660,Georgios Donis,False,False,False,False,5249832.0,25.1,0.0,0.0,0,0,194438.22222222222,Developing(11-30),24-27,4982354.269230769,129541211,28.51153846153846,26,,,0,,,,,,194438.22222222222,0.0,0.0,0,3,-2.0341127507709285,-0.18211314057861516
789,31,Tariq Feras,FWD,Al Ahli FC,4633539,73,2000-05-14,185,16,3,3,240,0,0,1,0,0,0,0.0,0.0,0.0,sofascore.com,2026-07-19,Saudi Arabia,KSA,H,AFC,58,1660,Georgios Donis,False,True,False,False,4633539.0,26.1,1.0,80.0,0,1,62615.39189189189,Veteran(60+),24-27,4982354.269230769,129541211,28.51153846153846,26,0.0,0.0,0,0.0,,,0.0,100.0,62615.39189189189,0.2191780821917808,80.0,0,0,1.4505555428078163,-1.3327402125531225
790,31,Mohammed Salem Aldawsari,FWD,Al Hilal SC,5551491,112,1991-08-19,173,27,3,3,245,0,0,1,0,0,0,0.0,0.0,0.0,sofascore.com,2026-07-19,Saudi Arabia,KSA,H,AFC,58,1660,Georgios Donis,False,True,True,False,5551491.0,34.8,1.0,81.66666666666667,0,1,49128.238938053095,Veteran(60+),32+,4982354.269230769,129541211,28.51153846153846,26,0.0,0.0,0,0.0,,,0.0,100.0,49128.238938053095,0.24107142857142858,81.66666666666667,0,0,2.7312769055327992,-2.915727832542902
791,31,Khalid Saleh,FWD,Al Ittihad,5756198,59,1993-11-01,184,17,0,0,0,0,0,0,0,0,0,0.0,0.0,0.0,Unverified/Unknown,2026-07-19,Saudi Arabia,KSA,H,AFC,58,1660,Georgios Donis,False,True,False,False,5756198.0,32.6,0.0,0.0,0,0,95936.63333333333,Established(31-60),32+,4982354.269230769,129541211,28.51153846153846,26,,,0,,,,,,95936.63333333333,0.288135593220339,0.0,0,3,-0.6971235078834218,-1.6719835777361323
792,31,Abdullah Saud Abdulhamid,DEF,RC Lens,5163218,56,1999-07-18,172,1,3,3,270,0,0,1,0,0,0,0.0,0.0,0.0,sofascore.com,2026-07-19,Saudi Arabia,KSA,H,AFC,58,1660,Georgios Donis,False,False,False,False,5163218.0,26.9,1.0,90.0,0,1,90582.77192982456,Established(31-60),24-27,4982354.269230769,129541211,28.51153846153846,26,0.0,0.0,0,0.0,,,0.0,100.0,90582.77192982456,0.017857142857142856,90.0,0,0,0.8877593133748518,-0.9674859058330303
793,31,Meshari Nawaf Bu Washl,DEF,Al Nassr FC,6459488,28,1999-09-16,173,0,2,1,91,0,0,0,0,0,0,0.0,0.0,0.0,sofascore.com,2026-07-19,Saudi Arabia,KSA,H,AFC,58,1660,Georgios Donis,False,False,False,False,6459488.0,26.7,0.5,45.5,0,0,222740.9655172414,Developing(11-30),24-27,4982354.269230769,129541211,28.51153846153846,26,0.0,0.0,0,0.0,,,0.0,50.0,222740.9655172414,0.0,45.5,0,3,-0.8737741186672897,-0.44302318181700595
794,31,Kadish Hassan,DEF,Al Ittihad,3657719,21,1992-09-26,179,2,0,0,0,0,0,0,0,0,0,0.0,0.0,0.0,Unverified/Unknown,2026-07-19,Saudi Arabia,KSA,H,AFC,58,1660,Georgios Donis,False,False,False,False,3657719.0,33.7,0.0,0.0,0,0,166259.95454545456,Developing(11-30),32+,4982354.269230769,129541211,28.51153846153846,26,,,0,,,,,,166259.95454545456,0.09523809523809523,0.0,0,3,-1.6562035845092664,-1.1548185459402953
795,31,Mohammed Abdullah Alkhaibari,MID,Al Nassr FC,4189131,43,1996-08-16,175,0,3,3,182,0,0,0,0,0,0,0.0,0.0,0.0,sofascore.com,2026-07-19,Saudi Arabia,KSA,H,AFC,58,1660,Georgios Donis,False,False,False,False,4189131.0,29.8,1.0,60.666666666666664,0,0,95207.52272727272,Established(31-60),28-31,4982354.269230769,129541211,28.51153846153846,26,0.0,0.0,0,0.0,,,0.0,100.0,95207.52272727272,0.0,60.666666666666664,0,0,0.09589834453838027,-1.0836623704899362
796,31,Mubarak Ziyad Aljohani,MID,Al Ahli FC,5104225,12,2001-11-11,180,0,0,0,0,0,0,0,0,0,0,0.0,0.0,0.0,Unverified/Unknown,2026-07-19,Saudi Arabia,KSA,H,AFC,58,1660,Georgios Donis,False,False,False,False,5104225.0,24.6,0.0,0.0,0,0,392632.6923076923,Developing(11-30),24-27,4982354.269230769,129541211,28.51153846153846,26,,,0,,,,,,392632.6923076923,0.0,0.0,0,3,-2.22929781710926,0.03238929545084768
797,31,Essa Khalid Alghannam,FWD,Al Ettifaq FC,7060029,7,2000-11-08,171,0,1,0,1,0,0,0,0,0,0,0.0,0.0,0.0,sofascore.com,2026-07-19,Saudi Arabia,KSA,H,AFC,58,1660,Georgios Donis,False,False,False,False,7060029.0,25.6,0.0,1.0,0,0,882503.625,Rookie(<=10),24-27,4982354.269230769,129541211,28.51153846153846,26,0.0,0.0,0,0.0,,,0.0,0.0,882503.625,0.0,1.0,0,3,-2.2125932801740333,0.02909545664699475
798,31,Mohsen Ala Alhajji,MID,Neom SC,4250106,4,1995-12-03,178,0,2,0,31,0,0,0,0,0,0,0.0,0.0,0.0,sofascore.com,2026-07-19,Saudi Arabia,KSA,H,AFC,58,1660,Georgios Donis,False,False,False,False,4250106.0,30.5,0.0,15.5,0,0,850021.2,Rookie(<=10),28-31,4982354.269230769,129541211,28.51153846153846,26,0.0,0.0,0,0.0,,,0.0,0.0,850021.2,0.0,15.5,0,3,-1.8766461571414208,-0.5670265148473574
799,31,Abdulrahman Abdullah Alhamddan,FWD,Al Nassr FC,6888825,53,1999-09-13,186,13,3,0,70,0,0,0,0,0,0,0.0,0.0,0.0,sofascore.com,2026-07-19,Saudi Arabia,KSA,H,AFC,58,1660,Georgios Donis,False,True,False,False,6888825.0,26.7,0.0,23.333333333333332,0,0,127570.83333333333,Established(31-60),24-27,4982354.269230769,129541211,28.51153846153846,26,0.0,0.0,0,0.0,,,0.0,0.0,127570.83333333333,0.24528301886792453,23.333333333333332,0,3,-0.8698853029192513,-0.8715817778004009
800,31,Ahmed Sultan Mandash,FWD,Al Hilal SC,5733150,7,1994-10-17,172,2,1,1,65,0,0,0,0,0,0,0.0,0.0,0.0,sofascore.com,2026-07-19,Saudi Arabia,KSA,H,AFC,58,1660,Georgios Donis,False,False,False,False,5733150.0,31.6,1.0,65.0,0,0,716643.75,Rookie(<=10),32+,4982354.269230769,129541211,28.51153846153846,26,0.0,0.0,0,0.0,,,0.0,100.0,716643.75,0.2857142857142857,65.0,0,0,-0.12349378526359027,-0.8630226720379679
801,31,Khalil Mohammed Alowais,GK,Al Ula Saudi FC,2502052,66,1991-10-10,185,0,3,3,270,0,0,0,0,0,0,1.0,18.0,5.0,sofascore.com,2026-07-19,Saudi Arabia,KSA,H,AFC,58,1660,Georgios Donis,False,False,False,False,2502052.0,34.7,1.0,90.0,0,0,37344.05970149254,Veteran(60+),32+,4982354.269230769,129541211,28.51153846153846,26,0.0,0.0,0,0.0,,78.26086956521739,33.33333333333333,100.0,37344.05970149254,0.0,90.0,0,0,0.9476970301834116,-1.9666624506495474
802,31,Ali Ahmed,GK,Al Qadsiah FC,5032883,9,1991-05-08,178,0,0,0,0,0,0,0,0,0,0,0.0,0.0,0.0,Unverified/Unknown,2026-07-19,Saudi Arabia,KSA,H,AFC,58,1660,Georgios Donis,False,False,False,False,5032883.0,35.1,0.0,0.0,0,0,503288.3,Rookie(<=10),32+,4982354.269230769,129541211,28.51153846153846,26,,,0,,,,,,503288.3,0.0,0.0,0,3,-1.7953367827025664,-1.1017127456657951
803,31,Ibrahim Mohamed,MID,Al Hilal SC,2525082,80,1994-09-22,191,8,3,2,224,0,0,1,0,0,0,0.0,0.0,0.0,sofascore.com,2026-07-19,Saudi Arabia,KSA,H,AFC,58,1660,Georgios Donis,False,False,False,False,2525082.0,31.7,0.6666666666666666,74.66666666666667,0,1,31173.85185185185,Veteran(60+),32+,4982354.269230769,129541211,28.51153846153846,26,0.0,0.0,0,0.0,,,0.0,66.66666666666666,31173.85185185185,0.1,74.66666666666667,0,0,1.1000628435748543,-1.9191993043326407
804,31,Saad Moteb Alharbi,DEF,Al Hilal SC,4634772,14,2000-02-20,177,0,3,2,188,0,0,0,0,0,0,0.0,0.0,0.0,sofascore.com,2026-07-19,Saudi Arabia,KSA,H,AFC,58,1660,Georgios Donis,False,False,False,False,4634772.0,26.3,0.6666666666666666,62.666666666666664,0,0,308984.8,Developing(11-30),24-27,4982354.269230769,129541211,28.51153846153846,26,0.0,0.0,0,0.0,,,0.0,66.66666666666666,308984.8,0.0,62.666666666666664,0,0,-0.7064168462271232,-0.31540423360460584
805,31,Abdullatif Jehad Thikri,DEF,Al Qadsiah FC,4721565,8,2001-07-21,184,0,0,0,0,0,0,0,0,0,0,0.0,0.0,0.0,Unverified/Unknown,2026-07-19,Saudi Arabia,KSA,H,AFC,58,1660,Georgios Donis,False,False,False,False,4721565.0,24.9,0.0,0.0,0,0,524618.3333333334,Rookie(<=10),24-27,4982354.269230769,129541211,28.51153846153846,26,,,0,,,,,,524618.3333333334,0.0,0.0,0,3,-2.268742010855412,0.03561173100171394
806,31,Waheeb Mohammed Abu Alshamat,DEF,Al Qadsiah FC,7172554,9,2002-08-11,170,0,3,1,136,0,0,0,0,0,0,0.0,0.0,0.0,sofascore.com,2026-07-19,Saudi Arabia,KSA,H,AFC,58,1660,Georgios Donis,False,False,False,False,7172554.0,23.8,0.3333333333333333,45.333333333333336,0,0,717255.4,Rookie(<=10),24-27,4982354.269230769,129541211,28.51153846153846,26,0.0,0.0,0,0.0,,,0.0,33.33333333333333,717255.4,0.0,45.333333333333336,0,3,-1.3911209570636027,0.13502105645839696
807,32,Sergio Ramón Rochet,GK,SC Internacional,11951490,35,1993-03-23,189,0,1,0,44,0,0,0,0,0,0,0.0,0.0,0.0,sofascore.com,2026-07-19,Uruguay,URU,H,CONMEBOL,16,1960,Marcelo Bielsa,False,False,False,False,11951490.0,33.2,0.0,44.0,0,0,331985.8333333333,Established(31-60),32+,12321012.692307692,320346330,28.746153846153845,26,0.0,0.0,0,0.0,,,0.0,0.0,331985.8333333333,0.0,44.0,0,3,-0.6011215903450486,-0.23116370566629293
808,32,José María Gimenez,DEF,Atlético De Madrid,11897295,99,1995-01-20,186,8,0,0,0,0,0,0,0,0,0,0.0,0.0,0.0,Unverified/Unknown,2026-07-19,Uruguay,URU,H,CONMEBOL,16,1960,Marcelo Bielsa,False,False,False,False,11897295.0,31.4,0.0,0.0,0,0,118972.95,Veteran(60+),32+,12321012.692307692,320346330,28.746153846153845,26,,,0,,,,,,118972.95,0.08080808080808081,0.0,0,3,-0.1736740792442094,-0.8697672739462173
809,32,Sebastián Enzo Caceres,DEF,Club América,6541600,24,1999-08-18,180,0,3,3,270,0,0,0,0,0,0,0.0,0.0,0.0,sofascore.com,2026-07-19,Uruguay,URU,H,CONMEBOL,16,1960,Marcelo Bielsa,False,False,False,False,6541600.0,26.8,1.0,90.0,0,0,261664.0,Developing(11-30),24-27,12321012.692307692,320346330,28.746153846153845,26,0.0,0.0,0,0.0,,,0.0,100.0,261664.0,0.0,90.0,0,0,0.45867035835955444,0.3274505035001252
810,32,Ronald Federico Araujo,DEF,FC Barcelona,17869812,27,1999-03-07,185,1,0,0,0,0,0,0,0,0,0,0.0,0.0,0.0,Unverified/Unknown,2026-07-19,Uruguay,URU,H,CONMEBOL,16,1960,Marcelo Bielsa,False,False,False,False,17869812.0,27.3,0.0,0.0,0,0,638207.5714285715,Developing(11-30),28-31,12321012.692307692,320346330,28.746153846153845,26,,,0,,,,,,638207.5714285715,0.037037037037037035,0.0,0,3,-1.4194904715161358,0.6951769931717933
811,32,Manuel Ugarte,MID,Manchester United FC,7236734,36,2001-04-11,182,1,3,3,187,0,0,0,0,0,0,0.0,0.0,0.0,sofascore.com,2026-07-19,Uruguay,URU,H,CONMEBOL,16,1960,Marcelo Bielsa,False,False,False,False,7236734.0,25.2,1.0,62.333333333333336,0,0,195587.4054054054,Established(31-60),24-27,12321012.692307692,320346330,28.746153846153845,26,0.0,0.0,0,0.0,,,0.0,100.0,195587.4054054054,0.027777777777777776,62.333333333333336,0,0,0.22842424452427068,0.39282181403776917
812,32,Rodrigo Bentancur,MID,Tottenham Hotspur FC,6218107,74,1997-06-25,187,3,3,3,270,0,0,1,0,0,0,0.0,0.0,0.0,sofascore.com,2026-07-19,Uruguay,URU,H,CONMEBOL,16,1960,Marcelo Bielsa,False,False,False,False,6218107.0,29.0,1.0,90.0,0,1,82908.09333333334,Veteran(60+),28-31,12321012.692307692,320346330,28.746153846153845,26,0.0,0.0,0,0.0,,,0.0,100.0,82908.09333333334,0.04054054054054054,90.0,0,0,1.6199048614259444,-0.593169873955938
813,32,Diego Nicolás De La Cruz,MID,CR Flamengo,20939811,35,1997-06-01,167,5,3,0,83,0,0,1,0,0,0,0.0,0.0,0.0,sofascore.com,2026-07-19,Uruguay,URU,H,CONMEBOL,16,1960,Marcelo Bielsa,False,False,False,False,20939811.0,29.0,0.0,27.666666666666668,0,1,581661.4166666666,Established(31-60),28-31,12321012.692307692,320346330,28.746153846153845,26,0.0,0.0,0,0.0,,,0.0,0.0,581661.4166666666,0.14285714285714285,27.666666666666668,1,3,-0.37694207130985224,0.36357972598510613
814,32,Federico Santiago Valverde,MID,Real Madrid C. F.,15930790,74,1998-07-22,182,9,3,3,236,0,1,0,0,0,0,0.0,0.0,0.0,sofascore.com,2026-07-19,Uruguay,URU,H,CONMEBOL,16,1960,Marcelo Bielsa,False,False,False,False,15930790.0,27.9,1.0,78.66666666666667,1,0,212410.53333333333,Veteran(60+),28-31,12321012.692307692,320346330,28.746153846153845,26,0.0,0.3813559322033898,1,0.3813559322033898,,,0.0,100.0,212410.53333333333,0.12162162162162163,78.66666666666667,0,0,1.9167938493824612,0.2147019922760068
815,32,Darwin Gabriel Nunez,FWD,Al Hilal SC,20956263,39,1999-06-24,185,13,3,2,156,0,0,0,0,0,0,0.0,0.0,0.0,sofascore.com,2026-07-19,Uruguay,URU,H,CONMEBOL,16,1960,Marcelo Bielsa,False,True,False,False,20956263.0,27.0,0.6666666666666666,52.0,0,0,523906.575,Established(31-60),24-27,12321012.692307692,320346330,28.746153846153845,26,0.0,0.0,0,0.0,,,0.0,66.66666666666666,523906.575,0.3333333333333333,52.0,1,0,0.4566048353675466,0.35380494785083044
816,32,Giorgian Daniel De Arrascaeta,MID,CR Flamengo,8415319,59,1994-06-01,177,13,0,0,0,0,0,0,0,0,0,0.0,0.0,0.0,Unverified/Unknown,2026-07-19,Uruguay,URU,H,CONMEBOL,16,1960,Marcelo Bielsa,False,True,False,False,8415319.0,32.0,0.0,0.0,0,0,140255.31666666668,Established(31-60),32+,12321012.692307692,320346330,28.746153846153845,26,,,0,,,,,,140255.31666666668,0.22033898305084745,0.0,0,3,-0.49832356555639146,-0.6459108779073132
817,32,Facundo Pellistri,FWD,Panathinaikos FC,7858419,39,2001-12-20,174,2,0,0,0,0,0,0,0,0,0,0.0,0.0,0.0,Unverified/Unknown,2026-07-19,Uruguay,URU,H,CONMEBOL,16,1960,Marcelo Bielsa,False,False,False,False,7858419.0,24.5,0.0,0.0,0,0,196460.475,Established(31-60),24-27,12321012.692307692,320346330,28.746153846153845,26,,,0,,,,,,196460.475,0.05128205128205128,0.0,0,3,-1.468119339222356,0.5906900497084415
818,32,Santiago Andres Mele,GK,CF Monterrey,13696698,8,1997-09-06,185,0,0,0,0,0,0,0,0,0,0,0.0,0.0,0.0,Unverified/Unknown,2026-07-19,Uruguay,URU,H,CONMEBOL,16,1960,Marcelo Bielsa,False,False,False,False,13696698.0,28.8,0.0,0.0,0,0,1521855.3333333333,Rookie(<=10),28-31,12321012.692307692,320346330,28.746153846153845,26,,,0,,,,,,1521855.3333333333,0.0,0.0,0,3,-1.6628518806234418,0.6579177846194508
819,32,Guillermo Varela,DEF,CR Flamengo,11888803,28,1993-03-24,174,0,3,3,270,0,0,1,0,0,0,0.0,0.0,0.0,sofascore.com,2026-07-19,Uruguay,URU,H,CONMEBOL,16,1960,Marcelo Bielsa,False,False,False,False,11888803.0,33.2,1.0,90.0,0,1,409958.724137931,Developing(11-30),32+,12321012.692307692,320346330,28.746153846153845,26,0.0,0.0,0,0.0,,,0.0,100.0,409958.724137931,0.0,90.0,0,0,1.2006972264108653,-0.3280357486928263
820,32,Agustin Canobbio,MID,Fluminense FC,8000000,15,1998-10-01,176,1,3,2,224,1,0,0,0,0,0,0.0,0.0,0.0,sofascore.com,2026-07-19,Uruguay,URU,H,CONMEBOL,16,1960,Marcelo Bielsa,False,False,False,False,8000000.0,27.7,0.6666666666666666,74.66666666666667,1,0,500000.0,Developing(11-30),28-31,12321012.692307692,320346330,28.746153846153845,26,0.40178571428571425,0.0,1,0.40178571428571425,224.0,,0.0,66.66666666666666,500000.0,0.06666666666666667,74.66666666666667,0,0,0.3498922778166701,0.6469967076567488
821,32,Emiliano Martinez,MID,SE Palmeiras,12000000,10,1999-08-17,184,0,0,0,0,0,0,0,0,0,0,0.0,0.0,0.0,Unverified/Unknown,2026-07-19,Uruguay,URU,H,CONMEBOL,16,1960,Marcelo Bielsa,False,False,False,False,12000000.0,26.8,0.0,0.0,0,0,1090909.0909090908,Rookie(<=10),24-27,12321012.692307692,320346330,28.746153846153845,26,,,0,,,,,,1090909.0909090908,0.0,0.0,0,3,-1.7458870360144134,0.8130126878457935
822,32,Mathías Olivera,DEF,SSC Napoli,21369652,36,1997-10-31,174,2,3,3,270,0,0,1,0,0,0,0.0,0.0,0.0,sofascore.com,2026-07-19,Uruguay,URU,H,CONMEBOL,16,1960,Marcelo Bielsa,False,False,False,False,21369652.0,28.6,1.0,90.0,0,1,577558.1621621621,Established(31-60),28-31,12321012.692307692,320346330,28.746153846153845,26,0.0,0.0,0,0.0,,,0.0,100.0,577558.1621621621,0.05555555555555555,90.0,1,0,1.2605321500374906,0.30237359855296064
823,32,Matías Nicolas Vina,DEF,CA River Plate,11419482,44,1997-11-09,180,1,1,1,46,0,0,0,0,0,0,0.0,0.0,0.0,sofascore.com,2026-07-19,Uruguay,URU,H,CONMEBOL,16,1960,Marcelo Bielsa,False,False,False,False,11419482.0,28.6,1.0,46.0,0,0,253766.26666666666,Established(31-60),28-31,12321012.692307692,320346330,28.746153846153845,26,0.0,0.0,0,0.0,,,0.0,100.0,253766.26666666666,0.022727272727272728,46.0,0,0,0.317570539037783,0.04554416074802816
824,32,Paul Brian Rodriguez,FWD,Club América,16680069,34,2000-05-20,175,4,3,0,38,0,0,0,0,0,0,0.0,0.0,0.0,sofascore.com,2026-07-19,Uruguay,URU,H,CONMEBOL,16,1960,Marcelo Bielsa,False,False,False,False,16680069.0,26.1,0.0,12.666666666666666,0,0,476573.4,Established(31-60),24-27,12321012.692307692,320346330,28.746153846153845,26,0.0,0.0,0,0.0,,,0.0,0.0,476573.4,0.11764705882352941,12.666666666666666,0,3,-1.1368378900305476,0.654135670209383
825,32,Rodrigo Sebastian Aguirre,FWD,Tigres UANL,10296030,11,1994-10-01,182,3,1,0,1,0,0,0,0,0,0,0.0,0.0,0.0,sofascore.com,2026-07-19,Uruguay,URU,H,CONMEBOL,16,1960,Marcelo Bielsa,False,False,False,False,10296030.0,31.7,0.0,1.0,0,0,858002.5,Developing(11-30),32+,12321012.692307692,320346330,28.746153846153845,26,0.0,0.0,0,0.0,,,0.0,0.0,858002.5,0.2727272727272727,1.0,0,3,-1.4145378353979463,0.16120472498361696
826,32,Maximiliano Javier Araujo,MID,Sporting CP,15118771,29,2000-02-15,176,4,3,3,252,2,1,0,0,0,0,0.0,0.0,0.0,sofascore.com,2026-07-19,Uruguay,URU,H,CONMEBOL,16,1960,Marcelo Bielsa,False,False,False,False,15118771.0,26.3,1.0,84.0,3,0,503959.0333333333,Developing(11-30),24-27,12321012.692307692,320346330,28.746153846153845,26,0.7142857142857142,0.3571428571428571,3,1.0714285714285714,126.0,,0.0,100.0,503959.0333333333,0.13793103448275862,84.0,0,1,2.026290094360206,1.467982489831792
827,32,Federico Sebastian Vinas,FWD,Real Oviedo,11769867,12,1998-06-30,181,2,3,2,194,0,0,0,0,0,0,0.0,0.0,0.0,sofascore.com,2026-07-19,Uruguay,URU,H,CONMEBOL,16,1960,Marcelo Bielsa,False,False,False,False,11769867.0,27.9,0.6666666666666666,64.66666666666667,0,0,905374.3846153846,Developing(11-30),28-31,12321012.692307692,320346330,28.746153846153845,26,0.0,0.0,0,0.0,,,0.0,66.66666666666666,905374.3846153846,0.16666666666666666,64.66666666666667,0,0,-0.1527681837141982,0.5026225362408768
828,32,Joaquin Piquerez,MID,SE Palmeiras,9074323,19,1998-08-24,185,0,0,0,0,0,0,0,0,0,0,0.0,0.0,0.0,Unverified/Unknown,2026-07-19,Uruguay,URU,H,CONMEBOL,16,1960,Marcelo Bielsa,False,False,False,False,9074323.0,27.8,0.0,0.0,0,0,453716.15,Developing(11-30),28-31,12321012.692307692,320346330,28.746153846153845,26,,,0,,,,,,453716.15,0.0,0.0,0,3,-1.621453370977765,0.5214467213281221
829,32,Nestor Fernando Muslera,GK,Estudiantes LP,9200709,135,1986-06-16,190,0,3,3,226,0,0,0,0,0,0,0.0,9.0,4.0,sofascore.com,2026-07-19,Uruguay,URU,H,CONMEBOL,16,1960,Marcelo Bielsa,False,False,True,False,9200709.0,40.0,1.0,75.33333333333333,0,0,67652.27205882352,Veteran(60+),32+,12321012.692307692,320346330,28.746153846153845,26,0.0,0.0,0,0.0,,69.23076923076923,0.0,100.0,67652.27205882352,0.0,75.33333333333333,0,0,2.2524796592081886,-2.3471740238980514
830,32,Santiago Ignacio Bueno,DEF,Wolverhampton Wanderers FC,7486470,8,1998-11-09,191,0,0,0,0,0,0,0,0,0,0,0.0,0.0,0.0,Unverified/Unknown,2026-07-19,Uruguay,URU,H,CONMEBOL,16,1960,Marcelo Bielsa,False,False,False,False,7486470.0,27.6,0.0,0.0,0,0,831830.0,Rookie(<=10),28-31,12321012.692307692,320346330,28.746153846153845,26,,,0,,,,,,831830.0,0.0,0.0,0,3,-1.781530484824513,0.6303626617745005
831,32,Juan Manuel Sanabria,MID,Real Salt Lake,8367423,6,2000-03-29,170,1,3,2,204,0,0,1,0,0,0,0.0,0.0,0.0,sofascore.com,2026-07-19,Uruguay,URU,H,CONMEBOL,16,1960,Marcelo Bielsa,False,False,False,False,8367423.0,26.2,0.6666666666666666,68.0,0,1,1195346.142857143,Rookie(<=10),24-27,12321012.692307692,320346330,28.746153846153845,26,0.0,0.0,0,0.0,,,0.0,66.66666666666666,1195346.142857143,0.16666666666666666,68.0,0,0,0.01905255086286277,0.6506552662783077
832,32,Radrigo Zalazar,MID,SC Braga,18162393,7,1999-08-12,175,2,0,0,0,0,0,0,0,0,0,0.0,0.0,0.0,Unverified/Unknown,2026-07-19,Uruguay,URU,H,CONMEBOL,16,1960,Marcelo Bielsa,False,False,False,False,18162393.0,26.8,0.0,0.0,0,0,2270299.125,Rookie(<=10),24-27,12321012.692307692,320346330,28.746153846153845,26,,,0,,,,,,2270299.125,0.2857142857142857,0.0,1,3,-1.6486934737560572,0.9739495638856223
833,33,Brice Lauriche Samba,GK,Stade Rennais FC,7000000,4,1994-04-25,187,0,0,0,0,0,0,0,0,0,0,0.0,0.0,0.0,Unverified/Unknown,2026-07-19,France,FRA,I,UEFA,3,2100,Didier Deschamps,False,False,False,False,7000000.0,32.1,0.0,0.0,0,0,1400000.0,Rookie(<=10),32+,59469402.65384615,1546204469,27.003846153846155,26,,,0,,,,,,1400000.0,0.0,0.0,0,3,-1.4761663451945894,0.5482142054755691
834,33,Malo Arthur Gusto,DEF,Chelsea FC,35000000,11,2003-05-19,179,0,4,1,116,0,0,0,0,0,0,0.0,0.0,0.0,sofascore.com,2026-07-19,France,FRA,I,UEFA,3,2100,Didier Deschamps,False,False,False,False,35000000.0,23.1,0.25,29.0,0,0,2916666.6666666665,Developing(11-30),24-27,59469402.65384615,1546204469,27.003846153846155,26,0.0,0.0,0,0.0,,,0.0,25.0,2916666.6666666665,0.0,29.0,1,3,-0.8982756379418508,2.1414709067213216
835,33,Lucas Digne,DEF,Aston Villa FC,6000000,58,1993-07-20,178,0,5,4,374,0,0,0,0,0,0,0.0,0.0,0.0,sofascore.com,2026-07-19,France,FRA,I,UEFA,3,2100,Didier Deschamps,False,False,False,False,6000000.0,32.9,0.8,74.8,0,0,101694.91525423729,Established(31-60),32+,59469402.65384615,1546204469,27.003846153846155,26,0.0,0.0,0,0.0,,,0.0,80.0,101694.91525423729,0.0,74.8,0,0,0.917106252276408,-0.3419119658567439
836,33,Dayotchanculle Oswald Upamecano,DEF,FC Bayern München,70000000,39,1998-10-27,186,2,8,7,661,0,1,0,0,0,0,0.0,0.0,0.0,sofascore.com,2026-07-19,France,FRA,I,UEFA,3,2100,Didier Deschamps,True,False,False,True,70000000.0,27.6,0.875,82.625,1,0,1750000.0,Established(31-60),28-31,59469402.65384615,1546204469,27.003846153846155,26,0.0,0.1361573373676248,1,0.1361573373676248,,,0.0,87.5,1750000.0,0.05128205128205128,82.625,1,1,1.882891040722076,2.566382378776824
837,33,Jules Olivier Kounde,DEF,FC Barcelona,60000000,49,1998-11-12,178,0,8,7,605,0,0,0,0,0,0,0.0,0.0,0.0,sofascore.com,2026-07-19,France,FRA,I,UEFA,3,2100,Didier Deschamps,True,False,False,False,60000000.0,27.6,0.875,75.625,0,0,1200000.0,Established(31-60),28-31,59469402.65384615,1546204469,27.003846153846155,26,0.0,0.0,0,0.0,,,0.0,87.5,1200000.0,0.0,75.625,1,1,1.2150089281784189,1.7431383855683935
838,33,Emmanuel Boris Kone,MID,AS Roma,59527837,14,2001-05-17,185,0,5,4,405,0,0,0,0,0,0,0.0,0.0,0.0,sofascore.com,2026-07-19,France,FRA,I,UEFA,3,2100,Didier Deschamps,True,False,False,False,59527837.0,25.1,0.8,81.0,0,0,3968522.466666667,Developing(11-30),24-27,59469402.65384615,1546204469,27.003846153846155,26,0.0,0.0,0,0.0,,,0.0,80.0,3968522.466666667,0.0,81.0,1,1,0.665195149824832,2.4178416824324147
839,33,Masour Ousmane Dembele,FWD,Paris Saint-Germain,100000000,60,1997-05-15,179,7,7,6,513,6,1,0,0,0,0,0.0,0.0,0.0,sofascore.com,2026-07-19,France,FRA,I,UEFA,3,2100,Didier Deschamps,True,False,False,False,100000000.0,29.1,0.8571428571428571,73.28571428571429,7,0,1639344.262295082,Established(31-60),28-31,59469402.65384615,1546204469,27.003846153846155,26,1.0526315789473684,0.17543859649122806,7,1.2280701754385963,85.5,,0.0,85.71428571428571,1639344.262295082,0.11666666666666667,73.28571428571429,1,1,5.101164089941232,4.342692256596241
840,33,Aurélien Djani Tchouameni,MID,Real Madrid C. F.,70000000,47,2000-01-27,188,3,5,5,450,0,1,1,0,0,0,0.0,0.0,0.0,sofascore.com,2026-07-19,France,FRA,I,UEFA,3,2100,Didier Deschamps,True,False,False,False,70000000.0,26.4,1.0,90.0,1,1,1458333.3333333333,Established(31-60),24-27,59469402.65384615,1546204469,27.003846153846155,26,0.0,0.2,1,0.2,,,0.0,100.0,1458333.3333333333,0.06382978723404255,90.0,1,1,2.5242830394573277,2.534728056532571
841,33,Marcus Lilian Thuram,FWD,FC Internazionale Milano,64453524,34,1997-08-06,192,3,1,0,1,0,0,0,0,0,0,0.0,0.0,0.0,sofascore.com,2026-07-19,France,FRA,I,UEFA,3,2100,Didier Deschamps,True,False,False,False,64453524.0,28.8,0.0,1.0,0,0,1841529.2571428572,Established(31-60),28-31,59469402.65384615,1546204469,27.003846153846155,26,0.0,0.0,0,0.0,,,0.0,0.0,1841529.2571428572,0.08823529411764706,1.0,1,3,-0.5409685574179177,2.0039346018703608
842,33,Kylian Mbappe,FWD,Real Madrid C. F.,180000000,99,1998-12-20,180,58,8,8,698,10,4,1,0,1,0,0.0,0.0,0.0,sofascore.com,2026-07-19,France,FRA,I,UEFA,3,2100,Didier Deschamps,True,True,False,True,109839062.6,27.5,1.0,87.25,14,1,1800000.0,Veteran(60+),28-31,59469402.65384615,1546204469,27.003846153846155,26,1.2893982808022924,0.5157593123209169,14,1.8051575931232093,69.8,,0.0,100.0,1800000.0,0.5858585858585859,87.25,1,2,11.325204310619402,5.854570849982455
843,33,Michael Akpovie Olise,FWD,FC Bayern München,150000000,18,2001-12-12,184,7,8,8,649,0,8,0,0,0,0,0.0,0.0,0.0,sofascore.com,2026-07-19,France,FRA,I,UEFA,3,2100,Didier Deschamps,True,False,False,True,109839062.6,24.5,1.0,81.125,8,0,7894736.842105263,Developing(11-30),24-27,59469402.65384615,1546204469,27.003846153846155,26,0.0,1.1093990755007705,8,1.1093990755007705,,,0.0,100.0,7894736.842105263,0.3888888888888889,81.125,1,1,5.876649573835058,7.508779012966284
844,33,Bradley Jean-Manuel Essolisa Barcola,FWD,Paris Saint-Germain,69223108,21,2002-09-02,187,4,7,3,323,3,1,0,0,0,0,0.0,0.0,0.0,sofascore.com,2026-07-19,France,FRA,I,UEFA,3,2100,Didier Deschamps,True,False,False,False,69223108.0,23.8,0.42857142857142855,46.142857142857146,4,0,3146504.909090909,Developing(11-30),24-27,59469402.65384615,1546204469,27.003846153846155,26,0.8359133126934984,0.2786377708978328,4,1.1145510835913313,107.66666666666667,,0.0,42.857142857142854,3146504.909090909,0.19047619047619047,46.142857142857146,1,1,1.9375792218704027,3.96335926286248
845,33,N'golo Kante,MID,Fenerbahçe SK,4000000,69,1991-03-29,171,2,0,0,0,0,0,0,0,0,0,0.0,0.0,0.0,Unverified/Unknown,2026-07-19,France,FRA,I,UEFA,3,2100,Didier Deschamps,False,False,False,False,4000000.0,35.2,0.0,0.0,0,0,57142.857142857145,Veteran(60+),32+,59469402.65384615,1546204469,27.003846153846155,26,,,0,,,,,,57142.857142857145,0.028985507246376812,0.0,0,3,-0.5037787780614142,-0.6631242693013256
846,33,Adrien Thibault Marie Rabiot,MID,AC Milan,18000000,60,1995-04-03,191,7,6,6,495,0,1,1,0,0,0,0.0,0.0,0.0,sofascore.com,2026-07-19,France,FRA,I,UEFA,3,2100,Didier Deschamps,False,False,False,False,18000000.0,31.2,1.0,82.5,1,1,295081.9672131148,Established(31-60),32+,59469402.65384615,1546204469,27.003846153846155,26,0.0,0.18181818181818182,1,0.18181818181818182,,,0.0,100.0,295081.9672131148,0.11666666666666667,82.5,1,1,2.4011669775642583,0.44224906850279266
847,33,Ibrahima Konate,DEF,Liverpool FC,45000000,28,1999-05-25,194,0,2,1,59,0,0,0,0,0,0,0.0,0.0,0.0,sofascore.com,2026-07-19,France,FRA,I,UEFA,3,2100,Didier Deschamps,True,False,False,False,45000000.0,27.0,0.5,29.5,0,0,1551724.1379310344,Developing(11-30),24-27,59469402.65384615,1546204469,27.003846153846155,26,0.0,0.0,0,0.0,,,0.0,50.0,1551724.1379310344,0.0,29.5,1,1,-0.16445078662917792,1.7447084392371341
848,33,Mike Peterson Maignan,GK,AC Milan,20000000,41,1995-07-03,191,0,8,8,720,0,0,0,0,0,0,4.0,16.0,10.0,sofascore.com,2026-07-19,France,FRA,I,UEFA,3,2100,Didier Deschamps,False,False,False,True,20000000.0,30.9,1.0,90.0,0,0,476190.4761904762,Established(31-60),28-31,59469402.65384615,1546204469,27.003846153846155,26,0.0,0.0,0,0.0,,61.53846153846154,50.0,100.0,476190.4761904762,0.0,90.0,1,0,1.148421246510599,0.407100897057913
849,33,William Alain André Gabriel Saliba,DEF,Arsenal FC,100000000,33,2001-03-24,192,0,6,6,480,0,0,0,0,0,0,0.0,0.0,0.0,sofascore.com,2026-07-19,France,FRA,I,UEFA,3,2100,Didier Deschamps,True,False,False,False,100000000.0,25.2,1.0,80.0,0,0,2941176.470588235,Established(31-60),24-27,59469402.65384615,1546204469,27.003846153846155,26,0.0,0.0,0,0.0,,,0.0,100.0,2941176.470588235,0.0,80.0,1,1,1.5039972079667687,3.216192107909198
850,33,Warren Marie Jean-Pierre Zaire-Emery,MID,Paris Saint-Germain,80000000,11,2006-03-08,176,1,2,2,180,0,0,0,0,0,0,0.0,0.0,0.0,sofascore.com,2026-07-19,France,FRA,I,UEFA,3,2100,Didier Deschamps,True,False,False,False,80000000.0,20.3,1.0,90.0,0,0,6666666.666666667,Developing(11-30),U23,59469402.65384615,1546204469,27.003846153846155,26,0.0,0.0,0,0.0,,,0.0,100.0,6666666.666666667,0.09090909090909091,90.0,1,1,0.96654022317384,3.472078522647103
851,33,Théo Bernard François Hernandez,DEF,Al Hilal SC,20000000,45,1997-10-06,184,2,5,3,256,0,0,0,0,0,0,0.0,0.0,0.0,sofascore.com,2026-07-19,France,FRA,I,UEFA,3,2100,Didier Deschamps,False,False,False,False,20000000.0,28.7,0.6,51.2,0,0,434782.60869565216,Established(31-60),28-31,59469402.65384615,1546204469,27.003846153846155,26,0.0,0.0,0,0.0,,,0.0,60.0,434782.60869565216,0.044444444444444446,51.2,1,0,0.2968904065183645,0.646698856459969
852,33,Désiré Nonka-Maho Doue,FWD,Paris Saint-Germain,120000000,8,2005-06-03,182,2,7,4,369,1,1,0,0,0,0,0.0,0.0,0.0,sofascore.com,2026-07-19,France,FRA,I,UEFA,3,2100,Didier Deschamps,True,False,False,False,109839062.6,21.0,0.5714285714285714,52.714285714285715,2,0,13333333.333333334,Rookie(<=10),U23,59469402.65384615,1546204469,27.003846153846155,26,0.24390243902439024,0.24390243902439024,2,0.4878048780487805,369.0,,0.0,57.14285714285714,13333333.333333334,0.25,52.714285714285715,1,1,1.379715232102278,4.9973940057944795
853,33,Lucas Francois Bernard Hernandez,DEF,Paris Saint-Germain,18000000,42,1996-02-14,184,0,0,0,0,0,0,0,0,0,0,0.0,0.0,0.0,Unverified/Unknown,2026-07-19,France,FRA,I,UEFA,3,2100,Didier Deschamps,False,False,False,False,18000000.0,30.3,0.0,0.0,0,0,418604.6511627907,Established(31-60),28-31,59469402.65384615,1546204469,27.003846153846155,26,,,0,,,,,,418604.6511627907,0.0,0.0,1,3,-0.9774546749761563,0.5917485648685734
854,33,Jean-Philippe Mateta,FWD,Crystal Palace FC,30000000,4,1997-06-28,192,2,3,0,22,0,0,0,0,0,0,0.0,0.0,0.0,sofascore.com,2026-07-19,France,FRA,I,UEFA,3,2100,Didier Deschamps,False,False,False,False,30000000.0,29.0,0.0,7.333333333333333,0,0,6000000.0,Rookie(<=10),28-31,59469402.65384615,1546204469,27.003846153846155,26,0.0,0.0,0,0.0,,,0.0,0.0,6000000.0,0.5,7.333333333333333,1,3,-1.21372038061192,1.4483829206490946
855,33,Robin François Philippe Risser,GK,RC Lens,30000000,0,2004-12-02,193,0,0,0,0,0,0,0,0,0,0,0.0,0.0,0.0,Unverified/Unknown,2026-07-19,France,FRA,I,UEFA,3,2100,Didier Deschamps,False,False,False,False,30000000.0,21.5,0.0,0.0,0,0,30000000.0,Rookie(<=10),U23,59469402.65384615,1546204469,27.003846153846155,26,,,0,,,,,,30000000.0,,0.0,1,3,-1.7609611997049692,2.3689842406288864
856,33,Mathis Rayan Cherki,MID,Manchester City FC,90000000,8,2003-08-17,180,2,7,2,209,0,0,0,0,0,0,0.0,0.0,0.0,sofascore.com,2026-07-19,France,FRA,I,UEFA,3,2100,Didier Deschamps,True,False,False,False,90000000.0,22.8,0.2857142857142857,29.857142857142858,0,0,10000000.0,Rookie(<=10),U23,59469402.65384615,1546204469,27.003846153846155,26,0.0,0.0,0,0.0,,,0.0,28.57142857142857,10000000.0,0.25,29.857142857142858,1,1,-0.2598495915110613,3.5971130359311694
857,33,Maghnes Akliouche,MID,AS Monaco,50000000,9,2002-02-25,183,1,1,0,7,0,0,0,0,0,0,0.0,0.0,0.0,sofascore.com,2026-07-19,France,FRA,I,UEFA,3,2100,Didier Deschamps,True,False,False,False,50000000.0,24.3,0.0,7.0,0,0,5000000.0,Rookie(<=10),24-27,59469402.65384615,1546204469,27.003846153846155,26,0.0,0.0,0,0.0,,,0.0,0.0,5000000.0,0.1111111111111111,7.0,1,3,-1.1938448113147135,2.448130510332817
858,33,Maxence Guy Lacroix,DEF,Crystal Palace FC,50000000,4,2000-04-06,192,0,4,3,330,0,0,0,0,0,0,0.0,0.0,0.0,sofascore.com,2026-07-19,France,FRA,I,UEFA,3,2100,Didier Deschamps,True,False,False,False,50000000.0,26.2,0.75,82.5,0,0,10000000.0,Rookie(<=10),24-27,59469402.65384615,1546204469,27.003846153846155,26,0.0,0.0,0,0.0,,,0.0,75.0,10000000.0,0.0,82.5,1,1,0.4636407496113656,2.1683484217776123
859,34,Yehvann Djibril Victor Diouf,GK,OGC Nice,7000000,2,1999-11-16,188,0,0,0,0,0,0,0,0,0,0,0.0,0.0,0.0,Unverified/Unknown,2026-07-19,Senegal,SEN,I,CAF,15,1840,Pape Thiaw,False,False,False,False,7000000.0,26.6,0.0,0.0,0,0,2333333.3333333335,Rookie(<=10),24-27,17551735.269230768,456345117,27.088461538461537,26,,,0,,,,,,2333333.3333333335,0.0,0.0,0,3,-2.039738247168365,0.46935238058838147
860,34,Mamadou Sarr,DEF,Chelsea FC,22000000,8,2005-08-29,194,0,0,0,0,0,0,0,0,0,0,0.0,0.0,0.0,Unverified/Unknown,2026-07-19,Senegal,SEN,I,CAF,15,1840,Pape Thiaw,False,False,False,False,22000000.0,20.8,0.0,0.0,0,0,2444444.4444444445,Rookie(<=10),U23,17551735.269230768,456345117,27.088461538461537,26,,,0,,,,,,2444444.4444444445,0.0,0.0,1,3,-2.070220918908291,1.4330471898060646
861,34,Kalidou Koulibaly,DEF,Al Hilal SC,4500000,105,1991-06-20,186,2,2,2,162,0,0,0,0,0,0,0.0,0.0,0.0,sofascore.com,2026-07-19,Senegal,SEN,I,CAF,15,1840,Pape Thiaw,False,False,False,False,4500000.0,35.0,1.0,81.0,0,0,42452.83018867925,Veteran(60+),32+,17551735.269230768,456345117,27.088461538461537,26,0.0,0.0,0,0.0,,,0.0,100.0,42452.83018867925,0.01904761904761905,81.0,0,0,1.6178933682027064,-1.932776882062809
862,34,Abdoulaye Seck,DEF,Maccabi Haifa FC,400000,23,1992-06-04,192,4,1,1,58,0,1,1,0,0,0,0.0,0.0,0.0,sofascore.com,2026-07-19,Senegal,SEN,I,CAF,15,1840,Pape Thiaw,False,False,False,False,400000.0,34.0,1.0,58.0,1,1,16666.666666666668,Developing(11-30),32+,17551735.269230768,456345117,27.088461538461537,26,0.0,1.5517241379310345,1,1.5517241379310345,,,0.0,100.0,16666.666666666668,0.17391304347826086,58.0,0,0,1.1866766039790164,-0.5352826961332607
863,34,Idrissa Gana Gueye,MID,Everton FC,500000,137,1989-09-26,174,7,4,4,363,0,0,0,0,0,0,0.0,0.0,0.0,sofascore.com,2026-07-19,Senegal,SEN,I,CAF,15,1840,Pape Thiaw,False,False,True,False,500000.0,36.7,1.0,90.75,0,0,3623.1884057971015,Veteran(60+),32+,17551735.269230768,456345117,27.088461538461537,26,0.0,0.0,0,0.0,,,0.0,100.0,3623.1884057971015,0.051094890510948905,90.75,0,0,2.3401355337878127,-2.6904369110731547
864,34,Ismaila Pathe Ciss,MID,Rayo Vallecano,1800000,32,1994-03-16,186,0,4,1,181,0,0,0,0,0,0,0.0,0.0,0.0,sofascore.com,2026-07-19,Senegal,SEN,I,CAF,15,1840,Pape Thiaw,False,False,False,False,1800000.0,32.2,0.25,45.25,0,0,54545.454545454544,Established(31-60),32+,17551735.269230768,456345117,27.088461538461537,26,0.0,0.0,0,0.0,,,0.0,25.0,54545.454545454544,0.0,45.25,0,3,-0.6676080067256537,-0.7030607341364205
865,34,Assane Diao,FWD,Como,30000000,5,2005-09-07,185,0,1,0,9,0,0,0,0,0,0,0.0,0.0,0.0,sofascore.com,2026-07-19,Senegal,SEN,I,CAF,15,1840,Pape Thiaw,False,False,False,False,30000000.0,20.8,0.0,9.0,0,0,5000000.0,Rookie(<=10),U23,17551735.269230768,456345117,27.088461538461537,26,0.0,0.0,0,0.0,,,0.0,0.0,5000000.0,0.0,9.0,1,3,-1.9104794255127675,1.6668473491448503
866,34,Lamine Camara,MID,AS Monaco,40000000,46,2004-01-01,174,7,4,3,248,0,1,1,0,0,0,0.0,0.0,0.0,sofascore.com,2026-07-19,Senegal,SEN,I,CAF,15,1840,Pape Thiaw,False,False,False,False,40000000.0,22.4,0.75,62.0,1,1,851063.8297872341,Established(31-60),U23,17551735.269230768,456345117,27.088461538461537,26,0.0,0.3629032258064516,1,0.3629032258064516,,,0.0,75.0,851063.8297872341,0.15217391304347827,62.0,1,1,1.2747831683610322,1.4832765715147047
867,34,Ahmadou Bamba Mbacke Dieng,FWD,FC Lorient,20840266,24,2000-03-23,178,2,1,0,7,0,0,0,0,0,0,0.0,0.0,0.0,sofascore.com,2026-07-19,Senegal,SEN,I,CAF,15,1840,Pape Thiaw,False,False,False,False,20840266.0,26.2,0.0,7.0,0,0,833610.64,Developing(11-30),24-27,17551735.269230768,456345117,27.088461538461537,26,0.0,0.0,0,0.0,,,0.0,0.0,833610.64,0.08333333333333333,7.0,1,3,-1.4867859887598947,0.5766688835666973
868,34,Sadio Mane,FWD,Al Nassr FC,6000000,131,1992-04-10,175,54,4,4,363,0,1,0,0,0,0,0.0,0.0,0.0,sofascore.com,2026-07-19,Senegal,SEN,I,CAF,15,1840,Pape Thiaw,False,True,True,False,6000000.0,34.2,1.0,90.75,1,0,45454.545454545456,Veteran(60+),32+,17551735.269230768,456345117,27.088461538461537,26,0.0,0.24793388429752067,1,0.24793388429752067,,,0.0,100.0,45454.545454545456,0.4122137404580153,90.75,0,2,4.3753853981158635,-2.5025072742234395
869,34,Nicolas Jackson,FWD,FC Bayern München,40000000,35,2001-06-20,187,8,4,2,234,0,1,0,0,0,0,0.0,0.0,0.0,sofascore.com,2026-07-19,Senegal,SEN,I,CAF,15,1840,Pape Thiaw,False,False,False,False,40000000.0,25.0,0.5,58.5,1,0,1111111.111111111,Established(31-60),24-27,17551735.269230768,456345117,27.088461538461537,26,0.0,0.38461538461538464,1,0.38461538461538464,,,0.0,50.0,1111111.111111111,0.22857142857142856,58.5,1,1,0.6576625315607123,1.3691340694654868
870,34,Pape Cherif Ndiaye,FWD,Samsunspor,5000000,19,1996-01-23,190,4,0,0,0,0,0,0,0,0,0,0.0,0.0,0.0,Unverified/Unknown,2026-07-19,Senegal,SEN,I,CAF,15,1840,Pape Thiaw,False,False,False,False,5000000.0,30.4,0.0,0.0,0,0,250000.0,Developing(11-30),28-31,17551735.269230768,456345117,27.088461538461537,26,,,0,,,,,,250000.0,0.21052631578947367,0.0,0,3,-1.5429456542254223,-0.2696813524206357
871,34,Iliman Cheikh Baroy Ndiaye,FWD,Everton FC,55000000,42,2000-03-06,180,4,3,1,114,1,2,0,0,0,0,0.0,0.0,0.0,sofascore.com,2026-07-19,Senegal,SEN,I,CAF,15,1840,Pape Thiaw,True,False,False,False,55000000.0,26.3,0.3333333333333333,38.0,3,0,1279069.7674418604,Established(31-60),24-27,17551735.269230768,456345117,27.088461538461537,26,0.7894736842105263,1.5789473684210527,3,2.3684210526315788,114.0,,0.0,33.33333333333333,1279069.7674418604,0.09523809523809523,38.0,1,1,1.3535798036433426,2.369865088007155
872,34,Ismail Joshua Jakobs,DEF,Galatasaray SK,8000000,31,1999-08-17,184,0,3,2,219,0,0,0,0,0,0,0.0,0.0,0.0,sofascore.com,2026-07-19,Senegal,SEN,I,CAF,15,1840,Pape Thiaw,False,False,False,False,8000000.0,26.8,0.6666666666666666,73.0,0,0,250000.0,Established(31-60),24-27,17551735.269230768,456345117,27.088461538461537,26,0.0,0.0,0,0.0,,,0.0,66.66666666666666,250000.0,0.0,73.0,0,0,-0.1089758910162585,0.0029660669090372403
873,34,Krepin Diatta,DEF,AS Monaco,6000000,63,1999-02-25,173,2,4,4,390,0,0,0,0,0,0,0.0,0.0,0.0,sofascore.com,2026-07-19,Senegal,SEN,I,CAF,15,1840,Pape Thiaw,False,False,False,False,6000000.0,27.3,1.0,97.5,0,0,93750.0,Veteran(60+),28-31,17551735.269230768,456345117,27.088461538461537,26,0.0,0.0,0,0.0,,,0.0,100.0,93750.0,0.031746031746031744,97.5,0,0,0.9812759965468719,-0.5652962512255384
874,34,Edouard Osoque Mendy,GK,Al Ahli FC,4000000,59,1992-03-01,194,0,2,2,153,0,0,0,0,0,0,0.0,7.0,6.0,sofascore.com,2026-07-19,Senegal,SEN,I,CAF,15,1840,Pape Thiaw,False,False,False,False,4000000.0,34.3,1.0,76.5,0,0,66666.66666666667,Established(31-60),32+,17551735.269230768,456345117,27.088461538461537,26,0.0,0.0,0,0.0,,53.84615384615385,0.0,100.0,66666.66666666667,0.0,76.5,0,0,0.8926229081965286,-1.2955240818067402
875,34,Pape Matar Sarr,MID,Tottenham Hotspur FC,30000000,41,2002-09-14,185,4,2,0,65,0,0,0,0,0,0,0.0,0.0,0.0,sofascore.com,2026-07-19,Senegal,SEN,I,CAF,15,1840,Pape Thiaw,False,False,False,False,30000000.0,23.7,0.0,32.5,0,0,714285.7142857143,Established(31-60),24-27,17551735.269230768,456345117,27.088461538461537,26,0.0,0.0,0,0.0,,,0.0,0.0,714285.7142857143,0.0975609756097561,32.5,1,3,-0.9059300832083231,0.836979612885882
876,34,Ismaila Sarr,FWD,Crystal Palace FC,40000000,85,1998-02-25,185,19,4,4,366,4,1,0,0,0,0,0.0,0.0,0.0,sofascore.com,2026-07-19,Senegal,SEN,I,CAF,15,1840,Pape Thiaw,False,True,False,False,40000000.0,28.3,1.0,91.5,5,0,465116.27906976745,Veteran(60+),28-31,17551735.269230768,456345117,27.088461538461537,26,0.9836065573770492,0.2459016393442623,5,1.2295081967213115,91.5,,0.0,100.0,465116.27906976745,0.2235294117647059,91.5,1,2,4.388847655125734,1.1456217853537907
877,34,Moussa Niakhate,DEF,Olympique Lyonnais,15000000,33,1996-03-08,190,0,4,4,390,0,1,0,0,0,0,0.0,0.0,0.0,sofascore.com,2026-07-19,Senegal,SEN,I,CAF,15,1840,Pape Thiaw,False,False,False,False,15000000.0,30.3,1.0,97.5,1,0,441176.4705882353,Established(31-60),28-31,17551735.269230768,456345117,27.088461538461537,26,0.0,0.23076923076923078,1,0.23076923076923078,,,0.0,100.0,441176.4705882353,0.0,97.5,0,0,1.301805080479457,0.20477494755982442
878,34,Ibrahim Mbaye,FWD,Paris Saint-Germain,30000000,12,2008-01-24,175,4,4,1,154,1,0,0,0,0,0,0.0,0.0,0.0,sofascore.com,2026-07-19,Senegal,SEN,I,CAF,15,1840,Pape Thiaw,False,False,False,False,30000000.0,18.4,0.25,38.5,1,0,2307692.3076923075,Developing(11-30),U23,17551735.269230768,456345117,27.088461538461537,26,0.5844155844155845,0.0,1,0.5844155844155845,154.0,,0.0,25.0,2307692.3076923075,0.3333333333333333,38.5,1,3,-0.7594602563121684,1.9803472168915686
879,34,Habib Mbacke Diarra,MID,Sunderland AFC,7404851,22,2004-01-03,178,4,3,2,144,2,0,0,0,0,0,0.0,0.0,0.0,sofascore.com,2026-07-19,Senegal,SEN,I,CAF,15,1840,Pape Thiaw,False,False,False,False,7404851.0,22.4,0.6666666666666666,48.0,2,0,321950.04347826086,Developing(11-30),U23,17551735.269230768,456345117,27.088461538461537,26,1.25,0.0,2,1.25,72.0,,0.0,66.66666666666666,321950.04347826086,0.18181818181818182,48.0,0,0,0.24977007641611754,1.0316709854858908
880,34,Bara Sapoko Ndiaye,MID,FC Bayern München,4000000,1,2007-12-31,180,0,1,0,25,0,0,0,0,0,0,0.0,0.0,0.0,sofascore.com,2026-07-19,Senegal,SEN,I,CAF,15,1840,Pape Thiaw,False,False,False,False,4000000.0,18.4,0.0,25.0,0,0,2000000.0,Rookie(<=10),U23,17551735.269230768,456345117,27.088461538461537,26,0.0,0.0,0,0.0,,,0.0,0.0,2000000.0,0.0,25.0,0,3,-2.1376618203286486,1.2913954621563142
881,34,Mory Diaw,GK,Le Havre AC,900000,5,1993-06-22,197,0,3,2,237,0,0,0,0,0,0,1.0,3.0,3.0,sofascore.com,2026-07-19,Senegal,SEN,I,CAF,15,1840,Pape Thiaw,False,False,False,False,900000.0,33.0,0.6666666666666666,79.0,0,0,150000.0,Rookie(<=10),32+,17551735.269230768,456345117,27.088461538461537,26,0.0,0.0,0,0.0,,50.0,33.33333333333333,66.66666666666666,150000.0,0.0,79.0,0,0,-0.14739508198763032,-0.5736233628518618
882,34,Antoine Alpha Mendy,DEF,OGC Nice,10000000,7,2004-05-27,187,0,0,0,0,0,0,0,0,0,0,0.0,0.0,0.0,Unverified/Unknown,2026-07-19,Senegal,SEN,I,CAF,15,1840,Pape Thiaw,False,False,False,False,10000000.0,22.0,0.0,0.0,0,0,1250000.0,Rookie(<=10),U23,17551735.269230768,456345117,27.088461538461537,26,,,0,,,,,,1250000.0,0.0,0.0,0,3,-2.153799280168248,1.000300056662738
883,34,El Hadji Malick Diouf,DEF,West Ham United FC,28000000,21,2004-12-29,177,1,3,2,171,0,0,0,0,0,0,0.0,0.0,0.0,sofascore.com,2026-07-19,Senegal,SEN,I,CAF,15,1840,Pape Thiaw,False,False,False,False,28000000.0,21.4,0.6666666666666666,57.0,0,0,1272727.2727272727,Developing(11-30),U23,17551735.269230768,456345117,27.088461538461537,26,0.0,0.0,0,0.0,,,0.0,66.66666666666666,1272727.2727272727,0.047619047619047616,57.0,1,0,-0.431013344393303,1.2358126467124346
884,34,Pape Alassane Gueye,MID,Villarreal CF,40000000,43,1999-01-24,189,6,4,3,237,2,1,1,0,0,0,0.0,0.0,0.0,sofascore.com,2026-07-19,Senegal,SEN,I,CAF,15,1840,Pape Thiaw,False,False,False,False,40000000.0,27.4,0.75,59.25,3,1,909090.9090909091,Established(31-60),28-31,17551735.269230768,456345117,27.088461538461537,26,0.7594936708860759,0.37974683544303794,3,1.139240506329114,118.5,,0.0,75.0,909090.9090909091,0.13953488372093023,59.25,1,1,2.2404226636029474,1.4761648563938023
885,35,Talib Raheem Fahad Talib,GK,Al Talaba SC,4191494,21,1994-10-21,192,0,0,0,0,0,0,0,0,0,0,0.0,0.0,0.0,Unverified/Unknown,2026-07-19,Iraq,IRQ,I,AFC,55,1630,Graham Arnold,False,False,False,False,4191494.0,31.6,0.0,0.0,0,0,190522.45454545456,Developing(11-30),32+,4764176.192307692,123868581,26.915384615384614,26,,,0,,,,,,190522.45454545456,0.0,0.0,0,3,-1.8482043803914137,-0.9562560409744395
886,35,Ghareeb Solaka Rebin Sulaka,DEF,Port FC,3130321,56,1992-04-12,193,1,2,1,120,0,0,0,1,0,0,0.0,0.0,0.0,sofascore.com,2026-07-19,Iraq,IRQ,I,AFC,55,1630,Graham Arnold,False,False,False,False,3130321.0,34.2,0.5,60.0,0,3,54917.912280701756,Established(31-60),32+,4764176.192307692,123868581,26.915384615384614,26,0.0,0.0,0,0.0,,,0.0,50.0,54917.912280701756,0.017857142857142856,60.0,0,0,1.0036268256088967,-1.909567374486839
887,35,Haydar Hussein Hussein,DEF,Pogo ń  Szczecin,4940702,28,2002-03-01,182,1,2,2,163,0,0,0,0,0,0,0.0,0.0,0.0,sofascore.com,2026-07-19,Iraq,IRQ,I,AFC,55,1630,Graham Arnold,False,False,False,False,4940702.0,24.3,1.0,81.5,0,0,170369.0344827586,Developing(11-30),24-27,4764176.192307692,123868581,26.915384615384614,26,0.0,0.0,0,0.0,,,0.0,100.0,170369.0344827586,0.03571428571428571,81.5,0,0,-0.06409634259341974,-0.39706568742364845
888,35,Tahseen Abd Zaid Zaid,DEF,Pakhtakor Tashkent FK,2466618,29,2001-01-29,187,1,2,2,150,0,0,1,0,0,0,0.0,0.0,0.0,sofascore.com,2026-07-19,Iraq,IRQ,I,AFC,55,1630,Graham Arnold,False,False,False,False,2466618.0,25.4,1.0,75.0,0,1,82220.6,Developing(11-30),24-27,4764176.192307692,123868581,26.915384615384614,26,0.0,0.0,0,0.0,,,0.0,100.0,82220.6,0.034482758620689655,75.0,0,0,0.24010728686215904,-0.6252058226565909
889,35,Hashim Rahman Akam Hashim,DEF,Al Zawra'a SC,5802861,15,1998-08-16,184,1,3,3,270,0,0,0,0,0,0,0.0,0.0,0.0,sofascore.com,2026-07-19,Iraq,IRQ,I,AFC,55,1630,Graham Arnold,False,False,False,False,5802861.0,27.8,1.0,90.0,0,0,362678.8125,Developing(11-30),28-31,4764176.192307692,123868581,26.915384615384614,26,0.0,0.0,0,0.0,,,0.0,100.0,362678.8125,0.06666666666666667,90.0,0,0,0.049718445214247585,-0.6206045413910806
890,35,Younus Hashim Munaf Younus,DEF,Al Shorta SC,2278760,34,1996-11-16,184,1,1,0,74,0,0,0,0,0,0,0.0,0.0,0.0,sofascore.com,2026-07-19,Iraq,IRQ,I,AFC,55,1630,Graham Arnold,False,False,False,False,2278760.0,29.6,0.0,74.0,0,0,65107.42857142857,Established(31-60),28-31,4764176.192307692,123868581,26.915384615384614,26,0.0,0.0,0,0.0,,,0.0,0.0,65107.42857142857,0.029411764705882353,74.0,0,3,-0.8354795115868106,-1.020362534843238
891,35,Wali Faeq Youssef Amyn,MID,AEK Larnaca FC,7933218,27,2003-08-21,172,2,1,0,30,0,0,0,0,0,0,0.0,0.0,0.0,sofascore.com,2026-07-19,Iraq,IRQ,I,AFC,55,1630,Graham Arnold,False,False,False,False,7933218.0,22.8,0.0,30.0,0,0,283329.21428571426,Developing(11-30),U23,4764176.192307692,123868581,26.915384615384614,26,0.0,0.0,0,0.0,,,0.0,0.0,283329.21428571426,0.07407407407407407,30.0,0,3,-1.6847772841975357,-0.012442679871786481
892,35,Bayesh Kamil Ibrahim Bayesh,MID,Al Dhafra SCC,3339731,77,2000-05-01,180,8,3,3,236,0,0,0,0,0,0,0.0,0.0,0.0,sofascore.com,2026-07-19,Iraq,IRQ,I,AFC,55,1630,Graham Arnold,False,False,False,False,3339731.0,26.1,1.0,78.66666666666667,0,0,42817.0641025641,Veteran(60+),24-27,4764176.192307692,123868581,26.915384615384614,26,0.0,0.0,0,0.0,,,0.0,100.0,42817.0641025641,0.1038961038961039,78.66666666666667,0,0,0.8072346250719932,-1.323134610590862
893,35,Ibrahim Karim Ali Alhamadi,FWD,Luton Town FC,4997506,21,2002-03-01,187,5,3,2,180,0,0,0,0,0,0,0.0,0.0,0.0,sofascore.com,2026-07-19,Iraq,IRQ,I,AFC,55,1630,Graham Arnold,False,False,False,False,4997506.0,24.3,0.6666666666666666,60.0,0,0,227159.36363636365,Developing(11-30),24-27,4764176.192307692,123868581,26.915384615384614,26,0.0,0.0,0,0.0,,,0.0,66.66666666666666,227159.36363636365,0.23809523809523808,60.0,0,0,-0.6000492769160173,-0.32895042082560266
894,35,Ali Kadhim Mohanad Ali,FWD,Dibba FC,4631293,73,2000-06-20,183,26,1,0,12,0,0,0,0,0,0,0.0,0.0,0.0,sofascore.com,2026-07-19,Iraq,IRQ,I,AFC,55,1630,Graham Arnold,False,True,False,False,4631293.0,26.0,0.0,12.0,0,0,62585.04054054054,Veteran(60+),24-27,4764176.192307692,123868581,26.915384615384614,26,0.0,0.0,0,0.0,,,0.0,0.0,62585.04054054054,0.3561643835616438,12.0,0,3,-0.40396552910218686,-1.3750448339081065
895,35,Ihab Ahmed Ahmed,FWD,Nashville SC,5858031,4,2003-07-12,183,0,3,2,123,0,0,0,0,0,0,0.0,0.0,0.0,sofascore.com,2026-07-19,Iraq,IRQ,I,AFC,55,1630,Graham Arnold,False,False,False,False,5858031.0,22.9,0.6666666666666666,41.0,0,0,1171606.2,Rookie(<=10),U23,4764176.192307692,123868581,26.915384615384614,26,0.0,0.0,0,0.0,,,0.0,66.66666666666666,1171606.2,0.0,41.0,0,3,-1.2742230236571468,0.14830200284877548
896,35,Hasan Hachim Jalal Hassan,GK,Al Zawra'a SC,3176574,105,1991-05-18,188,0,2,1,134,0,0,0,0,0,0,0.0,7.0,4.0,sofascore.com,2026-07-19,Iraq,IRQ,I,AFC,55,1630,Graham Arnold,False,False,False,False,3176574.0,35.1,0.5,67.0,0,0,29967.67924528302,Veteran(60+),32+,4764176.192307692,123868581,26.915384615384614,26,0.0,0.0,0,0.0,,63.63636363636363,0.0,50.0,29967.67924528302,0.0,67.0,0,0,0.6468943130454218,-2.4589938303781063
897,35,Yousif Hashim Ali Yousif,FWD,Al Talaba SC,2275529,7,1996-01-19,180,1,1,0,33,0,0,0,0,0,0,0.0,0.0,0.0,sofascore.com,2026-07-19,Iraq,IRQ,I,AFC,55,1630,Graham Arnold,False,False,False,False,2275529.0,30.4,0.0,33.0,0,0,284441.125,Rookie(<=10),28-31,4764176.192307692,123868581,26.915384615384614,26,0.0,0.0,0,0.0,,,0.0,0.0,284441.125,0.14285714285714285,33.0,0,3,-1.6443523817689163,-0.7573887310521067
898,35,Aamar Iqbal Zidane,MID,FC Utrecht,4486768,26,2003-04-27,183,2,3,2,188,0,0,0,0,0,0,0.0,0.0,0.0,sofascore.com,2026-07-19,Iraq,IRQ,I,AFC,55,1630,Graham Arnold,False,False,False,False,4486768.0,23.1,0.6666666666666666,62.666666666666664,0,0,166176.59259259258,Developing(11-30),24-27,4764176.192307692,123868581,26.915384615384614,26,0.0,0.0,0,0.0,,,0.0,66.66666666666666,166176.59259259258,0.07692307692307693,62.666666666666664,0,0,-0.6690029340064737,-0.21895191195386393
899,35,Hasan Maknazi Ahmed Maknazi,DEF,Al Karma SC,6828960,7,2001-09-24,183,0,1,0,33,0,0,0,0,0,0,0.0,0.0,0.0,sofascore.com,2026-07-19,Iraq,IRQ,I,AFC,55,1630,Graham Arnold,False,False,False,False,6828960.0,24.7,0.0,33.0,0,0,853620.0,Rookie(<=10),24-27,4764176.192307692,123868581,26.915384615384614,26,0.0,0.0,0,0.0,,,0.0,0.0,853620.0,0.0,33.0,0,3,-1.887525438021431,0.011006477947646316
900,35,Fouad Aboud Amir Alammari,MID,KS Cracovia,7581781,52,1997-07-27,180,3,3,3,248,0,1,2,0,0,0,0.0,0.0,0.0,sofascore.com,2026-07-19,Iraq,IRQ,I,AFC,55,1630,Graham Arnold,False,False,False,False,7581781.0,28.9,1.0,82.66666666666667,1,2,143052.4716981132,Established(31-60),28-31,4764176.192307692,123868581,26.915384615384614,26,0.0,0.3629032258064516,1,0.3629032258064516,,,0.0,100.0,143052.4716981132,0.057692307692307696,82.66666666666667,0,0,1.7760811986785077,-0.7379081552680508
901,35,Jasim Elaibi Ali Jasim,FWD,Al Najmah SC,4564274,37,2004-01-20,178,2,2,2,130,0,0,0,0,0,0,0.0,0.0,0.0,sofascore.com,2026-07-19,Iraq,IRQ,I,AFC,55,1630,Graham Arnold,False,False,False,False,4564274.0,22.4,1.0,65.0,0,0,120112.47368421052,Established(31-60),U23,4764176.192307692,123868581,26.915384615384614,26,0.0,0.0,0,0.0,,,0.0,100.0,120112.47368421052,0.05405405405405406,65.0,0,0,-0.21554123928822191,-0.30165923182700966
902,35,Hussein Ghadhban Aymen,FWD,Al Karma SC,7872504,96,1996-03-22,190,34,2,2,116,1,0,0,0,0,1,0.0,0.0,0.0,sofascore.com,2026-07-19,Iraq,IRQ,I,AFC,55,1630,Graham Arnold,False,True,False,False,7872504.0,30.2,1.0,58.0,1,0,81159.8350515464,Veteran(60+),28-31,4764176.192307692,123868581,26.915384615384614,26,0.7758620689655172,0.0,1,0.7758620689655172,116.0,,0.0,100.0,81159.8350515464,0.3541666666666667,58.0,0,2,2.3396906905840504,-2.0528939552689134
903,35,Yakob William Kevin Yakob,MID,Aarhus GF,2241455,9,2000-10-10,180,0,1,0,23,0,0,0,0,0,0,0.0,0.0,0.0,sofascore.com,2026-07-19,Iraq,IRQ,I,AFC,55,1630,Graham Arnold,False,False,False,False,2241455.0,25.7,0.0,23.0,0,0,224145.5,Rookie(<=10),24-27,4764176.192307692,123868581,26.915384615384614,26,0.0,0.0,0,0.0,,,0.0,0.0,224145.5,0.0,23.0,0,3,-1.9915419768670082,-0.2329586950631601
904,35,Hazar Anwar Aimar,MID,Sarpsborg 08 FF,6237716,7,2002-12-20,180,0,1,0,22,0,0,0,0,0,0,0.0,0.0,0.0,sofascore.com,2026-07-19,Iraq,IRQ,I,AFC,55,1630,Graham Arnold,False,False,False,False,6237716.0,23.5,0.0,22.0,0,0,779714.5,Rookie(<=10),24-27,4764176.192307692,123868581,26.915384615384614,26,0.0,0.0,0,0.0,,,0.0,0.0,779714.5,0.0,22.0,0,3,-2.085618467053122,0.139318985035234
905,35,Jabbar Hussein Marko Farji,FWD,Venezia FC,6073820,13,2004-03-16,185,0,2,0,53,0,0,0,0,0,0,0.0,0.0,0.0,sofascore.com,2026-07-19,Iraq,IRQ,I,AFC,55,1630,Graham Arnold,False,False,False,False,6073820.0,22.2,0.0,26.5,0,0,433844.28571428574,Developing(11-30),U23,4764176.192307692,123868581,26.915384615384614,26,0.0,0.0,0,0.0,,,0.0,0.0,433844.28571428574,0.0,26.5,0,3,-2.01583789072526,0.20565054969605656
906,35,Basil Fadhil Ahmed,GK,Al Shorta SC,1997031,16,1996-08-19,184,0,2,2,136,0,0,0,0,0,0,0.0,9.0,8.0,sofascore.com,2026-07-19,Iraq,IRQ,I,AFC,55,1630,Graham Arnold,False,False,False,False,1997031.0,29.8,1.0,68.0,0,0,117472.41176470589,Developing(11-30),28-31,4764176.192307692,123868581,26.915384615384614,26,0.0,0.0,0,0.0,,52.94117647058824,0.0,100.0,117472.41176470589,0.0,68.0,0,0,-0.1988645302720573,-0.9158495512447479
907,35,Ghazi Salih Merchas,DEF,FC Viktoria Plze ň,6178241,32,1999-12-07,173,1,3,3,270,0,0,1,0,0,0,0.0,0.0,0.0,sofascore.com,2026-07-19,Iraq,IRQ,I,AFC,55,1630,Graham Arnold,False,False,False,False,6178241.0,26.5,1.0,90.0,0,1,187219.42424242425,Established(31-60),24-27,4764176.192307692,123868581,26.915384615384614,26,0.0,0.0,0,0.0,,,0.0,100.0,187219.42424242425,0.03125,90.0,0,0,0.5531620330974842,-0.700128653981599
908,35,Ismael Khaleel Zaid Ismael,MID,Al Talaba SC,5849632,7,2002-01-03,185,0,2,2,119,0,0,0,0,0,0,0.0,0.0,0.0,sofascore.com,2026-07-19,Iraq,IRQ,I,AFC,55,1630,Graham Arnold,False,False,False,False,5849632.0,24.4,1.0,59.5,0,0,731204.0,Rookie(<=10),24-27,4764176.192307692,123868581,26.915384615384614,26,0.0,0.0,0,0.0,,,0.0,100.0,731204.0,0.0,59.5,0,0,-0.6178372371321141,-0.10326395340083648
909,35,Saadoon Abbood Mustafa,DEF,Al Shorta SC,3219520,18,2001-05-25,181,0,1,0,17,0,0,0,0,0,0,0.0,0.0,0.0,sofascore.com,2026-07-19,Iraq,IRQ,I,AFC,55,1630,Graham Arnold,False,False,False,False,3219520.0,25.0,0.0,17.0,0,0,169448.42105263157,Developing(11-30),24-27,4764176.192307692,123868581,26.915384615384614,26,0.0,0.0,0,0.0,,,0.0,0.0,169448.42105263157,0.0,17.0,0,3,-1.9779929189660967,-0.22880527967632325
910,35,Dhia Jirjis Frans,DEF,Persib Bandung,5714241,28,1993-07-14,182,0,1,1,90,0,0,0,0,0,0,0.0,0.0,0.0,sofascore.com,2026-07-19,Iraq,IRQ,I,AFC,55,1630,Graham Arnold,False,False,False,False,5714241.0,32.9,1.0,90.0,0,0,197042.7931034483,Developing(11-30),32+,4764176.192307692,123868581,26.915384615384614,26,0.0,0.0,0,0.0,,,0.0,100.0,197042.7931034483,0.0,90.0,0,0,0.4019566558913349,-1.324050466801455
911,36,Ørjan Haskjold Nyland,GK,Sevilla FC,800000,72,1990-09-10,192,0,5,5,480,0,0,0,0,0,0,0.0,17.0,7.0,sofascore.com,2026-07-19,Norway,NOR,I,UEFA,44,1775,Ståle Solbakken,False,False,False,False,800000.0,35.8,1.0,96.0,0,0,10958.90410958904,Veteran(60+),32+,17890377.769230768,465149822,26.799999999999997,26,0.0,0.0,0,0.0,,70.83333333333334,0.0,100.0,10958.90410958904,0.0,96.0,0,0,1.2572373432058925,-1.892794890710252
912,36,Morten Thorsby,MID,US Cremonese,2800000,31,1996-05-05,188,0,1,0,44,0,0,0,0,0,0,0.0,0.0,0.0,sofascore.com,2026-07-19,Norway,NOR,I,UEFA,44,1775,Ståle Solbakken,False,False,False,False,2800000.0,30.1,0.0,44.0,0,0,87500.0,Established(31-60),28-31,17890377.769230768,465149822,26.799999999999997,26,0.0,0.0,0,0.0,,,0.0,0.0,87500.0,0.0,44.0,0,3,-1.0926174361777055,-0.5849127792850324
913,36,Kristoffer Vassbakk Köpp Ajer,DEF,Brentford FC,18000000,53,1998-04-17,198,2,5,5,480,0,0,1,0,0,0,0.0,0.0,0.0,sofascore.com,2026-07-19,Norway,NOR,I,UEFA,44,1775,Ståle Solbakken,False,False,False,False,18000000.0,28.2,1.0,96.0,0,1,333333.3333333333,Established(31-60),28-31,17890377.769230768,465149822,26.799999999999997,26,0.0,0.0,0,0.0,,,0.0,100.0,333333.3333333333,0.03773584905660377,96.0,1,0,1.2827138657423502,-0.45129243600983
914,36,Leo Skiri Ostigard,DEF,Genoa CFC,2823601,39,1999-11-28,183,2,5,1,144,1,0,0,0,0,0,0.0,0.0,0.0,sofascore.com,2026-07-19,Norway,NOR,I,UEFA,44,1775,Ståle Solbakken,False,False,False,False,2823601.0,26.5,0.2,28.8,1,0,70590.025,Established(31-60),24-27,17890377.769230768,465149822,26.799999999999997,26,0.625,0.0,1,0.625,144.0,,0.0,20.0,70590.025,0.05128205128205128,28.8,0,3,-0.6615966382777325,-0.06888108290598971
915,36,David Møller Moller Wolfe,DEF,Wolverhampton Wanderers FC,3655296,23,2002-04-23,185,1,5,5,433,0,1,0,0,0,0,0.0,0.0,0.0,sofascore.com,2026-07-19,Norway,NOR,I,UEFA,44,1775,Ståle Solbakken,False,False,False,False,3655296.0,24.1,1.0,86.6,1,0,152304.0,Developing(11-30),24-27,17890377.769230768,465149822,26.799999999999997,26,0.0,0.20785219399538105,1,0.20785219399538105,,,0.0,100.0,152304.0,0.043478260869565216,86.6,0,0,0.6077211071901653,0.5311220357672131
916,36,Patrick Berg,MID,FK Bodø/Glimt,8000000,44,1997-11-24,178,0,6,4,443,0,2,1,0,0,0,0.0,0.0,0.0,sofascore.com,2026-07-19,Norway,NOR,I,UEFA,44,1775,Ståle Solbakken,False,False,False,False,8000000.0,28.5,0.6666666666666666,73.83333333333333,2,1,177777.77777777778,Established(31-60),28-31,17890377.769230768,465149822,26.799999999999997,26,0.0,0.4063205417607223,2,0.4063205417607223,,,0.0,66.66666666666666,177777.77777777778,0.0,73.83333333333333,0,0,1.4705295651734342,0.42365301070524297
917,36,Alexander Sorloth,FWD,Atlético De Madrid,8599491,73,1995-12-05,196,26,5,5,341,0,0,0,0,0,0,0.0,0.0,0.0,sofascore.com,2026-07-19,Norway,NOR,I,UEFA,44,1775,Ståle Solbakken,False,True,False,False,8599491.0,30.5,1.0,68.2,0,0,116209.33783783784,Veteran(60+),28-31,17890377.769230768,465149822,26.799999999999997,26,0.0,0.0,0,0.0,,,0.0,100.0,116209.33783783784,0.3561643835616438,68.2,0,0,1.6685323613102738,-1.524426296684631
918,36,Sander Gard Bolin Berge,MID,Fulham FC,25000000,67,1998-02-14,195,1,5,5,480,0,0,0,0,0,0,0.0,0.0,0.0,sofascore.com,2026-07-19,Norway,NOR,I,UEFA,44,1775,Ståle Solbakken,False,False,False,False,25000000.0,28.3,1.0,96.0,0,0,367647.0588235294,Veteran(60+),28-31,17890377.769230768,465149822,26.799999999999997,26,0.0,0.0,0,0.0,,,0.0,100.0,367647.0588235294,0.014925373134328358,96.0,1,0,1.1466973731290888,-0.39069634148235116
919,36,Erling Braut Haaland,FWD,Manchester City FC,200000000,51,2000-07-21,195,57,5,5,465,7,0,0,0,0,0,0.0,0.0,0.0,sofascore.com,2026-07-19,Norway,NOR,I,UEFA,44,1775,Ståle Solbakken,True,True,False,False,109839062.6,25.9,1.0,93.0,7,0,3846153.846153846,Established(31-60),24-27,17890377.769230768,465149822,26.799999999999997,26,1.3548387096774195,0.0,7,1.3548387096774195,66.42857142857143,,0.0,100.0,3846153.846153846,1.1176470588235294,93.0,1,2,6.604150012405274,3.0523350698200757
920,36,Martín Odegaard,MID,Arsenal FC,6777131,69,1998-12-17,178,5,5,5,471,0,3,0,0,0,0,0.0,0.0,0.0,sofascore.com,2026-07-19,Norway,NOR,I,UEFA,44,1775,Ståle Solbakken,False,False,False,False,6777131.0,27.5,1.0,94.2,3,0,96816.15714285715,Veteran(60+),28-31,17890377.769230768,465149822,26.799999999999997,26,0.0,0.5732484076433121,3,0.5732484076433121,,,0.0,100.0,96816.15714285715,0.07246376811594203,94.2,0,1,2.646852770908559,0.6012381862849955
921,36,Jørgen Strand Strand Larsen,FWD,Crystal Palace FC,9498964,28,2000-02-06,193,6,2,1,105,0,0,0,0,0,0,0.0,0.0,0.0,sofascore.com,2026-07-19,Norway,NOR,I,UEFA,44,1775,Ståle Solbakken,False,False,False,False,9498964.0,26.3,0.5,52.5,0,0,327550.4827586207,Developing(11-30),24-27,17890377.769230768,465149822,26.799999999999997,26,0.0,0.0,0,0.0,,,0.0,50.0,327550.4827586207,0.21428571428571427,52.5,0,0,-0.43419410168747957,-0.11163254970006936
922,36,Sander Tangvik,GK,Hamburger SV,3000000,0,2002-11-29,193,0,0,0,0,0,0,0,0,0,0,0.0,0.0,0.0,Unverified/Unknown,2026-07-19,Norway,NOR,I,UEFA,44,1775,Ståle Solbakken,False,False,False,False,3000000.0,23.5,0.0,0.0,0,0,3000000.0,Rookie(<=10),24-27,17890377.769230768,465149822,26.799999999999997,26,,,0,,,,,,3000000.0,,0.0,0,3,-2.318160257710742,0.5551484172931468
923,36,Egil Selvik,GK,Watford FC,1500000,7,1997-07-30,187,0,1,1,90,0,0,0,0,0,0,0.0,4.0,4.0,sofascore.com,2026-07-19,Norway,NOR,I,UEFA,44,1775,Ståle Solbakken,False,False,False,False,1500000.0,28.9,1.0,90.0,0,0,187500.0,Rookie(<=10),28-31,17890377.769230768,465149822,26.799999999999997,26,0.0,0.0,0,0.0,,50.0,0.0,100.0,187500.0,0.0,90.0,0,0,0.08452642820726189,-0.34671290970837615
924,36,Fredrik Aursnes,MID,SL Benfica,15000000,23,1995-12-10,181,1,6,3,303,0,0,0,0,0,0,0.0,0.0,0.0,sofascore.com,2026-07-19,Norway,NOR,I,UEFA,44,1775,Ståle Solbakken,False,False,False,False,15000000.0,30.5,0.5,50.5,0,0,625000.0,Developing(11-30),28-31,17890377.769230768,465149822,26.799999999999997,26,0.0,0.0,0,0.0,,,0.0,50.0,625000.0,0.043478260869565216,50.5,0,0,-0.4484247114490496,-0.29187940371998605
925,36,Fredrik André Bjorkan,DEF,FK Bodø/Glimt,9608913,21,1998-08-21,180,1,1,1,46,0,0,0,0,0,0,0.0,0.0,0.0,sofascore.com,2026-07-19,Norway,NOR,I,UEFA,44,1775,Ståle Solbakken,False,False,False,False,9608913.0,27.8,1.0,46.0,0,0,436768.7727272727,Developing(11-30),28-31,17890377.769230768,465149822,26.799999999999997,26,0.0,0.0,0,0.0,,,0.0,100.0,436768.7727272727,0.047619047619047616,46.0,0,0,-0.2264310774113251,-0.15281134588172576
926,36,Marcus Holmgren Holmgren Pedersen,DEF,Torino FC,7064063,32,2000-07-16,184,0,4,1,234,1,0,0,0,0,0,0.0,0.0,0.0,sofascore.com,2026-07-19,Norway,NOR,I,UEFA,44,1775,Ståle Solbakken,False,False,False,False,7064063.0,25.9,0.25,58.5,1,0,214062.51515151514,Established(31-60),24-27,17890377.769230768,465149822,26.799999999999997,26,0.38461538461538464,0.0,1,0.38461538461538464,234.0,,0.0,25.0,214062.51515151514,0.0,58.5,0,3,-0.3786961772818123,0.1901290310423627
927,36,Torbjørn Lysaker Heggem,DEF,Bologna FC,13000000,16,1999-01-12,192,0,5,5,444,0,0,0,0,0,0,0.0,0.0,0.0,sofascore.com,2026-07-19,Norway,NOR,I,UEFA,44,1775,Ståle Solbakken,False,False,False,False,13000000.0,27.4,1.0,88.8,0,0,764705.8823529412,Developing(11-30),28-31,17890377.769230768,465149822,26.799999999999997,26,0.0,0.0,0,0.0,,,0.0,100.0,764705.8823529412,0.0,88.8,0,0,0.23219780929424963,0.01457016865511793
928,36,Kristian Thorstvedt,MID,US Sassuolo,12000000,38,1999-03-13,189,4,2,1,63,0,0,0,0,0,0,0.0,0.0,0.0,sofascore.com,2026-07-19,Norway,NOR,I,UEFA,44,1775,Ståle Solbakken,False,False,False,False,12000000.0,27.2,0.5,31.5,0,0,307692.3076923077,Established(31-60),28-31,17890377.769230768,465149822,26.799999999999997,26,0.0,0.0,0,0.0,,,0.0,50.0,307692.3076923077,0.10526315789473684,31.5,0,3,-0.5785179251550797,-0.2098739990737982
929,36,Thelonious Gerard Aasgaard,MID,Rangers FC,2800000,8,2002-05-02,188,5,1,1,90,1,0,0,0,0,0,0.0,0.0,0.0,sofascore.com,2026-07-19,Norway,NOR,I,UEFA,44,1775,Ståle Solbakken,False,False,False,False,2800000.0,24.1,1.0,90.0,1,0,311111.1111111111,Rookie(<=10),24-27,17890377.769230768,465149822,26.799999999999997,26,1.0,0.0,1,1.0,90.0,,0.0,100.0,311111.1111111111,0.625,90.0,0,0,0.4923490109463426,0.3720353644383138
930,36,Antonio Eromonsele Nordby Nusa,FWD,RB Leipzig,32000000,25,2005-04-17,183,8,6,4,319,1,0,1,0,0,0,0.0,0.0,0.0,sofascore.com,2026-07-19,Norway,NOR,I,UEFA,44,1775,Ståle Solbakken,False,False,False,False,32000000.0,21.1,0.6666666666666666,53.166666666666664,1,1,1230769.2307692308,Developing(11-30),U23,17890377.769230768,465149822,26.799999999999997,26,0.28213166144200624,0.0,1,0.28213166144200624,319.0,,0.0,66.66666666666666,1230769.2307692308,0.32,53.166666666666664,1,0,0.5421036826161566,1.2448671684349015
931,36,Andreas Rædergård Schjelderup,MID,SL Benfica,8222363,13,2004-06-01,177,1,6,2,251,1,2,0,0,0,0,0.0,0.0,0.0,sofascore.com,2026-07-19,Norway,NOR,I,UEFA,44,1775,Ståle Solbakken,False,False,False,False,8222363.0,22.0,0.3333333333333333,41.833333333333336,3,0,587311.6428571428,Developing(11-30),U23,17890377.769230768,465149822,26.799999999999997,26,0.35856573705179284,0.7171314741035857,3,1.0756972111553784,251.0,,0.0,33.33333333333333,587311.6428571428,0.07692307692307693,41.833333333333336,0,1,0.18842687701111327,1.8410961005442195
932,36,Oscar Bobb,MID,Fulham FC,28000000,21,2003-07-12,177,2,6,1,222,0,0,0,0,0,0,0.0,0.0,0.0,sofascore.com,2026-07-19,Norway,NOR,I,UEFA,44,1775,Ståle Solbakken,False,False,False,False,28000000.0,22.9,0.16666666666666666,37.0,0,0,1272727.2727272727,Developing(11-30),U23,17890377.769230768,465149822,26.799999999999997,26,0.0,0.0,0,0.0,,,0.0,16.666666666666664,1272727.2727272727,0.09523809523809523,37.0,1,3,-1.1333304501435044,0.9413132403640389
933,36,Jens Petter Hauge,MID,FK Bodø/Glimt,12000000,15,1999-10-12,184,1,1,0,7,0,0,0,0,0,0,0.0,0.0,0.0,sofascore.com,2026-07-19,Norway,NOR,I,UEFA,44,1775,Ståle Solbakken,False,False,False,False,12000000.0,26.7,0.0,7.0,0,0,750000.0,Developing(11-30),24-27,17890377.769230768,465149822,26.799999999999997,26,0.0,0.0,0,0.0,,,0.0,0.0,750000.0,0.06666666666666667,7.0,0,3,-1.77449374326199,0.23503663909557196
934,36,Sondre Klingen Langas,DEF,Derby County FC,4000000,3,2001-02-02,190,0,1,0,24,0,0,0,0,0,0,0.0,0.0,0.0,sofascore.com,2026-07-19,Norway,NOR,I,UEFA,44,1775,Ståle Solbakken,False,False,False,False,4000000.0,25.4,0.0,24.0,0,0,1000000.0,Rookie(<=10),24-27,17890377.769230768,465149822,26.799999999999997,26,0.0,0.0,0,0.0,,,0.0,0.0,1000000.0,0.0,24.0,0,3,-1.8845363388770882,0.3126435107328384
935,36,Henrik Sælebakke Falchener,DEF,Viking Stavanger,6000000,1,2003-05-08,194,0,1,1,66,0,0,0,0,0,0,0.0,0.0,0.0,sofascore.com,2026-07-19,Norway,NOR,I,UEFA,44,1775,Ståle Solbakken,False,False,False,False,6000000.0,23.1,1.0,66.0,0,0,3000000.0,Rookie(<=10),24-27,17890377.769230768,465149822,26.799999999999997,26,0.0,0.0,0,0.0,,,0.0,100.0,3000000.0,0.0,66.0,0,0,-0.5034832167354991,0.5066909039662503
936,36,Julian Ryerson,FWD,Borussia Dortmund,25000000,44,1997-11-17,186,1,4,4,226,0,0,0,0,0,0,0.0,0.0,0.0,sofascore.com,2026-07-19,Norway,NOR,I,UEFA,44,1775,Ståle Solbakken,False,False,False,False,25000000.0,28.6,1.0,56.5,0,0,555555.5555555555,Established(31-60),28-31,17890377.769230768,465149822,26.799999999999997,26,0.0,0.0,0,0.0,,,0.0,100.0,555555.5555555555,0.022727272727272728,56.5,1,0,0.38315527029578567,-0.11994490706905629
937,37,Juan Agustín Musso,GK,Atlético De Madrid,3000000,4,1994-05-06,193,0,0,0,0,0,0,0,0,0,0,0.0,0.0,0.0,Unverified/Unknown,2026-07-19,Argentina,ARG,J,CONMEBOL,1,2150,Lionel Scaloni,False,False,False,False,3000000.0,32.1,0.0,0.0,0,0,600000.0,Rookie(<=10),32+,39424594.0,1025039444,29.126923076923074,26,,,0,,,,,,600000.0,0.0,0.0,0,3,-1.4617165265146963,0.5817552267563421
938,37,Marcos Nicolás Senesi,DEF,AFC Bournemouth,140833138,3,1997-05-10,185,0,2,1,109,0,0,0,0,0,0,0.0,0.0,0.0,sofascore.com,2026-07-19,Argentina,ARG,J,CONMEBOL,1,2150,Lionel Scaloni,True,False,False,False,109839062.6,29.1,0.5,54.5,0,0,35208284.5,Rookie(<=10),28-31,39424594.0,1025039444,29.126923076923074,26,0.0,0.0,0,0.0,,,0.0,50.0,35208284.5,0.0,54.5,1,1,0.6706285204709079,3.5960496513114864
939,37,Nicolás Alejandro Tagliafico,DEF,Olympique Lyonnais,4000000,76,1992-08-31,172,1,7,5,478,0,0,0,0,0,0,0.0,0.0,0.0,sofascore.com,2026-07-19,Argentina,ARG,J,CONMEBOL,1,2150,Lionel Scaloni,False,False,False,False,4000000.0,33.8,0.7142857142857143,68.28571428571429,0,0,51948.05194805195,Veteran(60+),32+,39424594.0,1025039444,29.126923076923074,26,0.0,0.0,0,0.0,,,0.0,71.42857142857143,51948.05194805195,0.013157894736842105,68.28571428571429,0,0,1.0836497206997922,-0.5681459395026893
940,37,Gonzalo Ariel Montiel,DEF,CA River Plate,4500000,40,1997-01-01,175,2,6,2,189,0,0,0,0,0,0,0.0,0.0,0.0,sofascore.com,2026-07-19,Argentina,ARG,J,CONMEBOL,1,2150,Lionel Scaloni,False,False,False,False,4500000.0,29.4,0.3333333333333333,31.5,0,0,109756.09756097561,Established(31-60),28-31,39424594.0,1025039444,29.126923076923074,26,0.0,0.0,0,0.0,,,0.0,33.33333333333333,109756.09756097561,0.05,31.5,0,3,-0.3418355507439033,0.4068812592213755
941,37,Leandro Daniel Paredes,MID,CA Boca Juniors,5000000,77,1994-06-29,182,5,7,4,473,0,0,2,1,0,0,0.0,0.0,0.0,sofascore.com,2026-07-19,Argentina,ARG,J,CONMEBOL,1,2150,Lionel Scaloni,False,False,False,False,5000000.0,32.0,0.5714285714285714,67.57142857142857,0,5,64102.5641025641,Veteran(60+),32+,39424594.0,1025039444,29.126923076923074,26,0.0,0.0,0,0.0,,,0.0,57.14285714285714,64102.5641025641,0.06493506493506493,67.57142857142857,0,0,2.7683462683969395,-0.5873767730638988
942,37,Lisandro Martinez,DEF,Manchester United FC,40000000,29,1998-01-18,175,1,7,7,625,1,0,2,0,0,0,0.0,0.0,0.0,sofascore.com,2026-07-19,Argentina,ARG,J,CONMEBOL,1,2150,Lionel Scaloni,False,False,False,False,40000000.0,28.4,1.0,89.28571428571429,1,2,1333333.3333333333,Developing(11-30),28-31,39424594.0,1025039444,29.126923076923074,26,0.14400000000000002,0.0,1,0.14400000000000002,625.0,,0.0,100.0,1333333.3333333333,0.034482758620689655,89.28571428571429,1,1,2.3036862717907076,1.6386323610011146
943,37,Rodrigo Javier De Paul,MID,Inter Miami CF,14000000,88,1994-05-24,178,2,7,6,494,0,1,0,0,0,0,0.0,0.0,0.0,sofascore.com,2026-07-19,Argentina,ARG,J,CONMEBOL,1,2150,Lionel Scaloni,False,False,False,False,14000000.0,32.0,0.8571428571428571,70.57142857142857,1,0,157303.37078651684,Veteran(60+),32+,39424594.0,1025039444,29.126923076923074,26,0.0,0.18218623481781376,1,0.18218623481781376,,,0.0,85.71428571428571,157303.37078651684,0.022727272727272728,70.57142857142857,0,1,1.9830830959150076,0.20677734234254308
944,37,Valentin Barco,MID,RC Strasbourg,40000000,4,2004-07-23,172,2,1,0,19,0,0,0,0,0,0,0.0,0.0,0.0,sofascore.com,2026-07-19,Argentina,ARG,J,CONMEBOL,1,2150,Lionel Scaloni,False,False,False,False,40000000.0,21.9,0.0,19.0,0,0,8000000.0,Rookie(<=10),U23,39424594.0,1025039444,29.126923076923074,26,0.0,0.0,0,0.0,,,0.0,0.0,8000000.0,0.5,19.0,1,3,-1.2255146712572975,2.6230606075030485
945,37,Julián Alvarez,FWD,Atlético De Madrid,100000000,52,2000-01-31,170,14,8,5,601,2,0,0,0,0,0,0.0,0.0,0.0,sofascore.com,2026-07-19,Argentina,ARG,J,CONMEBOL,1,2150,Lionel Scaloni,True,True,False,False,100000000.0,26.4,0.625,75.125,2,0,1886792.4528301887,Established(31-60),24-27,39424594.0,1025039444,29.126923076923074,26,0.2995008319467554,0.0,2,0.2995008319467554,300.5,,0.0,62.5,1886792.4528301887,0.2692307692307692,75.125,1,1,2.759145963889029,3.2993514122542082
946,37,Lionel Andrés Messi,FWD,Inter Miami CF,15000000,200,1987-06-24,170,120,8,7,740,8,4,0,0,1,0,0.0,0.0,0.0,sofascore.com,2026-07-19,Argentina,ARG,J,CONMEBOL,1,2150,Lionel Scaloni,False,True,True,True,15000000.0,39.0,0.875,92.5,12,0,74626.86567164179,Veteran(60+),32+,39424594.0,1025039444,29.126923076923074,26,0.972972972972973,0.4864864864864865,12,1.4594594594594597,92.5,,0.0,87.5,74626.86567164179,0.6,92.5,0,2,13.048789638719205,-0.4114164227589392
947,37,Giovani Lo Celso,MID,Real Betis,8000000,67,1996-04-09,177,4,1,1,60,1,0,0,0,0,0,0.0,0.0,0.0,sofascore.com,2026-07-19,Argentina,ARG,J,CONMEBOL,1,2150,Lionel Scaloni,False,False,False,False,8000000.0,30.2,1.0,60.0,1,0,117647.05882352941,Veteran(60+),28-31,39424594.0,1025039444,29.126923076923074,26,1.5,0.0,1,1.5,60.0,,0.0,100.0,117647.05882352941,0.05970149253731343,60.0,0,0,1.552174327965876,0.2168807983408758
948,37,Geronimo Rulli,GK,Olympique Marseille,6000000,8,1992-05-20,189,0,0,0,0,0,0,0,0,0,0,0.0,0.0,0.0,Unverified/Unknown,2026-07-19,Argentina,ARG,J,CONMEBOL,1,2150,Lionel Scaloni,False,False,False,False,6000000.0,34.1,0.0,0.0,0,0,666666.6666666666,Rookie(<=10),32+,39424594.0,1025039444,29.126923076923074,26,,,0,,,,,,666666.6666666666,0.0,0.0,0,3,-1.2917019269356202,0.39070770266614785
949,37,Cristian Gabriel Romero,DEF,Tottenham Hotspur FC,45000000,52,1998-04-27,185,3,7,7,611,1,0,2,0,0,0,0.0,0.0,0.0,sofascore.com,2026-07-19,Argentina,ARG,J,CONMEBOL,1,2150,Lionel Scaloni,True,False,False,False,45000000.0,28.1,1.0,87.28571428571429,1,2,849056.6037735849,Established(31-60),28-31,39424594.0,1025039444,29.126923076923074,26,0.14729950900163666,0.0,1,0.14729950900163666,611.0,,0.0,100.0,849056.6037735849,0.057692307692307696,87.28571428571429,1,1,2.6681584342818607,1.5025002494798274
950,37,Exequiel Alejandro Palacios,MID,Bayer 04 Leverkusen,25000000,40,1998-10-05,177,0,1,1,90,0,0,0,0,0,0,0.0,0.0,0.0,sofascore.com,2026-07-19,Argentina,ARG,J,CONMEBOL,1,2150,Lionel Scaloni,False,False,False,False,25000000.0,27.7,1.0,90.0,0,0,609756.0975609756,Established(31-60),28-31,39424594.0,1025039444,29.126923076923074,26,0.0,0.0,0,0.0,,,0.0,100.0,609756.0975609756,0.0,90.0,1,0,1.1008945759443018,1.0411938792096698
951,37,Nicolas Ivan Gonzalez,MID,Atlético De Madrid,22000000,52,1998-04-06,180,6,7,1,255,0,1,0,0,0,0,0.0,0.0,0.0,sofascore.com,2026-07-19,Argentina,ARG,J,CONMEBOL,1,2150,Lionel Scaloni,False,False,False,False,22000000.0,28.2,0.14285714285714285,36.42857142857143,1,0,415094.3396226415,Established(31-60),28-31,39424594.0,1025039444,29.126923076923074,26,0.0,0.3529411764705882,1,0.3529411764705882,,,0.0,14.285714285714285,415094.3396226415,0.11538461538461539,36.42857142857143,1,1,0.48006515368998265,1.289087737732453
952,37,Thiago Ezequiel Almada,FWD,Atlético De Madrid,15000000,17,2001-04-26,171,5,5,3,242,0,0,1,0,0,0,0.0,0.0,0.0,sofascore.com,2026-07-19,Argentina,ARG,J,CONMEBOL,1,2150,Lionel Scaloni,False,False,False,False,15000000.0,25.1,0.6,48.4,0,1,833333.3333333334,Developing(11-30),24-27,39424594.0,1025039444,29.126923076923074,26,0.0,0.0,0,0.0,,,0.0,60.0,833333.3333333334,0.29411764705882354,48.4,0,0,0.2160554628709147,1.2958551816482027
953,37,Giuliano Simeone,FWD,Atlético De Madrid,40000000,13,2002-12-18,174,2,3,2,194,0,0,0,0,0,0,0.0,0.0,0.0,sofascore.com,2026-07-19,Argentina,ARG,J,CONMEBOL,1,2150,Lionel Scaloni,False,False,False,False,40000000.0,23.5,0.6666666666666666,64.66666666666667,0,0,2857142.8571428573,Developing(11-30),24-27,39424594.0,1025039444,29.126923076923074,26,0.0,0.0,0,0.0,,,0.0,66.66666666666666,2857142.8571428573,0.15384615384615385,64.66666666666667,1,1,0.17003545244527846,2.2330398902704776
954,37,Nicolas Paz,FWD,Como,91126651,10,2004-09-08,185,1,2,1,70,0,0,0,0,0,0,0.0,0.0,0.0,sofascore.com,2026-07-19,Argentina,ARG,J,CONMEBOL,1,2150,Lionel Scaloni,True,False,False,False,91126651.0,21.8,0.5,35.0,0,0,8284241.0,Rookie(<=10),U23,39424594.0,1025039444,29.126923076923074,26,0.0,0.0,0,0.0,,,0.0,50.0,8284241.0,0.1,35.0,1,1,0.02330284227988315,3.842543366284727
955,37,Nicolas Hernan Gonzalo Otamendi,DEF,SL Benfica,1000000,133,1988-02-12,182,8,7,1,244,0,0,0,0,0,0,0.0,0.0,0.0,sofascore.com,2026-07-19,Argentina,ARG,J,CONMEBOL,1,2150,Lionel Scaloni,False,False,True,False,1000000.0,38.3,0.14285714285714285,34.857142857142854,0,0,7462.686567164179,Veteran(60+),32+,39424594.0,1025039444,29.126923076923074,26,0.0,0.0,0,0.0,,,0.0,14.285714285714285,7462.686567164179,0.06015037593984962,34.857142857142854,0,0,1.2264376269378745,-1.8393092887474984
956,37,Alexis Mac Allister,MID,Liverpool FC,70000000,47,1998-12-24,176,6,8,7,750,1,1,1,0,0,0,0.0,0.0,0.0,sofascore.com,2026-07-19,Argentina,ARG,J,CONMEBOL,1,2150,Lionel Scaloni,True,False,False,True,70000000.0,27.5,0.875,93.75,2,1,1458333.3333333333,Established(31-60),28-31,39424594.0,1025039444,29.126923076923074,26,0.12,0.12,2,0.24,750.0,,0.0,87.5,1458333.3333333333,0.1276595744680851,93.75,1,1,3.0847643328688976,2.7551274485326185
957,37,Jose Manuel Alberto Lopez,FWD,SE Palmeiras,25000000,5,2000-12-06,190,0,2,0,18,0,1,1,0,0,0,0.0,0.0,0.0,sofascore.com,2026-07-19,Argentina,ARG,J,CONMEBOL,1,2150,Lionel Scaloni,False,False,False,False,25000000.0,25.5,0.0,9.0,1,1,4166666.6666666665,Rookie(<=10),24-27,39424594.0,1025039444,29.126923076923074,26,0.0,5.0,1,5.0,,,0.0,0.0,4166666.6666666665,0.0,9.0,1,1,-0.5248848760396697,2.3173389156684774
958,37,Lautaro Javier Martinez,FWD,FC Internazionale Milano,85000000,78,1997-08-22,175,37,7,4,310,3,0,1,0,1,0,0.0,0.0,0.0,sofascore.com,2026-07-19,Argentina,ARG,J,CONMEBOL,1,2150,Lionel Scaloni,True,True,False,False,85000000.0,28.8,0.5714285714285714,44.285714285714285,3,1,1075949.3670886075,Veteran(60+),28-31,39424594.0,1025039444,29.126923076923074,26,0.8709677419354839,0.0,3,0.8709677419354839,103.33333333333333,,0.0,57.14285714285714,1075949.3670886075,0.47435897435897434,44.285714285714285,1,2,4.1635399880650255,2.199962942737321
959,37,Damián Emiliano Martinez,GK,Aston Villa FC,12000000,60,1992-09-02,195,0,8,8,810,0,0,0,0,0,0,2.0,23.0,8.0,sofascore.com,2026-07-19,Argentina,ARG,J,CONMEBOL,1,2150,Lionel Scaloni,False,False,False,True,12000000.0,33.8,1.0,101.25,0,0,196721.31147540984,Established(31-60),32+,39424594.0,1025039444,29.126923076923074,26,0.0,0.0,0,0.0,,74.19354838709677,25.0,100.0,196721.31147540984,0.0,101.25,0,0,1.624879837170111,-0.21665448220533334
960,37,Enzo Jeremías Fernandez,MID,Chelsea FC,90000000,43,2001-01-17,178,6,7,7,663,1,0,2,1,0,0,0.0,0.0,0.0,sofascore.com,2026-07-19,Argentina,ARG,J,CONMEBOL,1,2150,Lionel Scaloni,True,False,False,True,90000000.0,25.4,1.0,94.71428571428571,1,5,2045454.5454545454,Established(31-60),24-27,39424594.0,1025039444,29.126923076923074,26,0.13574660633484165,0.0,1,0.13574660633484165,663.0,,0.0,100.0,2045454.5454545454,0.13953488372093023,94.71428571428571,1,1,4.153996773192091,2.907465185705509
961,37,Facundo Axel Medina,DEF,Olympique Marseille,18000000,10,1999-05-28,184,0,5,3,309,0,1,1,0,0,0,0.0,0.0,0.0,sofascore.com,2026-07-19,Argentina,ARG,J,CONMEBOL,1,2150,Lionel Scaloni,False,False,False,False,18000000.0,27.0,0.6,61.8,1,1,1636363.6363636365,Rookie(<=10),24-27,39424594.0,1025039444,29.126923076923074,26,0.0,0.29126213592233013,1,0.29126213592233013,,,0.0,60.0,1636363.6363636365,0.0,61.8,1,1,0.7696795505939215,1.8033678585946629
962,37,Nahuel Molina,DEF,Atlético De Madrid,105579655,59,1998-04-06,179,1,7,5,531,0,0,0,0,0,0,0.0,0.0,0.0,sofascore.com,2026-07-19,Argentina,ARG,J,CONMEBOL,1,2150,Lionel Scaloni,True,False,False,False,105579655.0,28.2,0.7142857142857143,75.85714285714286,0,0,1759660.9166666667,Established(31-60),28-31,39424594.0,1025039444,29.126923076923074,26,0.0,0.0,0,0.0,,,0.0,71.42857142857143,1759660.9166666667,0.01694915254237288,75.85714285714286,1,1,1.7793546983966653,2.877292039456221
963,38,Melvin Feycal Mastil,GK,FC Stade Nyonnais,300000,2,2000-02-19,194,0,0,0,0,0,0,0,0,0,0,0.0,0.0,0.0,Unverified/Unknown,2026-07-19,Algeria,ALG,J,CAF,28,1760,Vladimir Petković,False,False,False,False,300000.0,26.3,0.0,0.0,0,0,100000.0,Rookie(<=10),24-27,8813110.0,229140860,26.846153846153847,26,,,0,,,,,,100000.0,0.0,0.0,0,3,-2.2130273075559805,0.10954246394718527
964,38,Aissa Mandi,DEF,Lille OSC,1000000,120,1991-10-22,184,8,4,4,360,0,0,0,0,0,0,0.0,0.0,0.0,sofascore.com,2026-07-19,Algeria,ALG,J,CAF,28,1760,Vladimir Petković,False,False,True,False,1000000.0,34.6,1.0,90.0,0,0,8264.462809917355,Veteran(60+),32+,8813110.0,229140860,26.846153846153847,26,0.0,0.0,0,0.0,,,0.0,100.0,8264.462809917355,0.06666666666666667,90.0,0,0,1.9786376112369257,-2.482131345307622
965,38,Achref Abada,DEF,USM Alger,1000000,10,1999-06-15,185,1,0,0,0,0,0,0,0,0,0,0.0,0.0,0.0,Unverified/Unknown,2026-07-19,Algeria,ALG,J,CAF,28,1760,Vladimir Petković,False,False,False,False,1000000.0,27.0,0.0,0.0,0,0,90909.09090909091,Rookie(<=10),24-27,8813110.0,229140860,26.846153846153847,26,,,0,,,,,,90909.09090909091,0.1,0.0,0,3,-2.041668601730851,-0.05990915393040195
966,38,Mohamed Amine Tougai,DEF,Espérance De Tunisie,1300000,30,2000-01-22,186,2,0,0,0,0,0,0,0,0,0,0.0,0.0,0.0,Unverified/Unknown,2026-07-19,Algeria,ALG,J,CAF,28,1760,Vladimir Petković,False,False,False,False,1300000.0,26.4,0.0,0.0,0,0,41935.48387096774,Developing(11-30),24-27,8813110.0,229140860,26.846153846153847,26,,,0,,,,,,41935.48387096774,0.06666666666666667,0.0,0,3,-1.7860886812581214,-0.2346828425753296
967,38,Zineddine Belaid,DEF,JS Kabylie,1800000,18,1999-03-20,186,1,2,0,23,0,0,0,0,0,0,0.0,0.0,0.0,sofascore.com,2026-07-19,Algeria,ALG,J,CAF,28,1760,Vladimir Petković,False,False,False,False,1800000.0,27.2,0.0,11.5,0,0,94736.84210526316,Developing(11-30),28-31,8813110.0,229140860,26.846153846153847,26,0.0,0.0,0,0.0,,,0.0,0.0,94736.84210526316,0.05555555555555555,11.5,0,3,-1.7821779628068348,-0.16509435542583153
968,38,Ramiz Larbi Zerrouki,MID,FC Twente,6500000,54,1998-05-26,183,3,3,2,111,0,0,1,0,0,0,0.0,0.0,0.0,sofascore.com,2026-07-19,Algeria,ALG,J,CAF,28,1760,Vladimir Petković,False,False,False,False,6500000.0,28.0,0.6666666666666666,37.0,0,1,118181.81818181818,Established(31-60),28-31,8813110.0,229140860,26.846153846153847,26,0.0,0.0,0,0.0,,,0.0,66.66666666666666,118181.81818181818,0.05555555555555555,37.0,0,0,0.12317670606756409,-0.7091917216389925
969,38,Riyad Karim Mahrez,FWD,Al Ahli FC,5000000,117,1991-02-21,179,38,4,3,282,2,2,0,0,0,0,0.0,0.0,0.0,sofascore.com,2026-07-19,Algeria,ALG,J,CAF,28,1760,Vladimir Petković,False,True,True,False,5000000.0,35.3,0.75,70.5,4,0,42372.8813559322,Veteran(60+),32+,8813110.0,229140860,26.846153846153847,26,0.6382978723404256,0.6382978723404256,4,1.2765957446808511,141.0,,0.0,75.0,42372.8813559322,0.3247863247863248,70.5,0,2,4.47781247384738,-1.4127960555842234
970,38,Houssem-Eddine Chaabane Aouar,MID,Al Ittihad,8000000,24,1998-06-30,175,6,3,2,174,0,2,0,0,0,0,0.0,0.0,0.0,sofascore.com,2026-07-19,Algeria,ALG,J,CAF,28,1760,Vladimir Petković,False,False,False,False,8000000.0,27.9,0.6666666666666666,58.0,2,0,320000.0,Developing(11-30),28-31,8813110.0,229140860,26.846153846153847,26,0.0,1.0344827586206897,2,1.0344827586206897,,,0.0,66.66666666666666,320000.0,0.25,58.0,0,0,0.8421810075270355,0.6316725601983635
971,38,Amine Ferid Gouiri,FWD,Olympique Marseille,6320339,24,2000-02-16,180,10,4,3,253,1,0,0,0,0,0,0.0,0.0,0.0,sofascore.com,2026-07-19,Algeria,ALG,J,CAF,28,1760,Vladimir Petković,False,False,False,False,6320339.0,26.3,0.75,63.25,1,0,252813.56,Developing(11-30),24-27,8813110.0,229140860,26.846153846153847,26,0.3557312252964427,0.0,1,0.3557312252964427,253.0,,0.0,75.0,252813.56,0.4166666666666667,63.25,0,0,0.4047054486369254,-0.043131709582333665
972,38,Fares Chaibi,MID,Eintracht Frankfurt,15000000,32,2002-11-28,183,3,4,4,360,0,0,1,0,0,0,0.0,0.0,0.0,sofascore.com,2026-07-19,Algeria,ALG,J,CAF,28,1760,Vladimir Petković,False,False,False,False,15000000.0,23.5,1.0,90.0,0,1,454545.45454545453,Established(31-60),24-27,8813110.0,229140860,26.846153846153847,26,0.0,0.0,0,0.0,,,0.0,100.0,454545.45454545453,0.09375,90.0,0,0,0.7262073211836902,0.18505034712505697
973,38,Anis Hadj Moussa,FWD,Feyenoord Rotterdam,23000000,16,2002-02-11,176,2,3,1,97,0,0,0,0,0,0,0.0,0.0,0.0,sofascore.com,2026-07-19,Algeria,ALG,J,CAF,28,1760,Vladimir Petković,False,False,False,False,23000000.0,24.3,0.3333333333333333,32.333333333333336,0,0,1352941.1764705882,Developing(11-30),24-27,8813110.0,229140860,26.846153846153847,26,0.0,0.0,0,0.0,,,0.0,33.33333333333333,1352941.1764705882,0.125,32.333333333333336,1,3,-1.0990930162313493,0.6611582854449902
974,38,Ahmed Nadhir Benbouali,FWD,Györi ETO FC,600000,4,2000-04-17,190,1,1,0,45,1,0,0,0,0,0,0.0,0.0,0.0,sofascore.com,2026-07-19,Algeria,ALG,J,CAF,28,1760,Vladimir Petković,False,False,False,False,600000.0,26.1,0.0,45.0,1,0,120000.0,Rookie(<=10),24-27,8813110.0,229140860,26.846153846153847,26,2.0,0.0,1,2.0,45.0,,0.0,0.0,120000.0,0.25,45.0,0,3,-1.1713008292360634,0.304768894247624
975,38,Jaouen Djimmy Hadjam,DEF,BSC Young Boys,7000000,18,2003-03-26,185,3,3,1,108,0,0,0,0,0,0,0.0,0.0,0.0,sofascore.com,2026-07-19,Algeria,ALG,J,CAF,28,1760,Vladimir Petković,False,False,False,False,7000000.0,23.2,0.3333333333333333,36.0,0,0,368421.05263157893,Developing(11-30),24-27,8813110.0,229140860,26.846153846153847,26,0.0,0.0,0,0.0,,,0.0,33.33333333333333,368421.05263157893,0.16666666666666666,36.0,0,3,-1.2101752133607655,0.3253097619966251
976,38,Hicham Boudaoui,MID,OGC Nice,12000000,35,1999-09-23,175,0,3,2,128,0,0,1,0,0,0,0.0,0.0,0.0,sofascore.com,2026-07-19,Algeria,ALG,J,CAF,28,1760,Vladimir Petković,False,False,False,False,12000000.0,26.7,0.6666666666666666,42.666666666666664,0,1,333333.3333333333,Established(31-60),24-27,8813110.0,229140860,26.846153846153847,26,0.0,0.0,0,0.0,,,0.0,66.66666666666666,333333.3333333333,0.0,42.666666666666664,0,0,-0.1434103765729776,-0.15619078893283928
977,38,Rayan Ait-Nouri,DEF,Manchester City FC,40000000,31,2001-06-06,180,0,4,3,284,0,0,0,0,0,0,0.0,0.0,0.0,sofascore.com,2026-07-19,Algeria,ALG,J,CAF,28,1760,Vladimir Petković,False,False,False,False,40000000.0,25.0,0.75,71.0,0,0,1250000.0,Established(31-60),24-27,8813110.0,229140860,26.846153846153847,26,0.0,0.0,0,0.0,,,0.0,75.0,1250000.0,0.0,71.0,1,0,0.10920145892217539,0.8065444298264058
978,38,Oussama Benbot,GK,USM Alger,850000,3,1994-10-11,188,0,1,1,90,0,0,0,0,0,0,0.0,0.0,3.0,sofascore.com,2026-07-19,Algeria,ALG,J,CAF,28,1760,Vladimir Petković,False,False,False,False,850000.0,31.7,1.0,90.0,0,0,212500.0,Rookie(<=10),32+,8813110.0,229140860,26.846153846153847,26,0.0,0.0,0,0.0,,0.0,0.0,100.0,212500.0,0.0,90.0,0,0,0.13767225958859916,-0.6694643996814889
979,38,Rafik Belghali,DEF,Hellas Verona FC,7000000,14,2002-06-07,180,1,4,4,333,1,0,0,0,0,0,0.0,0.0,0.0,sofascore.com,2026-07-19,Algeria,ALG,J,CAF,28,1760,Vladimir Petković,False,False,False,False,7000000.0,24.0,1.0,83.25,1,0,466666.6666666667,Developing(11-30),24-27,8813110.0,229140860,26.846153846153847,26,0.2702702702702703,0.0,1,0.2702702702702703,333.0,,0.0,100.0,466666.6666666667,0.07142857142857142,83.25,0,0,0.36434220431674846,0.4546509453398311
980,38,Mohammed Elamine Amoura,FWD,VfL Wolfsburg,20000000,48,2000-05-09,170,19,1,0,26,0,0,0,0,0,0,0.0,0.0,0.0,sofascore.com,2026-07-19,Algeria,ALG,J,CAF,28,1760,Vladimir Petković,False,True,False,False,20000000.0,26.1,0.0,26.0,0,0,408163.2653061224,Established(31-60),24-27,8813110.0,229140860,26.846153846153847,26,0.0,0.0,0,0.0,,,0.0,0.0,408163.2653061224,0.3958333333333333,26.0,1,3,-0.4665739022094793,-0.2359652669168212
981,38,Nabil Bentaleb,MID,Lille OSC,4500000,61,1994-11-24,189,6,4,3,288,0,0,0,0,0,0,0.0,0.0,0.0,sofascore.com,2026-07-19,Algeria,ALG,J,CAF,28,1760,Vladimir Petković,False,False,False,False,4500000.0,31.5,0.75,72.0,0,0,72580.64516129032,Veteran(60+),32+,8813110.0,229140860,26.846153846153847,26,0.0,0.0,0,0.0,,,0.0,75.0,72580.64516129032,0.09836065573770492,72.0,0,0,0.6187470630675145,-1.2864046651825154
982,38,Adil Boulbina,FWD,Al Duhail SC,3000000,12,2003-05-02,183,5,2,0,16,0,0,0,0,0,0,0.0,0.0,0.0,sofascore.com,2026-07-19,Algeria,ALG,J,CAF,28,1760,Vladimir Petković,False,False,False,False,3000000.0,23.1,0.0,8.0,0,0,230769.23076923078,Developing(11-30),24-27,8813110.0,229140860,26.846153846153847,26,0.0,0.0,0,0.0,,,0.0,0.0,230769.23076923078,0.4166666666666667,8.0,0,3,-1.9318734665773714,0.3274700190205078
983,38,Selmane Rami Bensebaini,DEF,Borussia Dortmund,10557657,83,1995-04-16,187,9,4,4,341,0,0,0,0,0,0,0.0,0.0,0.0,sofascore.com,2026-07-19,Algeria,ALG,J,CAF,28,1760,Vladimir Petković,False,False,False,False,10557657.0,31.2,1.0,85.25,0,0,125686.39285714286,Veteran(60+),32+,8813110.0,229140860,26.846153846153847,26,0.0,0.0,0,0.0,,,0.0,100.0,125686.39285714286,0.10843373493975904,85.25,0,0,1.448402366227498,-1.4389158102086916
984,38,Ibrahim Maza,MID,Bayer 04 Leverkusen,45000000,18,2005-11-24,180,2,4,4,352,0,0,0,0,0,0,0.0,0.0,0.0,sofascore.com,2026-07-19,Algeria,ALG,J,CAF,28,1760,Vladimir Petković,True,False,False,False,45000000.0,20.5,1.0,88.0,0,0,2368421.052631579,Developing(11-30),U23,8813110.0,229140860,26.846153846153847,26,0.0,0.0,0,0.0,,,0.0,100.0,2368421.052631579,0.1111111111111111,88.0,1,0,0.32348986869293783,1.5135372915681833
985,38,Luca Zinedine Zidane,GK,Granada CF,1000000,8,1998-05-13,183,0,3,3,270,0,0,0,0,0,0,0.0,8.0,6.0,sofascore.com,2026-07-19,Algeria,ALG,J,CAF,28,1760,Vladimir Petković,False,False,False,False,1000000.0,28.1,1.0,90.0,0,0,111111.11111111111,Rookie(<=10),28-31,8813110.0,229140860,26.846153846153847,26,0.0,0.0,0,0.0,,57.14285714285714,0.0,100.0,111111.11111111111,0.0,90.0,0,0,0.038765724262724614,-0.3235293639925206
986,38,Yassine Titraoui,MID,Sporting Charleroi,4812864,5,2003-07-26,180,0,0,0,0,0,0,0,0,0,0,0.0,0.0,0.0,Unverified/Unknown,2026-07-19,Algeria,ALG,J,CAF,28,1760,Vladimir Petković,False,False,False,False,4812864.0,22.9,0.0,0.0,0,0,802144.0,Rookie(<=10),U23,8813110.0,229140860,26.846153846153847,26,,,0,,,,,,802144.0,0.0,0.0,0,3,-2.2818873459363194,0.5695543406836555
987,38,Fares Ghedjemis,FWD,Frosinone,600000,1,2002-09-06,183,1,1,0,1,0,0,0,0,0,0,0.0,0.0,0.0,sofascore.com,2026-07-19,Algeria,ALG,J,CAF,28,1760,Vladimir Petković,False,False,False,False,600000.0,23.8,0.0,1.0,0,0,300000.0,Rookie(<=10),24-27,8813110.0,229140860,26.846153846153847,26,0.0,0.0,0,0.0,,,0.0,0.0,300000.0,1.0,1.0,0,3,-2.287024862563098,0.3890779163211574
988,38,Samir Sophian Chergui,DEF,Paris FC,3000000,5,1999-02-06,185,0,1,0,19,0,0,0,0,0,0,0.0,0.0,0.0,sofascore.com,2026-07-19,Algeria,ALG,J,CAF,28,1760,Vladimir Petković,False,False,False,False,3000000.0,27.3,0.0,19.0,0,0,500000.0,Rookie(<=10),28-31,8813110.0,229140860,26.846153846153847,26,0.0,0.0,0,0.0,,,0.0,0.0,500000.0,0.0,19.0,0,3,-1.8648186713949517,0.01579126278253127
989,39,Alexander Schlager,GK,FC Red Bull Salzburg,2000000,27,1996-02-01,188,0,4,4,360,0,0,0,0,0,0,0.0,12.0,9.0,sofascore.com,2026-07-19,Austria,AUT,J,UEFA,24,1830,Ralf Rangnick,False,False,False,False,2000000.0,30.4,1.0,90.0,0,0,71428.57142857143,Developing(11-30),28-31,9381470.884615384,243918243,28.6,26,0.0,0.0,0,0.0,,57.14285714285714,0.0,100.0,71428.57142857143,0.0,90.0,0,0,0.4634932847692102,-0.5819907914458575
990,39,David Leopold Affengruber,DEF,Elche CF,20000000,1,2001-03-19,185,0,0,0,0,0,0,0,0,0,0,0.0,0.0,0.0,Unverified/Unknown,2026-07-19,Austria,AUT,J,UEFA,24,1830,Ralf Rangnick,False,False,False,False,20000000.0,25.2,0.0,0.0,0,0,10000000.0,Rookie(<=10),24-27,9381470.884615384,243918243,28.6,26,,,0,,,,,,10000000.0,0.0,0.0,1,3,-1.9904015165568911,0.9460478712392945
991,39,Kevin Danso,DEF,Tottenham Hotspur FC,20000000,33,1998-09-19,190,0,4,2,239,0,0,0,0,0,0,0.0,0.0,0.0,sofascore.com,2026-07-19,Austria,AUT,J,UEFA,24,1830,Ralf Rangnick,False,False,False,False,20000000.0,27.7,0.5,59.75,0,0,588235.2941176471,Established(31-60),28-31,9381470.884615384,243918243,28.6,26,0.0,0.0,0,0.0,,,0.0,50.0,588235.2941176471,0.0,59.75,1,0,-0.25654740537652154,0.1918318184379228
992,39,Xaver Schlager,MID,RB Leipzig,10000000,52,1997-09-28,174,4,4,4,240,0,1,0,0,0,0,0.0,0.0,0.0,sofascore.com,2026-07-19,Austria,AUT,J,UEFA,24,1830,Ralf Rangnick,False,False,False,False,10000000.0,28.7,1.0,60.0,1,0,188679.24528301886,Established(31-60),28-31,9381470.884615384,243918243,28.6,26,0.0,0.375,1,0.375,,,0.0,100.0,188679.24528301886,0.07692307692307693,60.0,0,0,1.0674584780978764,-0.027513115905266648
993,39,Stefan Posch,DEF,1. FSV Mainz 05,6000000,53,1997-05-14,188,5,4,4,332,0,0,2,0,0,0,0.0,0.0,0.0,sofascore.com,2026-07-19,Austria,AUT,J,UEFA,24,1830,Ralf Rangnick,False,False,False,False,6000000.0,29.1,1.0,83.0,0,2,111111.11111111111,Established(31-60),28-31,9381470.884615384,243918243,28.6,26,0.0,0.0,0,0.0,,,0.0,100.0,111111.11111111111,0.09433962264150944,83.0,0,0,1.5509050625342975,-0.7859093711757303
994,39,Nicolas Seiwald,MID,RB Leipzig,25000000,48,2001-05-04,179,1,4,4,315,0,1,0,0,0,0,0.0,0.0,0.0,sofascore.com,2026-07-19,Austria,AUT,J,UEFA,24,1830,Ralf Rangnick,False,False,False,False,25000000.0,25.1,1.0,78.75,1,0,510204.0816326531,Established(31-60),24-27,9381470.884615384,243918243,28.6,26,0.0,0.2857142857142857,1,0.2857142857142857,,,0.0,100.0,510204.0816326531,0.020833333333333332,78.75,1,0,1.1443910977338898,0.8408260122693699
995,39,Marko Arnautovic,FWD,FK Crvena Zvezda,2000000,134,1989-04-19,192,48,4,1,143,2,0,1,0,1,0,0.0,0.0,0.0,sofascore.com,2026-07-19,Austria,AUT,J,UEFA,24,1830,Ralf Rangnick,False,True,True,False,2000000.0,37.1,0.25,35.75,2,1,14814.814814814816,Veteran(60+),32+,9381470.884615384,243918243,28.6,26,1.2587412587412588,0.0,2,1.2587412587412588,71.5,,0.0,25.0,14814.814814814816,0.3582089552238806,35.75,0,2,3.538445493543732,-2.795328525033229
996,39,David Alaba,DEF,Real Madrid C. F.,3000000,114,1992-06-24,180,15,4,4,278,0,1,0,0,0,0,0.0,0.0,0.0,sofascore.com,2026-07-19,Austria,AUT,J,UEFA,24,1830,Ralf Rangnick,False,True,True,False,3000000.0,34.0,1.0,69.5,1,0,26086.956521739132,Veteran(60+),32+,9381470.884615384,243918243,28.6,26,0.0,0.32374100719424465,1,0.32374100719424465,,,0.0,100.0,26086.956521739132,0.13157894736842105,69.5,0,0,2.4925074535161897,-1.7123634106705654
997,39,Marcel Sabitzer,MID,Borussia Dortmund,6000000,99,1994-03-17,178,26,4,4,360,1,0,1,0,0,0,0.0,0.0,0.0,sofascore.com,2026-07-19,Austria,AUT,J,UEFA,24,1830,Ralf Rangnick,False,True,False,False,6000000.0,32.2,1.0,90.0,1,1,60000.0,Veteran(60+),32+,9381470.884615384,243918243,28.6,26,0.25,0.0,1,0.25,360.0,,0.0,100.0,60000.0,0.26262626262626265,90.0,0,2,3.144662743797891,-1.7412813011801753
998,39,Florian Grillitsch,MID,SC Braga,2500000,59,1995-08-07,186,1,2,0,89,0,0,0,0,0,0,0.0,0.0,0.0,sofascore.com,2026-07-19,Austria,AUT,J,UEFA,24,1830,Ralf Rangnick,False,False,False,False,2500000.0,30.8,0.0,44.5,0,0,41666.666666666664,Established(31-60),28-31,9381470.884615384,243918243,28.6,26,0.0,0.0,0,0.0,,,0.0,0.0,41666.666666666664,0.01694915254237288,44.5,0,3,-0.6190118314018667,-0.8622501087258928
999,39,Michael Gregoritsch,FWD,FC Augsburg,1500000,75,1994-04-18,193,24,3,2,189,0,1,0,0,0,0,0.0,0.0,0.0,sofascore.com,2026-07-19,Austria,AUT,J,UEFA,24,1830,Ralf Rangnick,False,True,False,False,1500000.0,32.1,0.6666666666666666,63.0,1,0,19736.842105263157,Veteran(60+),32+,9381470.884615384,243918243,28.6,26,0.0,0.47619047619047616,1,0.47619047619047616,,,0.0,66.66666666666666,19736.842105263157,0.32,63.0,0,0,1.8258460201224935,-1.1995632610408884
1000,39,Florian Wiegele,GK,FC Viktoria Plze ň,2200000,1,2001-03-21,205,0,0,0,0,0,0,0,0,0,0,0.0,0.0,0.0,Unverified/Unknown,2026-07-19,Austria,AUT,J,UEFA,24,1830,Ralf Rangnick,False,False,False,False,2200000.0,25.2,0.0,0.0,0,0,1100000.0,Rookie(<=10),24-27,9381470.884615384,243918243,28.6,26,,,0,,,,,,1100000.0,0.0,0.0,0,3,-2.176147802570291,0.48475545061623065
1001,39,Patrick Pentz,GK,Brøndby IF,2200000,18,1997-01-02,183,0,0,0,0,0,0,0,0,0,0,0.0,0.0,0.0,Unverified/Unknown,2026-07-19,Austria,AUT,J,UEFA,24,1830,Ralf Rangnick,False,False,False,False,2200000.0,29.4,0.0,0.0,0,0,115789.47368421052,Developing(11-30),28-31,9381470.884615384,243918243,28.6,26,,,0,,,,,,115789.47368421052,0.0,0.0,0,3,-1.7796818854678502,-0.17965436286721165
1002,39,Saša Kalajdzic,FWD,LASK Linz,4000000,23,1997-07-07,200,4,3,1,77,1,0,0,0,0,0,0.0,0.0,0.0,sofascore.com,2026-07-19,Austria,AUT,J,UEFA,24,1830,Ralf Rangnick,False,False,False,False,4000000.0,28.9,0.3333333333333333,25.666666666666668,1,0,166666.66666666666,Developing(11-30),28-31,9381470.884615384,243918243,28.6,26,1.168831168831169,0.0,1,1.168831168831169,77.0,,0.0,33.33333333333333,166666.66666666666,0.17391304347826086,25.666666666666668,0,3,-0.517080396121955,-0.012013608016496095
1003,39,Philipp Lienhart,DEF,SC Freiburg,10000000,42,1996-07-11,189,3,2,2,180,0,0,0,0,0,0,0.0,0.0,0.0,sofascore.com,2026-07-19,Austria,AUT,J,UEFA,24,1830,Ralf Rangnick,False,False,False,False,10000000.0,29.9,1.0,90.0,0,0,232558.13953488372,Established(31-60),28-31,9381470.884615384,243918243,28.6,26,0.0,0.0,0,0.0,,,0.0,100.0,232558.13953488372,0.07142857142857142,90.0,0,0,0.8123417087066795,-0.5438527562845692
1004,39,Phillip Mwene,DEF,1. FSV Mainz 05,1500000,31,1994-01-29,170,0,2,2,149,0,0,0,0,0,0,0.0,0.0,0.0,sofascore.com,2026-07-19,Austria,AUT,J,UEFA,24,1830,Ralf Rangnick,False,False,False,False,1500000.0,32.4,1.0,74.5,0,0,46875.0,Established(31-60),32+,9381470.884615384,243918243,28.6,26,0.0,0.0,0,0.0,,,0.0,100.0,46875.0,0.0,74.5,0,0,0.40246035797239715,-0.8492987722420565
1005,39,Carney Chibueze Chukwuemeka,MID,Borussia Dortmund,9863230,4,2003-10-20,187,1,3,0,81,0,0,0,0,0,0,0.0,0.0,0.0,sofascore.com,2026-07-19,Austria,AUT,J,UEFA,24,1830,Ralf Rangnick,False,False,False,False,9863230.0,22.6,0.0,27.0,0,0,1972646.0,Rookie(<=10),U23,9381470.884615384,243918243,28.6,26,0.0,0.0,0,0.0,,,0.0,0.0,1972646.0,0.25,27.0,0,3,-1.802579712035864,0.8955141094557367
1006,39,Romano Schmid,MID,SV Werder Bremen,15000000,35,2000-01-27,168,4,4,4,267,1,0,0,0,0,0,0.0,0.0,0.0,sofascore.com,2026-07-19,Austria,AUT,J,UEFA,24,1830,Ralf Rangnick,False,False,False,False,15000000.0,26.4,1.0,66.75,1,0,416666.6666666667,Established(31-60),24-27,9381470.884615384,243918243,28.6,26,0.33707865168539325,0.0,1,0.33707865168539325,267.0,,0.0,100.0,416666.6666666667,0.11428571428571428,66.75,0,0,0.7883571591966235,0.30817228402908814
1007,39,Dejan Ljubicic,MID,FC Schalke 04,5000000,9,1997-10-08,187,1,0,0,0,0,0,0,0,0,0,0.0,0.0,0.0,Unverified/Unknown,2026-07-19,Austria,AUT,J,UEFA,24,1830,Ralf Rangnick,False,False,False,False,5000000.0,28.7,0.0,0.0,0,0,500000.0,Rookie(<=10),28-31,9381470.884615384,243918243,28.6,26,,,0,,,,,,500000.0,0.1111111111111111,0.0,0,3,-1.8571698424143952,0.05849470931576342
1008,39,Konrad Laimer,MID,FC Bayern München,32000000,58,1997-05-27,180,7,4,4,360,0,0,1,0,0,0,0.0,0.0,0.0,sofascore.com,2026-07-19,Austria,AUT,J,UEFA,24,1830,Ralf Rangnick,False,False,False,False,32000000.0,29.0,1.0,90.0,0,1,542372.8813559322,Established(31-60),28-31,9381470.884615384,243918243,28.6,26,0.0,0.0,0,0.0,,,0.0,100.0,542372.8813559322,0.1206896551724138,90.0,1,0,1.686325187920152,-0.16306343650969216
1009,39,Patrick Wimmer,FWD,VfL Wolfsburg,12000000,31,2001-05-30,182,1,2,0,19,0,0,0,0,0,0,0.0,0.0,0.0,sofascore.com,2026-07-19,Austria,AUT,J,UEFA,24,1830,Ralf Rangnick,False,False,False,False,12000000.0,25.0,0.0,9.5,0,0,375000.0,Established(31-60),24-27,9381470.884615384,243918243,28.6,26,0.0,0.0,0,0.0,,,0.0,0.0,375000.0,0.03225806451612903,9.5,0,3,-1.5619523532865547,0.3866498360103535
1010,39,Alexander Prass,MID,TSG Hoffenheim,9000000,19,2001-05-26,180,0,2,0,28,0,0,0,0,0,0,0.0,0.0,0.0,sofascore.com,2026-07-19,Austria,AUT,J,UEFA,24,1830,Ralf Rangnick,False,False,False,False,9000000.0,25.0,0.0,14.0,0,0,450000.0,Developing(11-30),24-27,9381470.884615384,243918243,28.6,26,0.0,0.0,0,0.0,,,0.0,0.0,450000.0,0.0,14.0,0,3,-1.7183303201185414,0.4609806697417272
1011,39,Marco Friedl,DEF,SV Werder Bremen,10000000,11,1998-03-16,187,0,1,0,23,0,0,0,0,0,0,0.0,0.0,0.0,sofascore.com,2026-07-19,Austria,AUT,J,UEFA,24,1830,Ralf Rangnick,False,False,False,False,10000000.0,28.2,0.0,23.0,0,0,833333.3333333334,Developing(11-30),28-31,9381470.884615384,243918243,28.6,26,0.0,0.0,0,0.0,,,0.0,0.0,833333.3333333334,0.0,23.0,0,3,-1.549121215480626,0.2157875663559089
1012,39,Paul Wanner,MID,PSV Eindhoven,22000000,4,2005-12-23,185,0,4,2,232,0,0,0,0,0,0,0.0,0.0,0.0,sofascore.com,2026-07-19,Austria,AUT,J,UEFA,24,1830,Ralf Rangnick,False,False,False,False,22000000.0,20.5,0.5,58.0,0,0,4400000.0,Rookie(<=10),U23,9381470.884615384,243918243,28.6,26,0.0,0.0,0,0.0,,,0.0,50.0,4400000.0,0.0,58.0,1,3,-0.9355481991458381,1.3826211601986247
1013,39,Michael Svoboda,DEF,Venezia FC,900000,4,1998-10-15,195,0,0,0,0,0,0,0,0,0,0,0.0,0.0,0.0,Unverified/Unknown,2026-07-19,Austria,AUT,J,UEFA,24,1830,Ralf Rangnick,False,False,False,False,900000.0,27.7,0.0,0.0,0,0,180000.0,Rookie(<=10),28-31,9381470.884615384,243918243,28.6,26,,,0,,,,,,180000.0,0.0,0.0,0,3,-2.040786984437222,0.1383164539926271
1014,39,Alessandro Andre Schoepf,MID,Wolfsberger AC,10255013,35,1994-02-07,178,6,0,0,0,0,0,0,0,0,0,0.0,0.0,0.0,Unverified/Unknown,2026-07-19,Austria,AUT,J,UEFA,24,1830,Ralf Rangnick,False,False,False,False,10255013.0,32.3,0.0,0.0,0,0,284861.47222222225,Established(31-60),32+,9381470.884615384,243918243,28.6,26,,,0,,,,,,284861.47222222225,0.17142857142857143,0.0,0,3,-1.1487911947751626,-0.5916982114340523
1015,40,Mo'ien Hasan Yazeed Abulaila,GK,Al Hussein SC,2324916,77,1993-01-08,188,0,3,3,270,0,0,0,0,0,0,0.0,11.0,8.0,sofascore.com,2026-07-19,Jordan,JOR,J,AFC,63,1610,Jamal Sellami,False,False,False,False,2324916.0,33.4,1.0,90.0,0,0,29806.615384615383,Veteran(60+),32+,4011998.6923076925,104311966,28.46923076923077,26,0.0,0.0,0,0.0,,57.89473684210527,0.0,100.0,29806.615384615383,0.0,90.0,0,0,0.9658234401670411,-2.091789824205298
1016,40,Ali Hasan Mohammad,DEF,Al Karma SC,3713575,56,1995-05-09,179,1,1,0,5,0,0,0,0,0,0,0.0,0.0,0.0,sofascore.com,2026-07-19,Jordan,JOR,J,AFC,63,1610,Jamal Sellami,False,False,False,False,3713575.0,31.1,0.0,5.0,0,0,65150.43859649123,Established(31-60),32+,4011998.6923076925,104311966,28.46923076923077,26,0.0,0.0,0,0.0,,,0.0,0.0,65150.43859649123,0.017857142857142856,5.0,0,3,-1.372531015629268,-1.3961653255962982
1017,40,Mousa Musallam Abdallah Nasib,DEF,Al Zawra'a SC,4333148,66,1994-02-25,184,2,3,3,261,0,0,0,0,0,0,0.0,0.0,0.0,sofascore.com,2026-07-19,Jordan,JOR,J,AFC,63,1610,Jamal Sellami,False,False,False,False,4333148.0,32.3,1.0,87.0,0,0,64673.850746268654,Veteran(60+),32+,4011998.6923076925,104311966,28.46923076923077,26,0.0,0.0,0,0.0,,,0.0,100.0,64673.850746268654,0.030303030303030304,87.0,0,0,0.8347944379752017,-1.8204736448900836
1018,40,Ali Mohammad Husam Abudahab,DEF,Al Faisaly SC,3868569,17,2000-05-13,186,0,2,2,180,0,0,1,0,0,0,0.0,0.0,0.0,sofascore.com,2026-07-19,Jordan,JOR,J,AFC,63,1610,Jamal Sellami,False,False,False,False,3868569.0,26.1,1.0,90.0,0,1,214920.5,Developing(11-30),24-27,4011998.6923076925,104311966,28.46923076923077,26,0.0,0.0,0,0.0,,,0.0,100.0,214920.5,0.0,90.0,0,0,0.2703891903372495,-0.5792698414098781
1019,40,Mousa Mahmoud Yazan Alarab,DEF,FC Seoul,1955254,81,1996-01-31,185,3,3,3,270,0,0,1,0,0,1,0.0,0.0,0.0,sofascore.com,2026-07-19,Jordan,JOR,J,AFC,63,1610,Jamal Sellami,False,False,False,False,1955254.0,30.4,1.0,90.0,0,1,23844.560975609755,Veteran(60+),28-31,4011998.6923076925,104311966,28.46923076923077,26,0.0,0.0,0,0.0,,,0.0,100.0,23844.560975609755,0.037037037037037035,90.0,0,0,1.3305491087300052,-1.9010237521393214
1020,40,Rasem Adel Amer Jamous,MID,Al Zawra'a SC,2372465,19,2002-07-03,177,1,1,0,14,0,0,0,0,0,0,0.0,0.0,0.0,sofascore.com,2026-07-19,Jordan,JOR,J,AFC,63,1610,Jamal Sellami,False,False,False,False,2372465.0,23.9,0.0,14.0,0,0,118623.25,Developing(11-30),24-27,4011998.6923076925,104311966,28.46923076923077,26,0.0,0.0,0,0.0,,,0.0,0.0,118623.25,0.05263157894736842,14.0,0,3,-2.049323835161097,-0.2090080765550833
1021,40,Faisal Yousef Mohammad,FWD,Raja Casablanca,4598054,40,1997-12-30,170,5,2,0,2,0,0,1,0,0,0,0.0,0.0,0.0,sofascore.com,2026-07-19,Jordan,JOR,J,AFC,63,1610,Jamal Sellami,False,False,False,False,4598054.0,28.4,0.0,1.0,0,1,112147.65853658537,Established(31-60),28-31,4011998.6923076925,104311966,28.46923076923077,26,0.0,0.0,0,0.0,,,0.0,0.0,112147.65853658537,0.125,1.0,0,3,-1.2412583142151776,-0.9869035266011482
1022,40,Mahmoud Ali Noor Alrawabdeh,MID,Selangor FC,2477372,69,1997-02-24,182,3,3,3,270,0,1,0,0,0,0,0.0,0.0,0.0,sofascore.com,2026-07-19,Jordan,JOR,J,AFC,63,1610,Jamal Sellami,False,False,False,False,2477372.0,29.3,1.0,90.0,1,0,35391.02857142857,Veteran(60+),28-31,4011998.6923076925,104311966,28.46923076923077,26,0.0,0.33333333333333337,1,0.33333333333333337,,,0.0,100.0,35391.02857142857,0.043478260869565216,90.0,0,0,1.3182748081428592,-1.1015501722426584
1023,40,Iyad Ali Ali Olwan,FWD,Al Sailiya SC,4371693,67,2000-03-26,182,30,3,3,270,1,0,0,0,0,0,0.0,0.0,0.0,sofascore.com,2026-07-19,Jordan,JOR,J,AFC,63,1610,Jamal Sellami,False,True,False,False,4371693.0,26.2,1.0,90.0,1,0,64289.60294117647,Veteran(60+),24-27,4011998.6923076925,104311966,28.46923076923077,26,0.33333333333333337,0.0,1,0.33333333333333337,270.0,,0.0,100.0,64289.60294117647,0.44776119402985076,90.0,0,0,2.0088811678379983,-1.3794273593593054
1024,40,Mohammad Mousa Mousa Altamari,FWD,Stade Rennais FC,6012559,93,1997-06-10,176,24,3,2,216,1,1,0,0,0,0,0.0,0.0,0.0,sofascore.com,2026-07-19,Jordan,JOR,J,AFC,63,1610,Jamal Sellami,False,True,False,False,6012559.0,29.0,0.6666666666666666,72.0,2,0,63963.39361702128,Veteran(60+),28-31,4011998.6923076925,104311966,28.46923076923077,26,0.41666666666666663,0.41666666666666663,2,0.8333333333333333,216.0,,0.0,66.66666666666666,63963.39361702128,0.25806451612903225,72.0,0,2,2.24318872731755,-1.3120928248532906
1025,40,Burhan Shehadeh Odeh Fakhoury,FWD,Pyramids FC,2889178,11,2005-11-22,180,1,0,0,0,0,0,0,0,0,0,0.0,0.0,0.0,Unverified/Unknown,2026-07-19,Jordan,JOR,J,AFC,63,1610,Jamal Sellami,False,False,False,False,2889178.0,20.6,0.0,0.0,0,0,240764.83333333334,Developing(11-30),U23,4011998.6923076925,104311966,28.46923076923077,26,,,0,,,,,,240764.83333333334,0.09090909090909091,0.0,0,3,-2.465623029691931,0.27720714672409025
1026,40,Zaid Khaleel Nour Baniateyah,GK,Al Faisaly SC,1909067,5,1993-01-25,179,0,0,0,0,0,0,0,0,0,0,0.0,0.0,0.0,Unverified/Unknown,2026-07-19,Jordan,JOR,J,AFC,63,1610,Jamal Sellami,False,False,False,False,1909067.0,33.4,0.0,0.0,0,0,318177.8333333333,Rookie(<=10),32+,4011998.6923076925,104311966,28.46923076923077,26,,,0,,,,,,318177.8333333333,0.0,0.0,0,3,-2.0093655500672645,-1.0844223970625182
1027,40,Nayef Ahmad Mahmoud Almardi,FWD,Al Hussein SC,1880939,88,1993-10-06,173,8,3,1,128,0,0,0,0,0,0,0.0,0.0,0.0,sofascore.com,2026-07-19,Jordan,JOR,J,AFC,63,1610,Jamal Sellami,False,False,False,False,1880939.0,32.7,0.3333333333333333,42.666666666666664,0,0,21134.14606741573,Veteran(60+),32+,4011998.6923076925,104311966,28.46923076923077,26,0.0,0.0,0,0.0,,,0.0,33.33333333333333,21134.14606741573,0.09090909090909091,42.666666666666664,0,0,0.10803643079053796,-2.178697306412119
1028,40,Ayed Fadel Rajaei Ayed,MID,Al Hussein SC,4233608,73,1993-07-25,175,0,0,0,0,0,0,0,0,0,0,0.0,0.0,0.0,Unverified/Unknown,2026-07-19,Jordan,JOR,J,AFC,63,1610,Jamal Sellami,False,False,False,False,4233608.0,32.9,0.0,0.0,0,0,57210.91891891892,Veteran(60+),32+,4011998.6923076925,104311966,28.46923076923077,26,,,0,,,,,,57210.91891891892,0.0,0.0,0,3,-1.1759244540276639,-1.758855874244387
1029,40,Mohammad Sami Ibrahim,MID,Al Karma SC,4988036,57,2000-04-27,175,3,0,0,0,0,0,0,0,0,0,0.0,0.0,0.0,Unverified/Unknown,2026-07-19,Jordan,JOR,J,AFC,63,1610,Jamal Sellami,False,False,False,False,4988036.0,26.1,0.0,0.0,0,0,86000.62068965517,Established(31-60),24-27,4011998.6923076925,104311966,28.46923076923077,26,,,0,,,,,,86000.62068965517,0.05263157894736842,0.0,0,3,-1.5646480971013037,-0.8479569087305506
1030,40,Majed Jamil Mohammad Abualnadi,DEF,Selangor FC,6868044,19,2001-02-08,185,0,1,1,72,0,0,0,0,0,0,0.0,0.0,0.0,sofascore.com,2026-07-19,Jordan,JOR,J,AFC,63,1610,Jamal Sellami,False,False,False,False,6868044.0,25.3,1.0,72.0,0,0,343402.2,Developing(11-30),24-27,4011998.6923076925,104311966,28.46923076923077,26,0.0,0.0,0,0.0,,,0.0,100.0,343402.2,0.0,72.0,0,0,-0.28564785168583107,-0.38289485911478505
1031,40,Amer Saleem Saleem,DEF,Al Hussein SC,5501173,13,1992-01-17,187,0,3,0,20,0,0,0,0,0,0,0.0,0.0,0.0,sofascore.com,2026-07-19,Jordan,JOR,J,AFC,63,1610,Jamal Sellami,False,False,False,False,5501173.0,34.4,0.0,6.666666666666667,0,0,392940.9285714286,Developing(11-30),32+,4011998.6923076925,104311966,28.46923076923077,26,0.0,0.0,0,0.0,,,0.0,0.0,392940.9285714286,0.0,6.666666666666667,0,3,-1.7454810906231122,-1.2016687740531011
1032,40,Ahmed Mohammad Mohammad,MID,Al Hussein SC,3830062,0,2005-07-13,182,0,0,0,0,0,0,0,0,0,0,0.0,0.0,0.0,Unverified/Unknown,2026-07-19,Jordan,JOR,J,AFC,63,1610,Jamal Sellami,False,False,False,False,3830062.0,20.9,0.0,0.0,0,0,3830062.0,Rookie(<=10),U23,4011998.6923076925,104311966,28.46923076923077,26,,,0,,,,,,3830062.0,,0.0,0,3,-2.611653657861604,0.4128927952262393
1033,40,Ahmad Salameh Saed,DEF,Al Hussein SC,6871766,22,1997-02-01,186,2,1,0,9,0,0,0,0,0,0,0.0,0.0,0.0,sofascore.com,2026-07-19,Jordan,JOR,J,AFC,63,1610,Jamal Sellami,False,False,False,False,6871766.0,29.4,0.0,9.0,0,0,298772.4347826087,Developing(11-30),28-31,4011998.6923076925,104311966,28.46923076923077,26,0.0,0.0,0,0.0,,,0.0,0.0,298772.4347826087,0.09090909090909091,9.0,0,3,-1.7467229805186248,-0.7507731515336749
1034,40,Mahmoud Saleh Mohannad Abutaha,MID,Al-Quwa Al-Jawiya,6151046,31,2003-02-02,173,1,3,3,265,0,0,1,0,0,0,0.0,0.0,0.0,sofascore.com,2026-07-19,Jordan,JOR,J,AFC,63,1610,Jamal Sellami,False,False,False,False,6151046.0,23.4,1.0,88.33333333333333,0,1,192220.1875,Established(31-60),24-27,4011998.6923076925,104311966,28.46923076923077,26,0.0,0.0,0,0.0,,,0.0,100.0,192220.1875,0.03225806451612903,88.33333333333333,0,0,0.35808175204818693,-0.397962476099844
1035,40,Mahmoud Ahmed Nizar Alrashdan,MID,Qatar SC,5818965,48,1999-03-23,183,4,3,3,256,1,0,0,0,0,0,0.0,0.0,0.0,sofascore.com,2026-07-19,Jordan,JOR,J,AFC,63,1610,Jamal Sellami,False,False,False,False,5818965.0,27.2,1.0,85.33333333333333,1,0,118754.38775510204,Established(31-60),28-31,4011998.6923076925,104311966,28.46923076923077,26,0.3515625,0.0,1,0.3515625,256.0,,0.0,100.0,118754.38775510204,0.08333333333333333,85.33333333333333,0,0,0.8734371911179815,-0.7907638323325683
1036,40,Ra'ed Mahmoud Abdallah Alfakhori,GK,Al Wahdat SC,3985266,16,2000-01-22,190,0,3,2,149,0,0,0,0,0,0,0.0,7.0,6.0,sofascore.com,2026-07-19,Jordan,JOR,J,AFC,63,1610,Jamal Sellami,False,False,False,False,3985266.0,26.4,0.6666666666666666,49.666666666666664,0,0,234427.41176470587,Developing(11-30),24-27,4011998.6923076925,104311966,28.46923076923077,26,0.0,0.0,0,0.0,,53.84615384615385,0.0,66.66666666666666,234427.41176470587,0.0,49.666666666666664,0,0,-0.9035853721065943,-0.49168314198330154
1037,40,Manel Farhan Ehsan Haddad,DEF,Al Hussein SC,2221236,91,1994-02-05,174,2,3,3,262,0,1,0,0,0,0,0.0,0.0,0.0,sofascore.com,2026-07-19,Jordan,JOR,J,AFC,63,1610,Jamal Sellami,False,False,False,False,2221236.0,32.3,1.0,87.33333333333333,1,0,24143.869565217392,Veteran(60+),32+,4011998.6923076925,104311966,28.46923076923077,26,0.0,0.34351145038167935,1,0.34351145038167935,,,0.0,100.0,24143.869565217392,0.02197802197802198,87.33333333333333,0,0,1.6510882442291956,-1.6780211762547945
1038,40,Ahmad Ali Ali Azaizeh,FWD,Al Shabab FC,2374004,5,2004-04-13,178,0,3,1,53,0,0,0,0,0,0,0.0,0.0,0.0,sofascore.com,2026-07-19,Jordan,JOR,J,AFC,63,1610,Jamal Sellami,False,False,False,False,2374004.0,22.2,0.3333333333333333,17.666666666666668,0,0,395667.3333333333,Rookie(<=10),U23,4011998.6923076925,104311966,28.46923076923077,26,0.0,0.0,0,0.0,,,0.0,33.33333333333333,395667.3333333333,0.0,17.666666666666668,0,3,-1.965351965951839,0.12357493451416696
1039,40,Ratib Mohammad Mohammad Aldaoud,MID,Al Wahdat SC,5368311,14,1992-04-12,185,1,1,0,2,0,0,0,0,0,0,0.0,0.0,0.0,sofascore.com,2026-07-19,Jordan,JOR,J,AFC,63,1610,Jamal Sellami,False,False,False,False,5368311.0,34.2,0.0,2.0,0,0,357887.4,Developing(11-30),32+,4011998.6923076925,104311966,28.46923076923077,26,0.0,0.0,0,0.0,,,0.0,0.0,357887.4,0.07142857142857142,2.0,0,3,-1.7673943517757982,-1.2069677438248476
1040,40,Said Ghazi Anas Badawi,DEF,Al Faisaly SC,3393660,1,1997-09-13,174,0,0,0,0,0,0,0,0,0,0,0.0,0.0,0.0,Unverified/Unknown,2026-07-19,Jordan,JOR,J,AFC,63,1610,Jamal Sellami,False,False,False,False,3393660.0,28.7,0.0,0.0,0,0,1696830.0,Rookie(<=10),28-31,4011998.6923076925,104311966,28.46923076923077,26,,,0,,,,,,1696830.0,0.0,0.0,0,3,-2.2537984830763547,-0.47703941900004737
1041,41,Diogo Diogo Costa,GK,FC Porto,25000000,44,1999-09-19,188,0,5,5,450,0,0,0,0,0,0,2.0,23.0,3.0,sofascore.com,2026-07-19,Portugal,POR,K,UEFA,5,2010,Roberto Martínez,False,False,False,False,25000000.0,26.7,1.0,90.0,0,0,555555.5555555555,Established(31-60),24-27,44073414.038461536,1145908765,28.034615384615385,26,0.0,0.0,0,0.0,,88.46153846153845,40.0,100.0,555555.5555555555,0.0,90.0,1,0,0.9475857403771553,0.7216962386459537
1042,41,SEMEDONélson Nelson,DEF,Fenerbahçe SK,26711630,51,1993-11-16,179,0,4,0,123,0,0,1,0,0,0,0.0,0.0,0.0,sofascore.com,2026-07-19,Portugal,POR,K,UEFA,5,2010,Roberto Martínez,False,False,False,False,26711630.0,32.6,0.0,30.75,0,1,513685.1923076923,Established(31-60),32+,44073414.038461536,1145908765,28.034615384615385,26,0.0,0.0,0,0.0,,,0.0,0.0,513685.1923076923,0.0,30.75,1,3,-0.03847032230356611,0.1454599183580688
1043,41,Rúben Ruben Dias,DEF,Manchester City FC,59075240,76,1997-05-14,187,3,4,4,360,0,0,1,0,0,0,0.0,0.0,0.0,sofascore.com,2026-07-19,Portugal,POR,K,UEFA,5,2010,Roberto Martínez,True,False,False,False,59075240.0,29.1,1.0,90.0,0,1,767210.9090909091,Veteran(60+),28-31,44073414.038461536,1145908765,28.034615384615385,26,0.0,0.0,0,0.0,,,0.0,100.0,767210.9090909091,0.039473684210526314,90.0,1,1,2.256618585667164,0.8794829650774147
1044,41,Tomás Tomas Araujo,DEF,SL Benfica,51844007,6,2002-05-16,187,0,1,1,90,0,0,1,0,0,0,0.0,0.0,0.0,sofascore.com,2026-07-19,Portugal,POR,K,UEFA,5,2010,Roberto Martínez,True,False,False,False,51844007.0,24.1,1.0,90.0,0,1,7406286.714285715,Rookie(<=10),24-27,44073414.038461536,1145908765,28.034615384615385,26,0.0,0.0,0,0.0,,,0.0,100.0,7406286.714285715,0.0,90.0,1,1,0.9962280318597702,2.11178903442453
1045,41,Diogo Diogo Dalot,DEF,Manchester United FC,57423538,35,1999-03-18,184,3,2,0,63,0,0,0,0,0,0,0.0,0.0,0.0,sofascore.com,2026-07-19,Portugal,POR,K,UEFA,5,2010,Roberto Martínez,True,False,False,False,57423538.0,27.2,0.0,31.5,0,0,1595098.2777777778,Established(31-60),28-31,44073414.038461536,1145908765,28.034615384615385,26,0.0,0.0,0,0.0,,,0.0,0.0,1595098.2777777778,0.08571428571428572,31.5,1,3,-0.3922987449746449,1.712591119160414
1046,41,Luiz Matheus,MID,Manchester City FC,36409816,20,1998-08-27,183,2,1,0,1,0,0,0,0,0,0,0.0,0.0,0.0,sofascore.com,2026-07-19,Portugal,POR,K,UEFA,5,2010,Roberto Martínez,False,False,False,False,36409816.0,27.8,0.0,1.0,0,0,1733800.761904762,Developing(11-30),28-31,44073414.038461536,1145908765,28.034615384615385,26,0.0,0.0,0,0.0,,,0.0,0.0,1733800.761904762,0.1,1.0,1,3,-1.1856545862346333,1.3208759648789832
1047,41,Ronaldo Cristiano Ronaldo,FWD,Al Nassr FC,10000000,229,1985-02-05,185,143,5,5,441,3,0,0,0,1,0,0.0,0.0,0.0,sofascore.com,2026-07-19,Portugal,POR,K,UEFA,5,2010,Roberto Martínez,False,True,True,False,10000000.0,41.3,1.0,88.2,3,0,43478.260869565216,Veteran(60+),32+,44073414.038461536,1145908765,28.034615384615385,26,0.6122448979591837,0.0,3,0.6122448979591837,147.0,,0.0,100.0,43478.260869565216,0.6244541484716157,88.2,0,2,9.931982723960388,-5.100890373683379
1048,41,Miguel Bruno,MID,Manchester United FC,27556372,90,1994-09-08,183,29,5,5,423,0,1,0,0,0,0,0.0,0.0,0.0,sofascore.com,2026-07-19,Portugal,POR,K,UEFA,5,2010,Roberto Martínez,False,True,False,False,27556372.0,31.8,1.0,84.6,1,0,302817.2747252747,Veteran(60+),32+,44073414.038461536,1145908765,28.034615384615385,26,0.0,0.2127659574468085,1,0.2127659574468085,,,0.0,100.0,302817.2747252747,0.32222222222222224,84.6,1,2,3.23530498024002,-0.308060886371327
1049,41,RAMOSGonçalo Goncalo,FWD,Paris Saint-Germain,61031905,26,2001-06-20,185,10,2,0,34,1,0,0,0,0,0,0.0,0.0,0.0,sofascore.com,2026-07-19,Portugal,POR,K,UEFA,5,2010,Roberto Martínez,True,False,False,False,61031905.0,25.0,0.0,17.0,1,0,2260440.925925926,Developing(11-30),24-27,44073414.038461536,1145908765,28.034615384615385,26,2.6470588235294117,0.0,1,2.6470588235294117,34.0,,0.0,0.0,2260440.925925926,0.38461538461538464,17.0,1,1,-0.07835720286414076,2.298258286375877
1050,41,Bernardo Bernardo Silva,MID,Manchester City FC,22000000,110,1994-08-10,173,14,4,1,95,0,0,2,0,0,0,0.0,0.0,0.0,sofascore.com,2026-07-19,Portugal,POR,K,UEFA,5,2010,Roberto Martínez,False,True,True,False,22000000.0,31.8,0.25,23.75,0,2,198198.1981981982,Veteran(60+),32+,44073414.038461536,1145908765,28.034615384615385,26,0.0,0.0,0,0.0,,,0.0,25.0,198198.1981981982,0.12727272727272726,23.75,1,0,1.587384655741527,-0.8628247653166745
1051,41,João Joao Felix,FWD,Al Nassr FC,17430671,54,1999-11-10,179,12,3,3,204,0,0,0,0,0,0,0.0,0.0,0.0,sofascore.com,2026-07-19,Portugal,POR,K,UEFA,5,2010,Roberto Martínez,False,True,False,False,17430671.0,26.6,1.0,68.0,0,0,316921.2909090909,Established(31-60),24-27,44073414.038461536,1145908765,28.034615384615385,26,0.0,0.0,0,0.0,,,0.0,100.0,316921.2909090909,0.2222222222222222,68.0,0,0,1.1277734062699638,0.23917183144403412
1052,41,Pedro Jose Sa,GK,Wolverhampton Wanderers FC,58279443,5,1993-01-17,192,0,0,0,0,0,0,0,0,0,0,0.0,0.0,0.0,Unverified/Unknown,2026-07-19,Portugal,POR,K,UEFA,5,2010,Roberto Martínez,True,False,False,False,58279443.0,33.4,0.0,0.0,0,0,9713240.5,Rookie(<=10),32+,44073414.038461536,1145908765,28.034615384615385,26,,,0,,,,,,9713240.5,0.0,0.0,1,3,-0.9716058132344292,1.4740509785999738
1053,41,Renato Renato Veiga,DEF,Villarreal CF,49776200,14,2003-07-29,188,1,5,5,450,0,0,2,0,0,0,0.0,0.0,0.0,sofascore.com,2026-07-19,Portugal,POR,K,UEFA,5,2010,Roberto Martínez,True,False,False,False,49776200.0,22.9,1.0,90.0,0,2,3318413.3333333335,Developing(11-30),U23,44073414.038461536,1145908765,28.034615384615385,26,0.0,0.0,0,0.0,,,0.0,100.0,3318413.3333333335,0.07142857142857142,90.0,1,1,1.4033858575641407,2.04561198822616
1054,41,Gonçalo Goncalo Inacio,DEF,Sporting CP,20977953,22,2001-08-25,185,2,0,0,0,0,0,0,0,0,0,0.0,0.0,0.0,Unverified/Unknown,2026-07-19,Portugal,POR,K,UEFA,5,2010,Roberto Martínez,False,False,False,False,20977953.0,24.8,0.0,0.0,0,0,912084.9130434783,Developing(11-30),24-27,44073414.038461536,1145908765,28.034615384615385,26,,,0,,,,,,912084.9130434783,0.09090909090909091,0.0,1,3,-1.469463457836475,1.2321057203389512
1055,41,Pedro Joao Neves,MID,Paris Saint-Germain,140000000,23,2004-09-27,171,4,5,4,390,1,0,0,0,0,0,0.0,0.0,0.0,sofascore.com,2026-07-19,Portugal,POR,K,UEFA,5,2010,Roberto Martínez,True,False,False,False,109839062.6,21.7,0.8,78.0,1,0,5833333.333333333,Developing(11-30),U23,44073414.038461536,1145908765,28.034615384615385,26,0.23076923076923078,0.0,1,0.23076923076923078,390.0,,0.0,80.0,5833333.333333333,0.17391304347826086,78.0,1,1,1.5715689776681998,3.9307895158715165
1056,41,António Francisco Trincao,FWD,Sporting CP,20400208,18,1999-12-29,184,3,1,0,27,0,0,0,0,0,0,0.0,0.0,0.0,sofascore.com,2026-07-19,Portugal,POR,K,UEFA,5,2010,Roberto Martínez,False,False,False,False,20400208.0,26.5,0.0,27.0,0,0,1073695.1578947369,Developing(11-30),24-27,44073414.038461536,1145908765,28.034615384615385,26,0.0,0.0,0,0.0,,,0.0,0.0,1073695.1578947369,0.16666666666666666,27.0,1,3,-1.074453057164967,1.0326841430537324
1057,41,Alexandre Rafael Leao,FWD,AC Milan,50000000,45,1999-06-10,188,5,5,1,154,1,1,0,0,0,0,0.0,0.0,0.0,sofascore.com,2026-07-19,Portugal,POR,K,UEFA,5,2010,Roberto Martínez,True,False,False,False,50000000.0,27.0,0.2,30.8,2,0,1086956.5217391304,Established(31-60),24-27,44073414.038461536,1145908765,28.034615384615385,26,0.5844155844155845,0.5844155844155845,2,1.168831168831169,154.0,,0.0,20.0,1086956.5217391304,0.1111111111111111,30.8,1,1,0.8484879973391783,2.108977892329219
1058,41,Pedro Pedro Neto,FWD,Chelsea FC,29098003,26,2000-03-09,174,3,5,5,354,0,1,0,0,0,0,0.0,0.0,0.0,sofascore.com,2026-07-19,Portugal,POR,K,UEFA,5,2010,Roberto Martínez,False,False,False,False,29098003.0,26.3,1.0,70.8,1,0,1077703.8148148148,Developing(11-30),24-27,44073414.038461536,1145908765,28.034615384615385,26,0.0,0.2542372881355932,1,0.2542372881355932,,,0.0,100.0,1077703.8148148148,0.11538461538461539,70.8,1,1,1.1440623050814767,1.5370203603699335
1059,41,Manuel Goncalo,FWD,Real Sociedad,17183625,35,1996-11-29,179,8,0,0,0,0,0,0,0,0,0,0.0,0.0,0.0,Unverified/Unknown,2026-07-19,Portugal,POR,K,UEFA,5,2010,Roberto Martínez,False,False,False,False,17183625.0,29.5,0.0,0.0,0,0,477322.9166666667,Established(31-60),28-31,44073414.038461536,1145908765,28.034615384615385,26,,,0,,,,,,477322.9166666667,0.22857142857142856,0.0,0,3,-0.9303317332521368,0.3593907435516979
1060,41,Pedro Joao Cancelo,DEF,FC Barcelona,26500207,69,1994-05-27,173,12,5,5,316,0,1,0,0,0,0,0.0,0.0,0.0,sofascore.com,2026-07-19,Portugal,POR,K,UEFA,5,2010,Roberto Martínez,False,True,False,False,26500207.0,32.0,1.0,63.2,1,0,378574.3857142857,Veteran(60+),32+,44073414.038461536,1145908765,28.034615384615385,26,0.0,0.2848101265822785,1,0.2848101265822785,,,0.0,100.0,378574.3857142857,0.17391304347826086,63.2,1,1,2.1164575916847106,0.192159999783479
1061,41,Diogo Ruben,MID,Al Hilal SC,39746889,67,1997-03-13,183,1,2,1,55,0,0,0,0,0,0,0.0,0.0,0.0,sofascore.com,2026-07-19,Portugal,POR,K,UEFA,5,2010,Roberto Martínez,False,False,False,False,39746889.0,29.2,0.5,27.5,0,0,584513.0735294118,Veteran(60+),28-31,44073414.038461536,1145908765,28.034615384615385,26,0.0,0.0,0,0.0,,,0.0,50.0,584513.0735294118,0.014925373134328358,27.5,1,3,0.2650114554305193,0.6488869056327639
1062,41,Tiago Rui Silva,GK,Sporting CP,20596872,3,1994-02-07,191,0,0,0,0,0,0,0,0,0,0,0.0,0.0,0.0,Unverified/Unknown,2026-07-19,Portugal,POR,K,UEFA,5,2010,Roberto Martínez,False,False,False,False,20596872.0,32.3,0.0,0.0,0,0,5149218.0,Rookie(<=10),32+,44073414.038461536,1145908765,28.034615384615385,26,,,0,,,,,,5149218.0,0.0,0.0,1,3,-1.4386743983632766,0.6430077967716188
1063,41,Vitor Vitinha,MID,Paris Saint-Germain,140000000,39,2000-02-13,170,0,5,5,381,0,1,0,0,0,0,0.0,0.0,0.0,sofascore.com,2026-07-19,Portugal,POR,K,UEFA,5,2010,Roberto Martínez,True,False,False,False,109839062.6,26.3,1.0,76.2,1,0,3500000.0,Established(31-60),24-27,44073414.038461536,1145908765,28.034615384615385,26,0.0,0.23622047244094488,1,0.23622047244094488,,,0.0,100.0,3500000.0,0.0,76.2,1,1,2.1090021045399725,3.523781378301754
1064,41,Samuel Samu Costa,DEF,RCD Mallorca,26660545,6,2000-11-27,185,0,1,0,20,0,0,0,0,0,0,0.0,0.0,0.0,sofascore.com,2026-07-19,Portugal,POR,K,UEFA,5,2010,Roberto Martínez,False,False,False,False,26660545.0,25.5,0.0,20.0,0,0,3808649.285714286,Rookie(<=10),24-27,44073414.038461536,1145908765,28.034615384615385,26,0.0,0.0,0,0.0,,,0.0,0.0,3808649.285714286,0.0,20.0,1,3,-1.39299448915376,1.5024967675636773
1065,41,Alexandre Nuno,DEF,Paris Saint-Germain,56220388,45,2002-06-19,177,1,5,5,398,1,0,0,0,0,0,0.0,0.0,0.0,sofascore.com,2026-07-19,Portugal,POR,K,UEFA,5,2010,Roberto Martínez,True,False,False,False,56220388.0,24.0,1.0,79.6,1,0,1222182.347826087,Established(31-60),24-27,44073414.038461536,1145908765,28.034615384615385,26,0.22613065326633167,0.0,1,0.22613065326633167,398.0,,0.0,100.0,1222182.347826087,0.022222222222222223,79.6,1,1,1.4922375816702154,2.0593628120373215
1066,41,Francisco Francisco Conceicao,FWD,Juventus FC,55985253,18,2002-12-14,166,4,4,0,122,0,0,0,0,0,0,0.0,0.0,0.0,sofascore.com,2026-07-19,Portugal,POR,K,UEFA,5,2010,Roberto Martínez,True,False,False,False,55985253.0,23.5,0.0,30.5,0,0,2946592.263157895,Developing(11-30),24-27,44073414.038461536,1145908765,28.034615384615385,26,0.0,0.0,0,0.0,,,0.0,0.0,2946592.263157895,0.2222222222222222,30.5,1,3,-0.7590872660392898,2.2682684112594687
1067,42,Lionel Nzau Mpasi,GK,Le Havre AC,400000,29,1994-08-01,182,0,4,4,360,0,0,0,0,0,0,0.0,12.0,5.0,sofascore.com,2026-07-19,Congo DR,COD,K,CAF,61,1670,Sébastien Desabre,False,False,False,False,400000.0,31.9,1.0,90.0,0,0,13333.333333333334,Developing(11-30),32+,5886070.692307692,153037838,29.069230769230767,26,0.0,0.0,0,0.0,,70.58823529411765,0.0,100.0,13333.333333333334,0.0,90.0,0,0,0.35878911642661326,-1.2524761748449784
1068,42,Wan Wan-Bissaka,DEF,West Ham United FC,4122558,13,1997-11-26,183,0,4,4,355,0,0,0,0,0,0,0.0,0.0,0.0,sofascore.com,2026-07-19,Congo DR,COD,K,CAF,61,1670,Sébastien Desabre,False,False,False,False,4122558.0,28.5,1.0,88.75,0,0,294468.4285714286,Developing(11-30),28-31,5886070.692307692,153037838,29.069230769230767,26,0.0,0.0,0,0.0,,,0.0,100.0,294468.4285714286,0.0,88.75,0,0,0.033627022826902025,-0.5909749364591338
1069,42,Steve Nkanu Kapuadi,DEF,Widzew Ł ód ź,2500000,4,1998-04-30,196,0,2,2,180,0,0,0,0,0,0,0.0,0.0,0.0,sofascore.com,2026-07-19,Congo DR,COD,K,CAF,61,1670,Sébastien Desabre,False,False,False,False,2500000.0,28.1,1.0,90.0,0,0,500000.0,Rookie(<=10),28-31,5886070.692307692,153037838,29.069230769230767,26,0.0,0.0,0,0.0,,,0.0,100.0,500000.0,0.0,90.0,0,0,-0.09564399976965954,-0.48513504539033725
1070,42,Axel Tuanzebe,DEF,Burnley FC,5000000,14,1997-11-14,188,1,4,4,360,0,0,0,0,0,0,0.0,0.0,0.0,sofascore.com,2026-07-19,Congo DR,COD,K,CAF,61,1670,Sébastien Desabre,False,False,False,False,5000000.0,28.6,1.0,90.0,0,0,333333.3333333333,Developing(11-30),28-31,5886070.692307692,153037838,29.069230769230767,26,0.0,0.0,0,0.0,,,0.0,100.0,333333.3333333333,0.07142857142857142,90.0,0,0,0.10997883266081576,-0.6089510069822388
1071,42,Dylan Buduka Batubinsika,DEF,AEL FC,600000,15,1996-02-15,185,1,0,0,0,0,0,0,0,0,0,0.0,0.0,0.0,Unverified/Unknown,2026-07-19,Congo DR,COD,K,CAF,61,1670,Sébastien Desabre,False,False,False,False,600000.0,30.3,0.0,0.0,0,0,37500.0,Developing(11-30),28-31,5886070.692307692,153037838,29.069230769230767,26,,,0,,,,,,37500.0,0.06666666666666667,0.0,0,3,-1.9376835521315812,-0.7421543217383736
1072,42,Ngal'ayel Mukau,MID,Lille OSC,15000000,15,2004-11-03,186,0,4,3,197,0,0,0,0,0,0,0.0,0.0,0.0,sofascore.com,2026-07-19,Congo DR,COD,K,CAF,61,1670,Sébastien Desabre,False,False,False,False,15000000.0,21.6,0.75,49.25,0,0,937500.0,Developing(11-30),U23,5886070.692307692,153037838,29.069230769230767,26,0.0,0.0,0,0.0,,,0.0,75.0,937500.0,0.0,49.25,0,0,-0.8741030129349614,0.4958299764759105
1073,42,Nathanaël Mbuku,MID,Montpellier HSC,2000000,19,2002-03-16,170,2,3,2,144,0,0,1,0,0,0,0.0,0.0,0.0,sofascore.com,2026-07-19,Congo DR,COD,K,CAF,61,1670,Sébastien Desabre,False,False,False,False,2000000.0,24.2,0.6666666666666666,48.0,0,1,100000.0,Developing(11-30),24-27,5886070.692307692,153037838,29.069230769230767,26,0.0,0.0,0,0.0,,,0.0,66.66666666666666,100000.0,0.10526315789473684,48.0,0,0,-0.5203095551678175,-0.23707836974501062
1074,42,Samuel Alain Moutoussamy,MID,Atromitos FC,1200000,59,1996-08-12,176,0,4,4,333,0,0,1,0,0,0,0.0,0.0,0.0,sofascore.com,2026-07-19,Congo DR,COD,K,CAF,61,1670,Sébastien Desabre,False,False,False,False,1200000.0,29.8,1.0,83.25,0,1,20000.0,Established(31-60),28-31,5886070.692307692,153037838,29.069230769230767,26,0.0,0.0,0,0.0,,,0.0,100.0,20000.0,0.0,83.25,0,0,0.9050240122189083,-1.3768606981213258
1075,42,Kibambe Brian Cipenga,FWD,CD Castellón,2000000,8,1998-03-11,172,0,2,2,148,1,0,0,0,0,0,0.0,0.0,0.0,sofascore.com,2026-07-19,Congo DR,COD,K,CAF,61,1670,Sébastien Desabre,False,False,False,False,2000000.0,28.3,1.0,74.0,1,0,222222.22222222222,Rookie(<=10),28-31,5886070.692307692,153037838,29.069230769230767,26,0.6081081081081081,0.0,1,0.6081081081081081,148.0,,0.0,100.0,222222.22222222222,0.0,74.0,0,0,0.17981568983240132,-0.3046908111082
1076,42,Theo Mbulofeko Batombo Bongonda,MID,FC Spartak Moscow,3000000,38,1995-11-20,176,7,2,0,32,0,0,0,0,0,0,0.0,0.0,0.0,sofascore.com,2026-07-19,Congo DR,COD,K,CAF,61,1670,Sébastien Desabre,False,False,False,False,3000000.0,30.6,0.0,16.0,0,0,76923.07692307692,Established(31-60),28-31,5886070.692307692,153037838,29.069230769230767,26,0.0,0.0,0,0.0,,,0.0,0.0,76923.07692307692,0.18421052631578946,16.0,0,3,-1.2083517704691287,-1.096386200859713
1077,42,Gaël Roméo Kakuta,FWD,AEL FC,5503691,31,1991-06-21,174,5,0,0,0,0,0,0,0,0,0,0.0,0.0,0.0,Unverified/Unknown,2026-07-19,Congo DR,COD,K,CAF,61,1670,Sébastien Desabre,False,False,False,False,5503691.0,35.0,0.0,0.0,0,0,171990.34375,Established(31-60),32+,5886070.692307692,153037838,29.069230769230767,26,,,0,,,,,,171990.34375,0.16129032258064516,0.0,0,3,-1.3406742472421747,-1.3906940721533192
1078,42,Joris Kayembe,DEF,KRC Genk,2340458,27,1994-08-08,180,1,4,0,43,0,0,0,0,0,0,0.0,0.0,0.0,sofascore.com,2026-07-19,Congo DR,COD,K,CAF,61,1670,Sébastien Desabre,False,False,False,False,2340458.0,31.8,0.0,10.75,0,0,83587.78571428571,Developing(11-30),32+,5886070.692307692,153037838,29.069230769230767,26,0.0,0.0,0,0.0,,,0.0,0.0,83587.78571428571,0.037037037037037035,10.75,0,3,-1.570508826281214,-1.0132540295914012
1079,42,Meschack Lina Elia,FWD,Alanyaspor,1500000,68,1997-08-06,173,12,2,0,44,0,1,0,0,0,0,0.0,0.0,0.0,sofascore.com,2026-07-19,Congo DR,COD,K,CAF,61,1670,Sébastien Desabre,False,True,False,False,1500000.0,28.8,0.0,22.0,1,0,21739.130434782608,Veteran(60+),28-31,5886070.692307692,153037838,29.069230769230767,26,0.0,2.0454545454545454,1,2.0454545454545454,,,0.0,0.0,21739.130434782608,0.17647058823529413,22.0,0,3,-0.16027363638561104,-0.8854542726317403
1080,42,Noah Junior Sadiki,MID,Sunderland AFC,35000000,21,2004-12-17,165,0,4,2,257,0,0,2,0,0,0,0.0,0.0,0.0,sofascore.com,2026-07-19,Congo DR,COD,K,CAF,61,1670,Sébastien Desabre,False,False,False,False,35000000.0,21.5,0.5,64.25,0,2,1590909.0909090908,Developing(11-30),U23,5886070.692307692,153037838,29.069230769230767,26,0.0,0.0,0,0.0,,,0.0,50.0,1590909.0909090908,0.0,64.25,1,0,0.05150284325064561,0.8935531576287621
1081,42,Tshibola Tshibola,MID,Kilmarnock FC,4416794,17,1995-01-02,184,1,0,0,0,0,0,0,0,0,0,0.0,0.0,0.0,Unverified/Unknown,2026-07-19,Congo DR,COD,K,CAF,61,1670,Sébastien Desabre,False,False,False,False,4416794.0,31.4,0.0,0.0,0,0,245377.44444444444,Developing(11-30),32+,5886070.692307692,153037838,29.069230769230767,26,,,0,,,,,,245377.44444444444,0.058823529411764705,0.0,0,3,-1.8240106018739712,-0.7887530639892809
1082,42,Timothy Bruce Munzoko Fayulu,GK,FC Noah,800000,3,1999-07-24,192,0,0,0,0,0,0,0,0,0,0,0.0,0.0,0.0,Unverified/Unknown,2026-07-19,Congo DR,COD,K,CAF,61,1670,Sébastien Desabre,False,False,False,False,800000.0,26.9,0.0,0.0,0,0,200000.0,Rookie(<=10),24-27,5886070.692307692,153037838,29.069230769230767,26,,,0,,,,,,200000.0,0.0,0.0,0,3,-2.2697859792303157,-0.2027776763723409
1083,42,Cedric Bakambu,FWD,Real Betis,1200000,71,1991-04-11,182,21,3,3,193,0,0,0,0,0,0,0.0,0.0,0.0,sofascore.com,2026-07-19,Congo DR,COD,K,CAF,61,1670,Sébastien Desabre,False,True,False,False,1200000.0,35.2,1.0,64.33333333333333,0,0,16666.666666666668,Veteran(60+),32+,5886070.692307692,153037838,29.069230769230767,26,0.0,0.0,0,0.0,,,0.0,100.0,16666.666666666668,0.29577464788732394,64.33333333333333,0,0,1.4373926193210214,-2.415820609830119
1084,42,Charles Monginda Pickel,MID,RCD Espanyol,2500000,35,1997-05-15,187,1,2,0,35,0,0,1,0,0,0,0.0,0.0,0.0,sofascore.com,2026-07-19,Congo DR,COD,K,CAF,61,1670,Sébastien Desabre,False,False,False,False,2500000.0,29.1,0.0,17.5,0,1,69444.44444444444,Established(31-60),28-31,5886070.692307692,153037838,29.069230769230767,26,0.0,0.0,0,0.0,,,0.0,0.0,69444.44444444444,0.02857142857142857,17.5,0,3,-1.157526871820263,-0.8444536256623028
1085,42,Mayele Fiston Mayele,FWD,Pyramids FC,5339714,36,1994-06-24,185,5,2,0,40,1,0,0,0,0,0,0.0,0.0,0.0,sofascore.com,2026-07-19,Congo DR,COD,K,CAF,61,1670,Sébastien Desabre,False,False,False,False,5339714.0,32.0,0.0,20.0,1,0,144316.5945945946,Established(31-60),32+,5886070.692307692,153037838,29.069230769230767,26,2.25,0.0,1,2.25,40.0,,0.0,0.0,144316.5945945946,0.1388888888888889,20.0,0,3,-0.7413429366636077,-0.8910154615137408
1086,42,Yoane Wissa,FWD,Newcastle United FC,25000000,39,1996-09-03,176,9,4,4,360,3,0,0,0,0,0,0.0,0.0,0.0,sofascore.com,2026-07-19,Congo DR,COD,K,CAF,61,1670,Sébastien Desabre,False,False,False,False,25000000.0,29.8,1.0,90.0,3,0,625000.0,Established(31-60),28-31,5886070.692307692,153037838,29.069230769230767,26,0.75,0.0,3,0.75,120.0,,0.0,100.0,625000.0,0.23076923076923078,90.0,1,0,2.2273475937138003,0.09255391680802426
1087,42,Matthieu Luka Epolo,GK,Standard Liège,8000000,1,2005-01-15,183,0,0,0,0,0,0,0,0,0,0,0.0,0.0,0.0,Unverified/Unknown,2026-07-19,Congo DR,COD,K,CAF,61,1670,Sébastien Desabre,False,False,False,False,8000000.0,21.4,0.0,0.0,0,0,4000000.0,Rookie(<=10),U23,5886070.692307692,153037838,29.069230769230767,26,,,0,,,,,,4000000.0,0.0,0.0,0,3,-2.466033655058805,0.6184023362232872
1088,42,Mangulu Chancel Mbemba,DEF,Lille OSC,2000000,110,1994-08-08,182,7,4,4,360,0,0,1,0,0,0,0.0,0.0,0.0,sofascore.com,2026-07-19,Congo DR,COD,K,CAF,61,1670,Sébastien Desabre,False,False,True,False,2000000.0,31.8,1.0,90.0,0,1,18018.018018018018,Veteran(60+),32+,5886070.692307692,153037838,29.069230769230767,26,0.0,0.0,0,0.0,,,0.0,100.0,18018.018018018018,0.06363636363636363,90.0,0,0,1.955118709494923,-2.295111106826401
1089,42,Simon Bokote Banza,FWD,Al Jazira,11000000,16,1996-08-13,189,2,2,0,38,0,0,0,0,0,0,0.0,0.0,0.0,sofascore.com,2026-07-19,Congo DR,COD,K,CAF,61,1670,Sébastien Desabre,False,False,False,False,11000000.0,29.8,0.0,19.0,0,0,647058.8235294118,Developing(11-30),28-31,5886070.692307692,153037838,29.069230769230767,26,0.0,0.0,0,0.0,,,0.0,0.0,647058.8235294118,0.125,19.0,0,3,-1.5661371656294159,-0.46319767781362825
1090,42,Gédéon Tchingoma Kyatengwa Kalulu,DEF,Aris Limassol FC,3500000,29,1997-08-29,178,0,1,0,5,0,0,0,0,0,0,0.0,0.0,0.0,sofascore.com,2026-07-19,Congo DR,COD,K,CAF,61,1670,Sébastien Desabre,False,False,False,False,3500000.0,28.8,0.0,5.0,0,0,116666.66666666667,Developing(11-30),28-31,5886070.692307692,153037838,29.069230769230767,26,0.0,0.0,0,0.0,,,0.0,0.0,116666.66666666667,0.0,5.0,0,3,-1.7755843725312679,-0.6508131170283092
1091,42,Edo Kayembe Kayembe,MID,Watford FC,4000000,43,1998-06-03,183,2,3,2,159,0,0,0,0,0,0,0.0,0.0,0.0,sofascore.com,2026-07-19,Congo DR,COD,K,CAF,61,1670,Sébastien Desabre,False,False,False,False,4000000.0,28.0,0.6666666666666666,53.0,0,0,90909.09090909091,Established(31-60),28-31,5886070.692307692,153037838,29.069230769230767,26,0.0,0.0,0,0.0,,,0.0,66.66666666666666,90909.09090909091,0.046511627906976744,53.0,0,0,-0.3225540236491013,-0.8550149601717948
1092,42,Arthur Fuka Masuaku,DEF,RC Lens,5114623,45,1993-11-07,179,4,4,4,317,0,1,0,0,0,0,0.0,0.0,0.0,sofascore.com,2026-07-19,Congo DR,COD,K,CAF,61,1670,Sébastien Desabre,False,False,False,False,5114623.0,32.6,1.0,79.25,1,0,111187.45652173914,Established(31-60),32+,5886070.692307692,153037838,29.069230769230767,26,0.0,0.28391167192429023,1,0.28391167192429023,,,0.0,100.0,111187.45652173914,0.08888888888888889,79.25,0,0,1.167736110869823,-0.963254974812636
1093,43,Utkir Yusupov,GK,PFC Navbahor Namangan,500000,46,1991-01-04,185,0,1,1,90,0,0,0,0,0,0,0.0,6.0,3.0,sofascore.com,2026-07-19,Uzbekistan,UZB,K,AFC,50,1650,Fabio Cannavaro,False,False,False,False,500000.0,35.4,1.0,90.0,0,0,10638.297872340425,Established(31-60),32+,3274038.4615384615,85125000,28.215384615384615,26,0.0,0.0,0,0.0,,66.66666666666666,0.0,100.0,10638.297872340425,0.0,90.0,0,0,0.7023959874820984,-1.8913675379011607
1094,43,Abdukodir Khusanov,DEF,Manchester City FC,50000000,28,2004-02-29,186,0,3,3,270,0,0,2,0,0,1,0.0,0.0,0.0,sofascore.com,2026-07-19,Uzbekistan,UZB,K,AFC,50,1650,Fabio Cannavaro,True,False,False,False,50000000.0,22.3,1.0,90.0,0,2,1724137.9310344828,Developing(11-30),U23,3274038.4615384615,85125000,28.215384615384615,26,0.0,0.0,0,0.0,,,0.0,100.0,1724137.9310344828,0.0,90.0,1,0,1.1106418812711047,0.9843629785245614
1095,43,Khojiakbar Alijonov,DEF,Pakhtakor Tashkent FK,1300000,52,1997-04-19,180,3,2,1,134,0,0,0,0,0,0,0.0,0.0,0.0,sofascore.com,2026-07-19,Uzbekistan,UZB,K,AFC,50,1650,Fabio Cannavaro,False,False,False,False,1300000.0,29.1,0.5,67.0,0,0,24528.30188679245,Established(31-60),28-31,3274038.4615384615,85125000,28.215384615384615,26,0.0,0.0,0,0.0,,,0.0,50.0,24528.30188679245,0.057692307692307696,67.0,0,0,-0.16339763756185421,-1.2203305224267569
1096,43,Farrukh Sayfiev,DEF,FK Neftchi Farg'ona,225000,72,1991-01-17,183,1,1,0,44,0,0,0,0,0,0,0.0,0.0,0.0,sofascore.com,2026-07-19,Uzbekistan,UZB,K,AFC,50,1650,Fabio Cannavaro,False,False,False,False,225000.0,35.4,0.0,44.0,0,0,3082.1917808219177,Veteran(60+),32+,3274038.4615384615,85125000,28.215384615384615,26,0.0,0.0,0,0.0,,,0.0,0.0,3082.1917808219177,0.013888888888888888,44.0,0,3,-0.48580853350877484,-2.0770556113665335
1097,43,Rustamjon Ashurmatov,DEF,Esteghlal Tehran FC,750000,52,1996-07-07,186,1,3,3,257,0,0,0,0,0,0,0.0,0.0,0.0,sofascore.com,2026-07-19,Uzbekistan,UZB,K,AFC,50,1650,Fabio Cannavaro,False,False,False,False,750000.0,29.9,1.0,85.66666666666667,0,0,14150.943396226416,Established(31-60),28-31,3274038.4615384615,85125000,28.215384615384615,26,0.0,0.0,0,0.0,,,0.0,100.0,14150.943396226416,0.019230769230769232,85.66666666666667,0,0,0.5118683534978525,-1.3560455486281116
1098,43,Akmal Mozgovoy,MID,Pakhtakor Tashkent FK,1400000,26,1999-04-02,180,1,3,2,216,0,1,0,0,0,0,0.0,0.0,0.0,sofascore.com,2026-07-19,Uzbekistan,UZB,K,AFC,50,1650,Fabio Cannavaro,False,False,False,False,1400000.0,27.2,0.6666666666666666,72.0,1,0,51851.851851851854,Developing(11-30),28-31,3274038.4615384615,85125000,28.215384615384615,26,0.0,0.41666666666666663,1,0.41666666666666663,,,0.0,66.66666666666666,51851.851851851854,0.038461538461538464,72.0,0,0,0.11607690345668825,-0.203652616869804
1099,43,Otabek Shukurov,MID,Baniyas Club,1500000,91,1996-06-22,183,10,3,3,238,0,0,0,0,0,0,0.0,0.0,0.0,sofascore.com,2026-07-19,Uzbekistan,UZB,K,AFC,50,1650,Fabio Cannavaro,False,False,False,False,1500000.0,30.0,1.0,79.33333333333333,0,0,16304.347826086956,Veteran(60+),28-31,3274038.4615384615,85125000,28.215384615384615,26,0.0,0.0,0,0.0,,,0.0,100.0,16304.347826086956,0.10989010989010989,79.33333333333333,0,0,1.234764893953805,-1.9463791348696258
1100,43,Jamshid Iskanderov,MID,FK Neftchi Farg'ona,1000000,46,1993-10-16,171,4,1,0,8,0,0,0,0,0,0,0.0,0.0,0.0,sofascore.com,2026-07-19,Uzbekistan,UZB,K,AFC,50,1650,Fabio Cannavaro,False,False,False,False,1000000.0,32.7,0.0,8.0,0,0,21276.59574468085,Established(31-60),32+,3274038.4615384615,85125000,28.215384615384615,26,0.0,0.0,0,0.0,,,0.0,0.0,21276.59574468085,0.08695652173913043,8.0,0,3,-1.2643462373071621,-1.471596240789044
1101,43,Odiljon Xamrobekov,MID,Tractor Sazi Tabriz FC,1000000,76,1996-02-13,180,1,2,1,78,0,0,1,0,0,0,0.0,0.0,0.0,sofascore.com,2026-07-19,Uzbekistan,UZB,K,AFC,50,1650,Fabio Cannavaro,False,False,False,False,1000000.0,30.3,0.5,39.0,0,1,12987.012987012988,Veteran(60+),28-31,3274038.4615384615,85125000,28.215384615384615,26,0.0,0.0,0,0.0,,,0.0,50.0,12987.012987012988,0.013157894736842105,39.0,0,0,0.10986793387002786,-1.6168735693084217
1102,43,Ruslanbek Jiyanov,MID,PFC Navbahor Namangan,800000,8,2001-06-05,176,1,1,0,1,0,0,0,0,0,0,0.0,0.0,0.0,sofascore.com,2026-07-19,Uzbekistan,UZB,K,AFC,50,1650,Fabio Cannavaro,False,False,False,False,800000.0,25.0,0.0,1.0,0,0,88888.88888888889,Rookie(<=10),24-27,3274038.4615384615,85125000,28.215384615384615,26,0.0,0.0,0,0.0,,,0.0,0.0,88888.88888888889,0.125,1.0,0,3,-2.269074200961622,-0.1223182136901029
1103,43,Oston Urunov,MID,Persepolis FC,2000000,46,2000-12-19,181,10,2,1,63,0,0,0,0,0,0,0.0,0.0,0.0,sofascore.com,2026-07-19,Uzbekistan,UZB,K,AFC,50,1650,Fabio Cannavaro,False,False,False,False,2000000.0,25.5,0.5,31.5,0,0,42553.1914893617,Established(31-60),24-27,3274038.4615384615,85125000,28.215384615384615,26,0.0,0.0,0,0.0,,,0.0,50.0,42553.1914893617,0.21739130434782608,31.5,0,3,-0.5930958513156503,-0.81692396928949
1104,43,Abduvakhid Nematov,GK,Nasaf Qarshi FC,1500000,15,2001-03-20,182,0,2,2,180,0,0,0,0,0,0,0.0,4.0,8.0,sofascore.com,2026-07-19,Uzbekistan,UZB,K,AFC,50,1650,Fabio Cannavaro,False,False,False,False,1500000.0,25.2,1.0,90.0,0,0,93750.0,Developing(11-30),24-27,3274038.4615384615,85125000,28.215384615384615,26,0.0,0.0,0,0.0,,33.33333333333333,0.0,100.0,93750.0,0.0,90.0,0,0,-0.1242216313555563,-0.3714194104907443
1105,43,Sherzod Nasrullaev,DEF,Pakhtakor Tashkent FK,1200000,41,1998-07-23,183,2,3,3,182,0,0,1,0,0,0,0.0,0.0,0.0,sofascore.com,2026-07-19,Uzbekistan,UZB,K,AFC,50,1650,Fabio Cannavaro,False,False,False,False,1200000.0,27.9,1.0,60.666666666666664,0,1,28571.428571428572,Established(31-60),28-31,3274038.4615384615,85125000,28.215384615384615,26,0.0,0.0,0,0.0,,,0.0,100.0,28571.428571428572,0.04878048780487805,60.666666666666664,0,0,0.36326752441346777,-1.023948688916237
1106,43,Eldor Shomurodov,FWD,Ba ş ak ş ehir FK,7000000,94,1995-06-29,190,44,3,3,270,1,0,0,0,0,0,0.0,0.0,0.0,sofascore.com,2026-07-19,Uzbekistan,UZB,K,AFC,50,1650,Fabio Cannavaro,False,True,False,False,7000000.0,31.0,1.0,90.0,1,0,73684.21052631579,Veteran(60+),28-31,3274038.4615384615,85125000,28.215384615384615,26,0.33333333333333337,0.0,1,0.33333333333333337,270.0,,0.0,100.0,73684.21052631579,0.46808510638297873,90.0,0,2,3.1140043500481047,-2.2842601184221523
1107,43,Umarbek Eshmurodov,DEF,Nasaf Qarshi FC,450000,40,1992-11-30,185,0,0,0,0,0,0,0,0,0,0,0.0,0.0,0.0,Unverified/Unknown,2026-07-19,Uzbekistan,UZB,K,AFC,50,1650,Fabio Cannavaro,False,False,False,False,450000.0,33.5,0.0,0.0,0,0,10975.609756097561,Established(31-60),32+,3274038.4615384615,85125000,28.215384615384615,26,,,0,,,,,,10975.609756097561,0.0,0.0,0,3,-1.5471036517222723,-1.4303353597696906
1108,43,Botirali Ergashev,GK,FK Neftchi Farg'ona,500000,5,1995-06-23,189,0,0,0,0,0,0,0,0,0,0,0.0,0.0,0.0,Unverified/Unknown,2026-07-19,Uzbekistan,UZB,K,AFC,50,1650,Fabio Cannavaro,False,False,False,False,500000.0,31.0,0.0,0.0,0,0,83333.33333333333,Rookie(<=10),28-31,3274038.4615384615,85125000,28.215384615384615,26,,,0,,,,,,83333.33333333333,0.0,0.0,0,3,-2.0868644357815778,-0.7444073520072397
1109,43,Dostonbek Khamdamov,MID,Pakhtakor Tashkent FK,900000,38,1996-07-24,178,5,2,1,102,0,0,0,0,0,0,0.0,0.0,0.0,sofascore.com,2026-07-19,Uzbekistan,UZB,K,AFC,50,1650,Fabio Cannavaro,False,False,False,False,900000.0,29.9,0.5,51.0,0,0,23076.923076923078,Established(31-60),28-31,3274038.4615384615,85125000,28.215384615384615,26,0.0,0.0,0,0.0,,,0.0,50.0,23076.923076923078,0.13157894736842105,51.0,0,0,-0.43409601883995635,-1.1756394315172813
1110,43,Abdulla Abdullaev,DEF,Dibba FC,500000,30,1997-09-01,181,0,2,2,180,0,0,0,0,0,0,0.0,0.0,0.0,sofascore.com,2026-07-19,Uzbekistan,UZB,K,AFC,50,1650,Fabio Cannavaro,False,False,False,False,500000.0,28.8,1.0,90.0,0,0,16129.032258064517,Developing(11-30),28-31,3274038.4615384615,85125000,28.215384615384615,26,0.0,0.0,0,0.0,,,0.0,100.0,16129.032258064517,0.0,90.0,0,0,0.21041248778324084,-0.9718094186550529
1111,43,Azizjon Ganiev,MID,Al Bataeh Club,2000000,24,1998-02-22,178,0,2,1,122,0,0,0,0,0,0,0.0,0.0,0.0,sofascore.com,2026-07-19,Uzbekistan,UZB,K,AFC,50,1650,Fabio Cannavaro,False,False,False,False,2000000.0,28.3,0.5,61.0,0,0,80000.0,Developing(11-30),28-31,3274038.4615384615,85125000,28.215384615384615,26,0.0,0.0,0,0.0,,,0.0,50.0,80000.0,0.0,61.0,0,0,-0.7141112904317822,-0.731836771646205
1112,43,Azizbek Amonov,FWD,FK Dinamo Samarkand,500000,14,1997-10-30,181,2,1,0,13,0,0,0,0,0,0,0.0,0.0,0.0,sofascore.com,2026-07-19,Uzbekistan,UZB,K,AFC,50,1650,Fabio Cannavaro,False,False,False,False,500000.0,28.6,0.0,13.0,0,0,33333.333333333336,Developing(11-30),28-31,3274038.4615384615,85125000,28.215384615384615,26,0.0,0.0,0,0.0,,,0.0,0.0,33333.333333333336,0.14285714285714285,13.0,0,3,-1.851816064588067,-0.6279708668369312
1113,43,Igor Sergeev,FWD,Persepolis FC,1200000,86,1993-04-30,185,25,3,0,26,0,0,0,0,0,0,0.0,0.0,0.0,sofascore.com,2026-07-19,Uzbekistan,UZB,K,AFC,50,1650,Fabio Cannavaro,False,True,False,False,1200000.0,33.1,0.0,8.666666666666666,0,0,13793.103448275862,Veteran(60+),32+,3274038.4615384615,85125000,28.215384615384615,26,0.0,0.0,0,0.0,,,0.0,0.0,13793.103448275862,0.29069767441860467,8.666666666666666,0,3,-0.016176157861594046,-2.3294382522717725
1114,43,Abbosbek Fayzullaev,MID,Ba ş ak ş ehir FK,7000000,33,2003-10-03,167,9,3,3,223,1,0,0,0,0,0,0.0,0.0,0.0,sofascore.com,2026-07-19,Uzbekistan,UZB,K,AFC,50,1650,Fabio Cannavaro,False,False,False,False,7000000.0,22.7,1.0,74.33333333333333,1,0,205882.35294117648,Established(31-60),U23,3274038.4615384615,85125000,28.215384615384615,26,0.40358744394618834,0.0,1,0.40358744394618834,223.0,,0.0,100.0,205882.35294117648,0.2727272727272727,74.33333333333333,0,0,0.5811334879325386,-0.04970053616018636
1115,43,Sherzod Esanov,MID,FK Buxoro,450000,1,2003-02-01,190,0,1,0,1,0,0,0,0,0,0,0.0,0.0,0.0,sofascore.com,2026-07-19,Uzbekistan,UZB,K,AFC,50,1650,Fabio Cannavaro,False,False,False,False,450000.0,23.4,0.0,1.0,0,0,225000.0,Rookie(<=10),24-27,3274038.4615384615,85125000,28.215384615384615,26,0.0,0.0,0,0.0,,,0.0,0.0,225000.0,0.0,1.0,0,3,-2.4649560140624946,0.14462103282047648
1116,43,Behruzjon Karimov,DEF,Surkhon FK,350000,3,2007-08-07,172,0,2,2,180,0,0,0,0,0,0,0.0,0.0,0.0,sofascore.com,2026-07-19,Uzbekistan,UZB,K,AFC,50,1650,Fabio Cannavaro,False,False,False,False,350000.0,18.8,1.0,90.0,0,0,87500.0,Rookie(<=10),U23,3274038.4615384615,85125000,28.215384615384615,26,0.0,0.0,0,0.0,,,0.0,100.0,87500.0,0.0,90.0,0,0,-0.5703071404461002,0.44961991132617024
1117,43,Avazbek Ulmasaliyev,DEF,OKMK FK,500000,0,2000-03-27,187,0,0,0,0,0,0,0,0,0,0,0.0,0.0,0.0,Unverified/Unknown,2026-07-19,Uzbekistan,UZB,K,AFC,50,1650,Fabio Cannavaro,False,False,False,False,500000.0,26.2,0.0,0.0,0,0,500000.0,Rookie(<=10),24-27,3274038.4615384615,85125000,28.215384615384615,26,,,0,,,,,,500000.0,,0.0,0,3,-2.363508722729663,-0.15276130321303097
1118,43,Jakhongir Urozov,DEF,FK Dinamo Samarkand,600000,5,2004-01-18,190,1,2,1,95,0,0,0,0,0,0,0.0,0.0,0.0,sofascore.com,2026-07-19,Uzbekistan,UZB,K,AFC,50,1650,Fabio Cannavaro,False,False,False,False,600000.0,22.4,0.5,47.5,0,0,100000.0,Rookie(<=10),U23,3274038.4615384615,85125000,28.215384615384615,26,0.0,0.0,0,0.0,,,0.0,50.0,100000.0,0.2,47.5,0,3,-1.3606030520998036,0.1042619023647108
1119,44,David Ospina,GK,Atlético Nacional,7934073,130,1988-08-31,183,0,0,0,0,0,0,0,0,0,0,0.0,0.0,0.0,Unverified/Unknown,2026-07-19,Colombia,COL,K,CONMEBOL,13,1990,Néstor Lorenzo,False,False,True,False,7934073.0,37.8,0.0,0.0,0,0,60565.442748091606,Veteran(60+),32+,17728590.730769232,460943359,30.08076923076923,26,,,0,,,,,,60565.442748091606,0.0,0.0,0,3,0.2068260556407073,-1.8272917339096721
1120,44,Daniel Munoz,DEF,Crystal Palace FC,18918178,47,1996-05-26,180,4,5,4,393,2,0,0,0,0,0,0.0,0.0,0.0,sofascore.com,2026-07-19,Colombia,COL,K,CONMEBOL,13,1990,Néstor Lorenzo,False,False,False,False,18918178.0,30.0,0.8,78.6,2,0,394128.7083333333,Established(31-60),28-31,17728590.730769232,460943359,30.08076923076923,26,0.45801526717557256,0.0,2,0.45801526717557256,196.5,,0.0,80.0,394128.7083333333,0.0851063829787234,78.6,1,0,1.6975683160725104,0.5648254444932312
1121,44,Jhon Janer Lucumi,DEF,Bologna FC,19289403,38,1998-06-26,187,1,5,5,478,0,0,1,0,0,0,0.0,0.0,0.0,sofascore.com,2026-07-19,Colombia,COL,K,CONMEBOL,13,1990,Néstor Lorenzo,False,False,False,False,19289403.0,28.0,1.0,95.6,0,1,494600.07692307694,Established(31-60),28-31,17728590.730769232,460943359,30.08076923076923,26,0.0,0.0,0,0.0,,,0.0,100.0,494600.07692307694,0.02631578947368421,95.6,1,0,1.3055526241943558,0.3858299472850812
1122,44,Santiago Arias,DEF,CA Independiente,16223392,68,1992-01-13,177,0,1,1,87,0,0,0,0,0,0,0.0,0.0,0.0,sofascore.com,2026-07-19,Colombia,COL,K,CONMEBOL,13,1990,Néstor Lorenzo,False,False,False,False,16223392.0,34.4,1.0,87.0,0,0,235121.6231884058,Veteran(60+),32+,17728590.730769232,460943359,30.08076923076923,26,0.0,0.0,0,0.0,,,0.0,100.0,235121.6231884058,0.0,87.0,0,0,1.4350808599537523,-0.6926360151089362
1123,44,Kevin Duvan Castano,MID,CA River Plate,12480297,26,2000-09-29,179,0,2,0,15,0,0,0,0,0,0,0.0,0.0,0.0,sofascore.com,2026-07-19,Colombia,COL,K,CONMEBOL,13,1990,Néstor Lorenzo,False,False,False,False,12480297.0,25.7,0.0,7.5,0,0,462233.22222222225,Developing(11-30),24-27,17728590.730769232,460943359,30.08076923076923,26,0.0,0.0,0,0.0,,,0.0,0.0,462233.22222222225,0.0,7.5,0,3,-1.466742272368733,0.8371203271282605
1124,44,Richard Rios,MID,SL Benfica,25316192,33,2000-06-02,185,2,5,0,135,0,0,0,0,0,0,0.0,0.0,0.0,sofascore.com,2026-07-19,Colombia,COL,K,CONMEBOL,13,1990,Néstor Lorenzo,False,False,False,False,25316192.0,26.0,0.0,27.0,0,0,744593.8823529412,Established(31-60),24-27,17728590.730769232,460943359,30.08076923076923,26,0.0,0.0,0,0.0,,,0.0,0.0,744593.8823529412,0.06060606060606061,27.0,1,3,-0.9194180869415504,1.0032729880996563
1125,44,Luis Fernando Diaz,FWD,FC Bayern München,50000000,75,1997-01-13,179,23,5,5,480,1,1,0,0,0,0,0.0,0.0,0.0,sofascore.com,2026-07-19,Colombia,COL,K,CONMEBOL,13,1990,Néstor Lorenzo,True,True,False,False,50000000.0,29.4,1.0,96.0,2,0,657894.7368421053,Veteran(60+),28-31,17728590.730769232,460943359,30.08076923076923,26,0.1875,0.1875,2,0.375,480.0,,0.0,100.0,657894.7368421053,0.30666666666666664,96.0,1,1,3.513751885231902,0.99725032213232
1126,44,Jorge Andres Carrascal,MID,CR Flamengo,12205018,25,1998-05-25,180,2,0,0,0,0,0,0,0,0,0,0.0,0.0,0.0,Unverified/Unknown,2026-07-19,Colombia,COL,K,CONMEBOL,13,1990,Néstor Lorenzo,False,False,False,False,12205018.0,28.0,0.0,0.0,0,0,469423.76923076925,Developing(11-30),28-31,17728590.730769232,460943359,30.08076923076923,26,,,0,,,,,,469423.76923076925,0.08,0.0,0,3,-1.4031339771684028,0.55931462596907
1127,44,Jhon Andrés Cordoba,FWD,FC Krasnodar,16910822,21,1993-05-11,186,6,3,2,100,0,0,0,0,0,0,0.0,0.0,0.0,sofascore.com,2026-07-19,Colombia,COL,K,CONMEBOL,13,1990,Néstor Lorenzo,False,False,False,False,16910822.0,33.1,0.6666666666666666,33.333333333333336,0,0,768673.7272727273,Developing(11-30),32+,17728590.730769232,460943359,30.08076923076923,26,0.0,0.0,0,0.0,,,0.0,66.66666666666666,768673.7272727273,0.2857142857142857,33.333333333333336,0,3,0.024037533724588316,-0.0024778528991920928
1128,44,James David Rodriguez,MID,Minnesota United FC,8304482,127,1991-07-12,181,31,5,5,318,0,0,0,0,0,0,0.0,0.0,0.0,sofascore.com,2026-07-19,Colombia,COL,K,CONMEBOL,13,1990,Néstor Lorenzo,False,True,True,False,8304482.0,34.9,1.0,63.6,0,0,64878.765625,Veteran(60+),32+,17728590.730769232,460943359,30.08076923076923,26,0.0,0.0,0,0.0,,,0.0,100.0,64878.765625,0.2440944881889764,63.6,0,2,2.881237390367506,-2.138514723283913
1129,44,Jhon Adolfo Arias,MID,SE Palmeiras,24767140,39,1997-09-21,168,6,5,5,382,1,0,0,0,0,0,0.0,0.0,0.0,sofascore.com,2026-07-19,Colombia,COL,K,CONMEBOL,13,1990,Néstor Lorenzo,False,False,False,False,24767140.0,28.7,1.0,76.4,1,0,619178.5,Established(31-60),28-31,17728590.730769232,460943359,30.08076923076923,26,0.23560209424083772,0.0,1,0.23560209424083772,382.0,,0.0,100.0,619178.5,0.15384615384615385,76.4,1,0,1.412950920277907,0.6555787532239905
1130,44,Camilo Andres Vargas,GK,Atlas FC,17816016,43,1989-03-09,183,0,5,5,480,0,0,0,0,0,0,4.0,9.0,1.0,sofascore.com,2026-07-19,Colombia,COL,K,CONMEBOL,13,1990,Néstor Lorenzo,False,False,False,False,17816016.0,37.3,1.0,96.0,0,0,404909.45454545453,Established(31-60),32+,17728590.730769232,460943359,30.08076923076923,26,0.0,0.0,0,0.0,,90.0,80.0,100.0,404909.45454545453,0.0,96.0,0,0,1.3890978061729908,-0.6915619612387821
1131,44,Yerry Fernando Mina,DEF,Cagliari,26019704,54,1994-09-23,195,8,1,0,2,0,0,0,0,0,0,0.0,0.0,0.0,sofascore.com,2026-07-19,Colombia,COL,K,CONMEBOL,13,1990,Néstor Lorenzo,False,False,False,False,26019704.0,31.7,0.0,2.0,0,0,473085.5272727273,Established(31-60),32+,17728590.730769232,460943359,30.08076923076923,26,0.0,0.0,0,0.0,,,0.0,0.0,473085.5272727273,0.14814814814814814,2.0,1,3,-0.5043658019278309,0.0662914340436911
1132,44,Gustavo Adolfo Puerta,DEF,Racing Santander,17774632,7,2003-07-23,173,1,5,5,470,0,1,1,0,0,0,0.0,0.0,0.0,sofascore.com,2026-07-19,Colombia,COL,K,CONMEBOL,13,1990,Néstor Lorenzo,False,False,False,False,17774632.0,22.9,1.0,94.0,1,1,2221829.0,Rookie(<=10),U23,17728590.730769232,460943359,30.08076923076923,26,0.0,0.19148936170212766,1,0.19148936170212766,,,0.0,100.0,2221829.0,0.14285714285714285,94.0,0,1,1.1899781305395214,1.7632400256513592
1133,44,Juan Camilo Portilla,MID,Athletico Paranaense,15070035,10,1998-09-12,181,0,0,0,0,0,0,0,0,0,0,0.0,0.0,0.0,Unverified/Unknown,2026-07-19,Colombia,COL,K,CONMEBOL,13,1990,Néstor Lorenzo,False,False,False,False,15070035.0,27.7,0.0,0.0,0,0,1370003.1818181819,Rookie(<=10),28-31,17728590.730769232,460943359,30.08076923076923,26,,,0,,,,,,1370003.1818181819,0.0,0.0,0,3,-1.6397310233471918,0.8748563031966798
1134,44,Jefferson Andrés Lerma,MID,Crystal Palace FC,27021837,66,1994-10-25,180,5,5,5,412,0,0,1,0,0,0,0.0,0.0,0.0,sofascore.com,2026-07-19,Colombia,COL,K,CONMEBOL,13,1990,Néstor Lorenzo,False,False,False,False,27021837.0,31.6,1.0,82.4,0,1,403311.0,Veteran(60+),32+,17728590.730769232,460943359,30.08076923076923,26,0.0,0.0,0,0.0,,,0.0,100.0,403311.0,0.07575757575757576,82.4,1,0,1.8637951555349792,-0.19428888218825965
1135,44,Johan Andrés Mojica,DEF,RCD Mallorca,17857738,46,1992-08-21,184,1,4,4,390,0,0,1,0,0,0,0.0,0.0,0.0,sofascore.com,2026-07-19,Colombia,COL,K,CONMEBOL,13,1990,Néstor Lorenzo,False,False,False,False,17857738.0,33.8,1.0,97.5,0,1,379951.87234042556,Established(31-60),32+,17728590.730769232,460943359,30.08076923076923,26,0.0,0.0,0,0.0,,,0.0,100.0,379951.87234042556,0.021739130434782608,97.5,0,0,1.6726865440167176,-0.39070664862598864
1136,44,Willer Emilio Ditta,DEF,CF Cruz Azul,7452566,5,1998-01-23,179,0,0,0,0,0,0,0,0,0,0,0.0,0.0,0.0,Unverified/Unknown,2026-07-19,Colombia,COL,K,CONMEBOL,13,1990,Néstor Lorenzo,False,False,False,False,7452566.0,28.4,0.0,0.0,0,0,1242094.3333333333,Rookie(<=10),28-31,17728590.730769232,460943359,30.08076923076923,26,,,0,,,,,,1242094.3333333333,0.0,0.0,0,3,-1.7489437496226234,0.6577461994912186
1137,44,Juan Camilo Hernandez,FWD,Real Betis,14899221,10,1999-04-20,176,2,2,0,48,0,1,0,0,0,0,0.0,0.0,0.0,sofascore.com,2026-07-19,Colombia,COL,K,CONMEBOL,13,1990,Néstor Lorenzo,False,False,False,False,14899221.0,27.1,0.0,24.0,1,0,1354474.6363636365,Rookie(<=10),28-31,17728590.730769232,460943359,30.08076923076923,26,0.0,1.875,1,1.875,,,0.0,0.0,1354474.6363636365,0.2,24.0,0,3,-0.7692720311467772,1.3691586565698122
1138,44,Juan Fernando Quintero,MID,CA River Plate,12654849,49,1993-01-18,167,6,4,0,117,0,1,0,0,0,0,0.0,0.0,0.0,sofascore.com,2026-07-19,Colombia,COL,K,CONMEBOL,13,1990,Néstor Lorenzo,False,False,False,False,12654849.0,33.4,0.0,29.25,1,0,253096.98,Established(31-60),32+,17728590.730769232,460943359,30.08076923076923,26,0.0,0.7692307692307693,1,0.7692307692307693,,,0.0,0.0,253096.98,0.12244897959183673,29.25,0,3,0.1721519592634648,0.0853452117427836
1139,44,Jaminton Leandro Campaz,FWD,CA Rosario Central,5500000,11,2000-05-24,166,2,3,0,75,1,0,0,0,0,0,0.0,0.0,0.0,sofascore.com,2026-07-19,Colombia,COL,K,CONMEBOL,13,1990,Néstor Lorenzo,False,False,False,False,5500000.0,26.0,0.0,25.0,1,0,458333.3333333333,Developing(11-30),24-27,17728590.730769232,460943359,30.08076923076923,26,1.2000000000000002,0.0,1,1.2000000000000002,75.0,,0.0,0.0,458333.3333333333,0.18181818181818182,25.0,0,3,-0.9967826792569513,0.9944726926551826
1140,44,Deiver Machado,DEF,FC Nantes,25905532,15,1993-09-02,173,0,1,1,90,0,0,0,0,0,0,0.0,0.0,0.0,sofascore.com,2026-07-19,Colombia,COL,K,CONMEBOL,13,1990,Néstor Lorenzo,False,False,False,False,25905532.0,32.8,1.0,90.0,0,0,1619095.75,Developing(11-30),32+,17728590.730769232,460943359,30.08076923076923,26,0.0,0.0,0,0.0,,,0.0,100.0,1619095.75,0.0,90.0,1,0,0.8537506697764662,0.3492620405770075
1141,44,Davinson Sanchez,DEF,Galatasaray SK,14979336,80,1996-06-12,188,4,5,5,480,0,0,1,0,0,0,0.0,0.0,0.0,sofascore.com,2026-07-19,Colombia,COL,K,CONMEBOL,13,1990,Néstor Lorenzo,False,False,False,False,14979336.0,30.0,1.0,96.0,0,1,184930.07407407407,Veteran(60+),28-31,17728590.730769232,460943359,30.08076923076923,26,0.0,0.0,0,0.0,,,0.0,100.0,184930.07407407407,0.05,96.0,0,0,1.9734067574606065,-0.48708533511894575
1142,44,Álvaro David Montero,GK,CA Vélez Sarsfield,8143442,12,1995-03-29,201,0,0,0,0,0,0,0,0,0,0,0.0,0.0,0.0,Unverified/Unknown,2026-07-19,Colombia,COL,K,CONMEBOL,13,1990,Néstor Lorenzo,False,False,False,False,8143442.0,31.2,0.0,0.0,0,0,626418.6153846154,Developing(11-30),32+,17728590.730769232,460943359,30.08076923076923,26,,,0,,,,,,626418.6153846154,0.0,0.0,0,3,-1.5304198426114555,0.2830697612197959
1143,44,Luis Javier Suarez,FWD,Sporting CP,20333903,13,1997-12-02,179,5,5,3,332,0,1,1,0,0,0,0.0,0.0,0.0,sofascore.com,2026-07-19,Colombia,COL,K,CONMEBOL,13,1990,Néstor Lorenzo,False,False,False,False,20333903.0,28.5,0.6,66.4,1,1,1452421.642857143,Developing(11-30),28-31,17728590.730769232,460943359,30.08076923076923,26,0.0,0.27108433734939763,1,0.27108433734939763,,,0.0,60.0,1452421.642857143,0.38461538461538464,66.4,1,1,0.9499297701169049,1.134854429857127
1144,44,Carlos Andrés Gomez,FWD,CR Vasco Da Gama,17165551,9,2002-09-12,170,2,1,0,1,0,0,0,0,0,0,0.0,0.0,0.0,sofascore.com,2026-07-19,Colombia,COL,K,CONMEBOL,13,1990,Néstor Lorenzo,False,False,False,False,17165551.0,23.7,0.0,1.0,0,0,1716555.1,Rookie(<=10),24-27,17728590.730769232,460943359,30.08076923076923,26,0.0,0.0,0,0.0,,,0.0,0.0,1716555.1,0.2222222222222222,1.0,0,3,-1.7275454594922408,1.35084040334863
1145,45,Jordan Lee Pickford,GK,Everton FC,13000000,85,1994-03-07,185,0,7,7,660,0,0,0,0,0,0,2.0,19.0,8.0,sofascore.com,2026-07-19,England,ENG,L,UEFA,4,2050,Thomas Tuchel,False,False,False,True,13000000.0,32.3,1.0,94.28571428571429,0,0,151162.7906976744,Veteran(60+),32+,50839188.307692304,1321818896,27.273076923076925,26,0.0,0.0,0,0.0,,70.37037037037037,28.57142857142857,100.0,151162.7906976744,0.0,94.28571428571429,0,0,1.6739371030063979,-0.5824569118892422
1146,45,Ezri Ngoyo Konsa,DEF,Aston Villa FC,40000000,21,1997-10-23,180,1,8,7,647,1,0,0,0,0,0,0.0,0.0,0.0,sofascore.com,2026-07-19,England,ENG,L,UEFA,4,2050,Thomas Tuchel,False,False,False,True,40000000.0,28.6,0.875,80.875,1,0,1818181.8181818181,Developing(11-30),28-31,50839188.307692304,1321818896,27.273076923076925,26,0.1391035548686244,0.0,1,0.1391035548686244,647.0,,0.0,87.5,1818181.8181818181,0.047619047619047616,80.875,1,1,1.1768271836885775,1.5273770993505222
1147,45,Nico Oreilly,DEF,Manchester City FC,67443617,6,2005-03-21,177,0,7,5,464,0,0,1,0,0,0,0.0,0.0,0.0,sofascore.com,2026-07-19,England,ENG,L,UEFA,4,2050,Thomas Tuchel,True,False,False,False,67443617.0,21.2,0.7142857142857143,66.28571428571429,0,1,9634802.42857143,Rookie(<=10),U23,50839188.307692304,1321818896,27.273076923076925,26,0.0,0.0,0,0.0,,,0.0,71.42857142857143,9634802.42857143,0.0,66.28571428571429,1,1,0.5016422029777996,2.9981331397040294
1148,45,Declan Rice,MID,Arsenal FC,120000000,74,1999-01-14,185,7,7,7,559,1,2,2,0,0,0,0.0,0.0,0.0,sofascore.com,2026-07-19,England,ENG,L,UEFA,4,2050,Thomas Tuchel,True,False,False,False,109839062.6,27.4,1.0,79.85714285714286,3,2,1600000.0,Veteran(60+),28-31,50839188.307692304,1321818896,27.273076923076925,26,0.16100178890876565,0.3220035778175313,3,0.4830053667262969,559.0,,0.0,100.0,1600000.0,0.0945945945945946,79.85714285714286,1,1,4.572746115244324,3.646280343311876
1149,45,John Stones,DEF,Manchester City FC,12000000,90,1994-05-28,188,3,5,3,331,0,0,0,0,0,0,0.0,0.0,0.0,sofascore.com,2026-07-19,England,ENG,L,UEFA,4,2050,Thomas Tuchel,False,False,False,False,12000000.0,32.0,0.6,66.2,0,0,131868.13186813187,Veteran(60+),32+,50839188.307692304,1321818896,27.273076923076925,26,0.0,0.0,0,0.0,,,0.0,60.0,131868.13186813187,0.03333333333333333,66.2,0,0,1.0787536191331737,-0.6183856937679424
1150,45,Keaninkin Marc-Isreal Guehi,DEF,Manchester City FC,26097995,30,2000-07-13,183,1,8,7,663,0,0,1,0,0,0,0.0,0.0,0.0,sofascore.com,2026-07-19,England,ENG,L,UEFA,4,2050,Thomas Tuchel,False,False,False,True,26097995.0,25.9,0.875,82.875,0,1,841870.8064516129,Developing(11-30),24-27,50839188.307692304,1321818896,27.273076923076925,26,0.0,0.0,0,0.0,,,0.0,87.5,841870.8064516129,0.03333333333333333,82.875,1,0,0.9721136745409376,1.0773639286587589
1151,45,Bukayo Ayoyinka Saka,FWD,Arsenal FC,110000000,50,2001-09-05,178,14,7,3,358,3,3,0,0,1,0,0.0,0.0,0.0,sofascore.com,2026-07-19,England,ENG,L,UEFA,4,2050,Thomas Tuchel,True,True,False,False,109839062.6,24.8,0.42857142857142855,51.142857142857146,6,0,2156862.745098039,Established(31-60),24-27,50839188.307692304,1321818896,27.273076923076925,26,0.7541899441340782,0.7541899441340782,6,1.5083798882681565,119.33333333333333,,0.0,42.857142857142854,2156862.745098039,0.28,51.142857142857146,1,1,4.172225599772197,5.233817610399151
1152,45,Elliot Junior Anderson,MID,Nottingham Forest FC,75000000,10,2002-11-06,179,0,8,7,634,0,1,1,0,0,0,0.0,0.0,0.0,sofascore.com,2026-07-19,England,ENG,L,UEFA,4,2050,Thomas Tuchel,True,False,False,False,75000000.0,23.6,0.875,79.25,1,1,6818181.818181818,Rookie(<=10),24-27,50839188.307692304,1321818896,27.273076923076925,26,0.0,0.14195583596214512,1,0.14195583596214512,,,0.0,87.5,6818181.818181818,0.0,79.25,1,1,1.5826791246399083,3.340974669714705
1153,45,Harry Edward Kane,FWD,FC Bayern München,60000000,115,1993-07-28,190,81,7,7,654,6,1,0,0,2,0,0.0,0.0,0.0,sofascore.com,2026-07-19,England,ENG,L,UEFA,4,2050,Thomas Tuchel,True,True,True,True,60000000.0,32.9,1.0,93.42857142857143,7,0,517241.3793103448,Veteran(60+),32+,50839188.307692304,1321818896,27.273076923076925,26,0.8256880733944955,0.13761467889908258,7,0.963302752293578,109.0,,0.0,100.0,517241.3793103448,0.7043478260869566,93.42857142857143,1,2,8.435225551519048,0.8303981478606264
1154,45,Jude Victor William Bellingham,MID,Real Madrid C. F.,130000000,49,2003-06-29,183,7,8,7,620,7,1,1,0,0,0,0.0,0.0,0.0,sofascore.com,2026-07-19,England,ENG,L,UEFA,4,2050,Thomas Tuchel,True,False,False,False,109839062.6,23.0,0.875,77.5,8,1,2600000.0,Established(31-60),U23,50839188.307692304,1321818896,27.273076923076925,26,1.0161290322580645,0.14516129032258066,8,1.1612903225806452,88.57142857142857,,0.0,87.5,2600000.0,0.14285714285714285,77.5,1,1,5.582865482340658,5.471697460607352
1155,45,Marcus Rashford,FWD,FC Barcelona,40000000,73,1997-10-31,180,19,5,3,220,1,1,0,0,0,0,0.0,0.0,0.0,sofascore.com,2026-07-19,England,ENG,L,UEFA,4,2050,Thomas Tuchel,False,True,False,False,40000000.0,28.6,0.6,44.0,2,0,540540.5405405406,Veteran(60+),28-31,50839188.307692304,1321818896,27.273076923076925,26,0.40909090909090906,0.40909090909090906,2,0.8181818181818181,220.0,,0.0,60.0,540540.5405405406,0.2602739726027397,44.0,1,1,2.240379399726226,1.1696326984371528
1156,45,Trevoh Tom Chalobah,DEF,Chelsea FC,40000000,1,1999-07-05,192,0,1,0,1,0,0,0,0,0,0,0.0,0.0,0.0,sofascore.com,2026-07-19,England,ENG,L,UEFA,4,2050,Thomas Tuchel,False,False,False,False,40000000.0,26.9,0.0,1.0,0,0,20000000.0,Rookie(<=10),24-27,50839188.307692304,1321818896,27.273076923076925,26,0.0,0.0,0,0.0,,,0.0,0.0,20000000.0,0.0,1.0,1,3,-1.4455882976383418,1.878150163475963
1157,45,Dean Bradley Henderson,GK,Crystal Palace FC,28000000,5,1997-03-12,188,0,1,1,90,0,0,0,0,0,0,0.0,5.0,4.0,sofascore.com,2026-07-19,England,ENG,L,UEFA,4,2050,Thomas Tuchel,False,False,False,False,28000000.0,29.2,1.0,90.0,0,0,4666666.666666667,Rookie(<=10),28-31,50839188.307692304,1321818896,27.273076923076925,26,0.0,0.0,0,0.0,,55.55555555555556,0.0,100.0,4666666.666666667,0.0,90.0,1,0,0.6591155674788323,1.084551466630621
1158,45,Jordan Brian Henderson,MID,Brentford FC,1200000,90,1990-06-17,183,3,2,0,7,0,0,1,0,0,0,0.0,0.0,0.0,sofascore.com,2026-07-19,England,ENG,L,UEFA,4,2050,Thomas Tuchel,False,False,False,False,1200000.0,36.0,0.0,3.5,0,1,13186.813186813188,Veteran(60+),32+,50839188.307692304,1321818896,27.273076923076925,26,0.0,0.0,0,0.0,,,0.0,0.0,13186.813186813188,0.03333333333333333,3.5,0,3,0.13225069805091974,-1.2621254780037663
1159,45,Daniel Johnson Burn,DEF,Newcastle United FC,4000000,8,1992-05-09,201,0,3,0,29,0,0,0,0,0,0,0.0,0.0,0.0,sofascore.com,2026-07-19,England,ENG,L,UEFA,4,2050,Thomas Tuchel,False,False,False,False,4000000.0,34.1,0.0,9.666666666666666,0,0,444444.44444444444,Rookie(<=10),32+,50839188.307692304,1321818896,27.273076923076925,26,0.0,0.0,0,0.0,,,0.0,0.0,444444.44444444444,0.0,9.666666666666666,0,3,-1.3036371302146492,0.055465084375079465
1160,45,Kobbie Boateng Mainoo,MID,Manchester United FC,70000000,14,2005-04-19,183,0,0,0,0,0,0,0,0,0,0,0.0,0.0,0.0,Unverified/Unknown,2026-07-19,England,ENG,L,UEFA,4,2050,Thomas Tuchel,True,False,False,False,70000000.0,21.1,0.0,0.0,0,0,4666666.666666667,Developing(11-30),U23,50839188.307692304,1321818896,27.273076923076925,26,,,0,,,,,,4666666.666666667,0.0,0.0,1,1,-1.2464840385267069,3.1501569168588976
1161,45,Morgan Elliot Rogers,MID,Aston Villa FC,90000000,16,2002-07-26,187,1,7,3,336,0,1,0,0,0,0,0.0,0.0,0.0,sofascore.com,2026-07-19,England,ENG,L,UEFA,4,2050,Thomas Tuchel,True,False,False,False,90000000.0,23.9,0.42857142857142855,48.0,1,0,5294117.647058823,Developing(11-30),24-27,50839188.307692304,1321818896,27.273076923076925,26,0.0,0.26785714285714285,1,0.26785714285714285,,,0.0,42.857142857142854,5294117.647058823,0.0625,48.0,1,1,0.689745757947067,3.7186713206755972
1162,45,Anthony Michael Gordon,FWD,Newcastle United FC,65000000,20,2001-02-24,182,3,6,5,400,1,3,0,0,0,0,0.0,0.0,0.0,sofascore.com,2026-07-19,England,ENG,L,UEFA,4,2050,Thomas Tuchel,True,False,False,False,65000000.0,25.3,0.8333333333333334,66.66666666666667,4,0,3095238.095238095,Developing(11-30),24-27,50839188.307692304,1321818896,27.273076923076925,26,0.225,0.6749999999999999,4,0.9,400.0,,0.0,83.33333333333334,3095238.095238095,0.15,66.66666666666667,1,1,2.7137596527589607,4.001448585995815
1163,45,George Arthur Watkins,FWD,Aston Villa FC,21916589,22,1995-12-30,180,7,2,0,51,0,0,0,0,0,0,0.0,0.0,0.0,sofascore.com,2026-07-19,England,ENG,L,UEFA,4,2050,Thomas Tuchel,False,False,False,False,21916589.0,30.4,0.0,25.5,0,0,952895.1739130435,Developing(11-30),28-31,50839188.307692304,1321818896,27.273076923076925,26,0.0,0.0,0,0.0,,,0.0,0.0,952895.1739130435,0.3181818181818182,25.5,1,3,-0.6693377652665056,0.6359001303685515
1164,45,Azuka Tristan Madueke,FWD,Arsenal FC,27690961,12,2002-03-10,182,1,5,4,287,0,0,0,0,0,0,0.0,0.0,0.0,sofascore.com,2026-07-19,England,ENG,L,UEFA,4,2050,Thomas Tuchel,False,False,False,False,27690961.0,24.3,0.8,57.4,0,0,2130073.923076923,Developing(11-30),24-27,50839188.307692304,1321818896,27.273076923076925,26,0.0,0.0,0,0.0,,,0.0,80.0,2130073.923076923,0.08333333333333333,57.4,1,1,-0.04498497152388507,1.572920089152232
1165,45,Eberechi Oluchi Eze,MID,Arsenal FC,65000000,17,1998-06-29,178,3,5,1,209,0,1,0,0,0,0,0.0,0.0,0.0,sofascore.com,2026-07-19,England,ENG,L,UEFA,4,2050,Thomas Tuchel,True,False,False,False,65000000.0,28.0,0.2,41.8,1,0,3611111.111111111,Developing(11-30),28-31,50839188.307692304,1321818896,27.273076923076925,26,0.0,0.43062200956937796,1,0.43062200956937796,,,0.0,20.0,3611111.111111111,0.17647058823529413,41.8,1,1,0.3973203925556181,2.597881421815747
1166,45,Ivan Benjamin Elijah Toney,FWD,Al Ahli FC,20000000,8,1996-03-16,185,1,1,1,79,0,0,0,0,0,0,0.0,0.0,0.0,sofascore.com,2026-07-19,England,ENG,L,UEFA,4,2050,Thomas Tuchel,False,False,False,False,20000000.0,30.2,1.0,79.0,0,0,2222222.222222222,Rookie(<=10),28-31,50839188.307692304,1321818896,27.273076923076925,26,0.0,0.0,0,0.0,,,0.0,100.0,2222222.222222222,0.125,79.0,1,0,0.5539576665008707,0.7246471819375206
1167,45,James Harrington Trafford,GK,Manchester City FC,25000000,2,2002-10-10,197,0,0,0,0,0,0,0,0,0,0,0.0,0.0,0.0,Unverified/Unknown,2026-07-19,England,ENG,L,UEFA,4,2050,Thomas Tuchel,False,False,False,False,25000000.0,23.7,0.0,0.0,0,0,8333333.333333333,Rookie(<=10),24-27,50839188.307692304,1321818896,27.273076923076925,26,,,0,,,,,,8333333.333333333,0.0,0.0,1,3,-1.746099428407575,1.8344239327725007
1168,45,Reece Lewis James,DEF,Chelsea FC,60000000,25,1999-12-08,180,1,5,3,318,0,0,0,0,0,0,0.0,0.0,0.0,sofascore.com,2026-07-19,England,ENG,L,UEFA,4,2050,Thomas Tuchel,True,False,False,False,60000000.0,26.5,0.6,63.6,0,0,2307692.3076923075,Developing(11-30),24-27,50839188.307692304,1321818896,27.273076923076925,26,0.0,0.0,0,0.0,,,0.0,60.0,2307692.3076923075,0.04,63.6,1,1,0.43557200616248626,2.0283338538579354
1169,45,Tehuti Djed-Hotep Spence,DEF,Tottenham Hotspur FC,65469734,7,2000-08-09,184,0,8,4,394,0,0,0,0,0,0,0.0,0.0,0.0,sofascore.com,2026-07-19,England,ENG,L,UEFA,4,2050,Thomas Tuchel,True,False,False,False,65469734.0,25.8,0.5,49.25,0,0,8183716.75,Rookie(<=10),24-27,50839188.307692304,1321818896,27.273076923076925,26,0.0,0.0,0,0.0,,,0.0,50.0,8183716.75,0.0,49.25,1,1,-0.06987527409682846,2.497015412369375
1170,45,Jarell Amorin Quansah,DEF,Bayer 04 Leverkusen,45000000,3,2003-01-29,190,0,3,3,207,0,0,1,1,0,0,0.0,0.0,0.0,sofascore.com,2026-07-19,England,ENG,L,UEFA,4,2050,Thomas Tuchel,True,False,False,False,45000000.0,23.4,1.0,69.0,0,4,11250000.0,Rookie(<=10),24-27,50839188.307692304,1321818896,27.273076923076925,26,0.0,0.0,0,0.0,,,0.0,100.0,11250000.0,0.0,69.0,1,1,1.6880421767733467,2.0678577147461317
1171,46,Dominik Livakovic,GK,GNK Dinamo Zagreb,4000000,76,1995-01-09,188,0,4,4,360,0,0,0,0,0,0,1.0,8.0,7.0,sofascore.com,2026-07-19,Croatia,CRO,L,UEFA,11,1940,Zlatko Dalić,False,False,False,False,4000000.0,31.4,1.0,90.0,0,0,51948.05194805195,Veteran(60+),32+,14896153.846153846,387300000,28.33076923076923,26,0.0,0.0,0,0.0,,53.333333333333336,25.0,100.0,51948.05194805195,0.0,90.0,0,0,1.2521415057180483,-0.9089153390695689
1172,46,Josip Stanisic,DEF,FC Bayern München,40000000,32,2000-04-02,186,0,4,4,360,0,2,0,0,0,0,0.0,0.0,0.0,sofascore.com,2026-07-19,Croatia,CRO,L,UEFA,11,1940,Zlatko Dalić,False,False,False,False,40000000.0,26.2,1.0,90.0,2,0,1212121.2121212122,Established(31-60),24-27,14896153.846153846,387300000,28.33076923076923,26,0.0,0.5,2,0.5,,,0.0,100.0,1212121.2121212122,0.0,90.0,1,1,1.9130444770590767,2.089431101410707
1173,46,Marin Pongracic,DEF,ACF Fiorentina,6500000,20,1997-09-11,193,0,3,3,270,0,0,0,0,0,0,0.0,0.0,0.0,sofascore.com,2026-07-19,Croatia,CRO,L,UEFA,11,1940,Zlatko Dalić,False,False,False,False,6500000.0,28.7,1.0,90.0,0,0,309523.8095238095,Developing(11-30),28-31,14896153.846153846,387300000,28.33076923076923,26,0.0,0.0,0,0.0,,,0.0,100.0,309523.8095238095,0.0,90.0,0,0,0.4721406039202736,0.10678428109183476
1174,46,Joško Gvardiol,DEF,Manchester City FC,70000000,49,2002-01-23,185,4,4,2,139,0,0,0,0,0,0,0.0,0.0,0.0,sofascore.com,2026-07-19,Croatia,CRO,L,UEFA,11,1940,Zlatko Dalić,True,False,False,False,70000000.0,24.4,0.5,34.75,0,0,1400000.0,Established(31-60),24-27,14896153.846153846,387300000,28.33076923076923,26,0.0,0.0,0,0.0,,,0.0,50.0,1400000.0,0.08163265306122448,34.75,1,1,0.2617622438405978,1.9263490927322775
1175,46,Duje Caleta-Car,DEF,Real Sociedad,2800000,38,1996-09-17,193,1,0,0,0,0,0,0,0,0,0,0.0,0.0,0.0,Unverified/Unknown,2026-07-19,Croatia,CRO,L,UEFA,11,1940,Zlatko Dalić,False,False,False,False,2800000.0,29.7,0.0,0.0,0,0,71794.8717948718,Established(31-60),28-31,14896153.846153846,387300000,28.33076923076923,26,,,0,,,,,,71794.8717948718,0.02631578947368421,0.0,0,3,-1.3569468875463262,-0.14484715370600565
1176,46,Josip Sutalo,DEF,AFC Ajax,12000000,34,2000-02-28,185,0,4,4,360,0,0,0,0,0,0,0.0,0.0,0.0,sofascore.com,2026-07-19,Croatia,CRO,L,UEFA,11,1940,Zlatko Dalić,False,False,False,False,12000000.0,26.3,1.0,90.0,0,0,342857.14285714284,Established(31-60),24-27,14896153.846153846,387300000,28.33076923076923,26,0.0,0.0,0,0.0,,,0.0,100.0,342857.14285714284,0.0,90.0,0,0,0.5930049056391163,0.353389235409636
1177,46,Nikola Moro,MID,Bologna FC,7000000,10,1998-03-12,183,0,0,0,0,0,0,0,0,0,0,0.0,0.0,0.0,Unverified/Unknown,2026-07-19,Croatia,CRO,L,UEFA,11,1940,Zlatko Dalić,False,False,False,False,7000000.0,28.2,0.0,0.0,0,0,636363.6363636364,Rookie(<=10),28-31,14896153.846153846,387300000,28.33076923076923,26,,,0,,,,,,636363.6363636364,0.0,0.0,0,3,-1.7576864985683196,0.4729396379722447
1178,46,Mateo Kovacic,MID,Manchester City FC,10000000,114,1994-05-06,178,5,4,3,272,0,0,0,0,0,0,0.0,0.0,0.0,sofascore.com,2026-07-19,Croatia,CRO,L,UEFA,11,1940,Zlatko Dalić,False,False,True,False,10000000.0,32.1,0.75,68.0,0,0,86956.52173913043,Veteran(60+),32+,14896153.846153846,387300000,28.33076923076923,26,0.0,0.0,0,0.0,,,0.0,75.0,86956.52173913043,0.043859649122807015,68.0,0,0,1.4685582200112757,-1.3120253116924088
1179,46,Andrej Kramaric,FWD,TSG Hoffenheim,2500000,117,1991-06-19,177,36,3,0,57,0,0,0,0,0,0,0.0,0.0,0.0,sofascore.com,2026-07-19,Croatia,CRO,L,UEFA,11,1940,Zlatko Dalić,False,True,True,False,2500000.0,35.0,0.0,19.0,0,0,21186.4406779661,Veteran(60+),32+,14896153.846153846,387300000,28.33076923076923,26,0.0,0.0,0,0.0,,,0.0,0.0,21186.4406779661,0.3076923076923077,19.0,0,2,1.3000800394809429,-2.266009572137511
1180,46,Luka Modric,MID,AC Milan,3500000,199,1985-09-09,172,29,4,4,319,0,1,1,0,0,0,0.0,0.0,0.0,sofascore.com,2026-07-19,Croatia,CRO,L,UEFA,11,1940,Zlatko Dalić,False,True,True,False,3500000.0,40.8,1.0,79.75,1,1,17500.0,Veteran(60+),32+,14896153.846153846,387300000,28.33076923076923,26,0.0,0.28213166144200624,1,0.28213166144200624,,,0.0,100.0,17500.0,0.1457286432160804,79.75,0,2,4.931829267236826,-3.42235559612924
1181,46,Ante Budimir,FWD,CA Osasuna,2800000,38,1991-07-22,190,6,3,2,155,1,0,0,0,0,0,0.0,0.0,0.0,sofascore.com,2026-07-19,Croatia,CRO,L,UEFA,11,1940,Zlatko Dalić,False,False,False,False,2800000.0,34.9,0.6666666666666666,51.666666666666664,1,0,71794.8717948718,Established(31-60),32+,14896153.846153846,387300000,28.33076923076923,26,0.5806451612903226,0.0,1,0.5806451612903226,155.0,,0.0,66.66666666666666,71794.8717948718,0.15789473684210525,51.666666666666664,0,0,0.7629771936026675,-0.6728806806312445
1182,46,Ivor Pandur,GK,Hull City FC,4500000,0,2000-03-25,187,0,0,0,0,0,0,0,0,0,0,0.0,0.0,0.0,Unverified/Unknown,2026-07-19,Croatia,CRO,L,UEFA,11,1940,Zlatko Dalić,False,False,False,False,4500000.0,26.2,0.0,0.0,0,0,4500000.0,Rookie(<=10),24-27,14896153.846153846,387300000,28.33076923076923,26,,,0,,,,,,4500000.0,,0.0,0,3,-1.995862753062436,0.7466729034147401
1183,46,Nikola Vlasic,MID,Torino FC,10000000,64,1997-10-04,179,10,3,2,190,1,0,0,0,0,0,0.0,0.0,0.0,sofascore.com,2026-07-19,Croatia,CRO,L,UEFA,11,1940,Zlatko Dalić,False,False,False,False,10000000.0,28.7,0.6666666666666666,63.333333333333336,1,0,153846.15384615384,Veteran(60+),28-31,14896153.846153846,387300000,28.33076923076923,26,0.47368421052631576,0.0,1,0.47368421052631576,190.0,,0.0,66.66666666666666,153846.15384615384,0.15625,63.333333333333336,0,0,1.163310817896984,-0.1774166782572919
1184,46,Ivan Perisic,FWD,PSV Eindhoven,1200000,155,1989-02-02,186,38,4,4,360,1,1,2,0,0,0,0.0,0.0,0.0,sofascore.com,2026-07-19,Croatia,CRO,L,UEFA,11,1940,Zlatko Dalić,False,True,True,False,1200000.0,37.4,1.0,90.0,2,2,7692.307692307692,Veteran(60+),32+,14896153.846153846,387300000,28.33076923076923,26,0.25,0.25,2,0.5,360.0,,0.0,100.0,7692.307692307692,0.24516129032258063,90.0,0,2,5.432367326430621,-2.5425528991056434
1185,46,Mario Pasalic,MID,Atalanta Bergamo,6000000,86,1995-02-09,188,12,4,1,121,0,0,0,0,0,0,0.0,0.0,0.0,sofascore.com,2026-07-19,Croatia,CRO,L,UEFA,11,1940,Zlatko Dalić,False,True,False,False,6000000.0,31.3,0.25,30.25,0,0,68965.5172413793,Veteran(60+),32+,14896153.846153846,387300000,28.33076923076923,26,0.0,0.0,0,0.0,,,0.0,25.0,68965.5172413793,0.13953488372093023,30.25,0,3,0.33782427488113187,-1.0351137138480782
1186,46,Martin Baturina,MID,Como,30000000,20,2003-02-16,172,2,4,4,324,1,0,0,0,0,0,0.0,0.0,0.0,sofascore.com,2026-07-19,Croatia,CRO,L,UEFA,11,1940,Zlatko Dalić,False,False,False,False,30000000.0,23.3,1.0,81.0,1,0,1428571.4285714286,Developing(11-30),24-27,14896153.846153846,387300000,28.33076923076923,26,0.2777777777777778,0.0,1,0.2777777777777778,324.0,,0.0,100.0,1428571.4285714286,0.1,81.0,1,1,0.8551416900478529,1.5379935884913352
1187,46,Petar Sucic,MID,FC Internazionale Milano,40000000,18,2003-10-25,183,1,4,3,288,1,1,1,0,0,0,0.0,0.0,0.0,sofascore.com,2026-07-19,Croatia,CRO,L,UEFA,11,1940,Zlatko Dalić,False,False,False,False,40000000.0,22.6,0.75,72.0,2,1,2105263.1578947366,Developing(11-30),U23,14896153.846153846,387300000,28.33076923076923,26,0.3125,0.3125,2,0.625,288.0,,0.0,75.0,2105263.1578947366,0.05555555555555555,72.0,1,1,1.394052107872039,2.3996213070179686
1188,46,Kristijan Jakic,DEF,FC Augsburg,6000000,17,1997-05-14,181,2,0,0,0,0,0,0,0,0,0,0.0,0.0,0.0,Unverified/Unknown,2026-07-19,Croatia,CRO,L,UEFA,11,1940,Zlatko Dalić,False,False,False,False,6000000.0,29.1,0.0,0.0,0,0,333333.3333333333,Developing(11-30),28-31,14896153.846153846,387300000,28.33076923076923,26,,,0,,,,,,333333.3333333333,0.11764705882352941,0.0,0,3,-1.572529787706912,0.23200881621627706
1189,46,Toni Fruk,MID,HNK Rijeka,9000000,7,2001-03-09,177,1,0,0,0,0,0,0,0,0,0,0.0,0.0,0.0,Unverified/Unknown,2026-07-19,Croatia,CRO,L,UEFA,11,1940,Zlatko Dalić,False,False,False,False,9000000.0,25.3,0.0,0.0,0,0,1125000.0,Rookie(<=10),24-27,14896153.846153846,387300000,28.33076923076923,26,,,0,,,,,,1125000.0,0.14285714285714285,0.0,0,3,-1.86891185835388,0.865167226892709
1190,46,Igor Matanovic,FWD,SC Freiburg,22000000,10,2003-03-31,194,2,3,0,93,0,0,0,0,0,0,0.0,0.0,0.0,sofascore.com,2026-07-19,Croatia,CRO,L,UEFA,11,1940,Zlatko Dalić,False,False,False,False,22000000.0,23.2,0.0,31.0,0,0,2000000.0,Rookie(<=10),24-27,14896153.846153846,387300000,28.33076923076923,26,0.0,0.0,0,0.0,,,0.0,0.0,2000000.0,0.2,31.0,1,3,-1.3670063606946037,1.3549256402738055
1191,46,Luka Sucic,MID,Real Sociedad,10000000,21,2002-09-08,185,1,1,0,18,0,0,0,0,0,0,0.0,0.0,0.0,sofascore.com,2026-07-19,Croatia,CRO,L,UEFA,11,1940,Zlatko Dalić,False,False,False,False,10000000.0,23.8,0.0,18.0,0,0,454545.45454545453,Developing(11-30),24-27,14896153.846153846,387300000,28.33076923076923,26,0.0,0.0,0,0.0,,,0.0,0.0,454545.45454545453,0.047619047619047616,18.0,0,3,-1.5287013106540055,0.8783420477190931
1192,46,Luka Vuskovic,DEF,Hamburger SV,60000000,6,2007-02-24,193,1,1,1,66,0,0,0,0,0,0,0.0,0.0,0.0,sofascore.com,2026-07-19,Croatia,CRO,L,UEFA,11,1940,Zlatko Dalić,True,False,False,False,60000000.0,19.3,1.0,66.0,0,0,8571428.57142857,Rookie(<=10),U23,14896153.846153846,387300000,28.33076923076923,26,0.0,0.0,0,0.0,,,0.0,100.0,8571428.57142857,0.16666666666666666,66.0,1,1,0.17078356139810782,2.7063495532080375
1193,46,Dominik Kotarski,GK,FC København,5000000,4,2000-02-10,190,0,0,0,0,0,0,0,0,0,0,0.0,0.0,0.0,Unverified/Unknown,2026-07-19,Croatia,CRO,L,UEFA,11,1940,Zlatko Dalić,False,False,False,False,5000000.0,26.3,0.0,0.0,0,0,1000000.0,Rookie(<=10),24-27,14896153.846153846,387300000,28.33076923076923,26,,,0,,,,,,1000000.0,0.0,0.0,0,3,-1.9372361852322937,0.7020297607066964
1194,46,Marco Pasalic,FWD,Orlando City SC,6500000,16,2000-09-14,177,1,3,1,98,0,0,0,0,0,0,0.0,0.0,0.0,sofascore.com,2026-07-19,Croatia,CRO,L,UEFA,11,1940,Zlatko Dalić,False,False,False,False,6500000.0,25.7,0.3333333333333333,32.666666666666664,0,0,382352.9411764706,Developing(11-30),24-27,14896153.846153846,387300000,28.33076923076923,26,0.0,0.0,0,0.0,,,0.0,33.33333333333333,382352.9411764706,0.0625,32.666666666666664,0,3,-1.0367402919709987,0.5883713164433514
1195,46,Martin Erlic,DEF,FC Midtjylland,4000000,13,1998-01-24,192,1,0,0,0,0,0,0,0,0,0,0.0,0.0,0.0,Unverified/Unknown,2026-07-19,Croatia,CRO,L,UEFA,11,1940,Zlatko Dalić,False,False,False,False,4000000.0,28.4,0.0,0.0,0,0,285714.28571428574,Developing(11-30),28-31,14896153.846153846,387300000,28.33076923076923,26,,,0,,,,,,285714.28571428574,0.07692307692307693,0.0,0,3,-1.7085347353759262,0.321285145480591
1196,46,Petar Musa,FWD,FC Dallas,12000000,12,1998-03-04,190,2,2,2,112,1,0,0,0,0,0,0.0,0.0,0.0,sofascore.com,2026-07-19,Croatia,CRO,L,UEFA,11,1940,Zlatko Dalić,False,False,False,False,12000000.0,28.3,1.0,56.0,1,0,923076.9230769231,Developing(11-30),28-31,14896153.846153846,387300000,28.33076923076923,26,0.8035714285714285,0.0,1,0.8035714285714285,112.0,,0.0,100.0,923076.9230769231,0.16666666666666666,56.0,0,0,0.48019423944539763,0.6320141173629633
1197,47,Lawrence Ati Zigi,GK,FC St. Gallen,1500000,31,1996-11-29,188,0,2,2,136,0,0,0,0,0,0,1.0,12.0,1.0,sofascore.com,2026-07-19,Ghana,GHA,L,CAF,49,1690,Carlos Queiroz,False,False,False,False,1500000.0,29.5,1.0,68.0,0,0,46875.0,Established(31-60),28-31,7647605.269230769,198837737,26.96923076923077,26,0.0,0.0,0,0.0,,92.3076923076923,50.0,100.0,46875.0,0.0,68.0,0,0,0.03335721392449916,-0.9050615896683445
1198,47,Alidu Seidu,DEF,Stade Rennais FC,6000000,24,2000-06-04,173,1,1,0,77,0,0,0,0,0,0,0.0,0.0,0.0,sofascore.com,2026-07-19,Ghana,GHA,L,CAF,49,1690,Carlos Queiroz,False,False,False,False,6000000.0,26.0,0.0,77.0,0,0,240000.0,Developing(11-30),24-27,7647605.269230769,198837737,26.96923076923077,26,0.0,0.0,0,0.0,,,0.0,0.0,240000.0,0.041666666666666664,77.0,0,3,-0.9754890677018208,-0.24571025748978062
1199,47,Caleb Marfo Yirenkyi,MID,FC Nordsjælland,10000000,12,2006-01-15,182,2,4,3,264,1,0,1,0,0,0,0.0,0.0,0.0,sofascore.com,2026-07-19,Ghana,GHA,L,CAF,49,1690,Carlos Queiroz,False,False,False,False,10000000.0,20.4,0.75,66.0,1,1,769230.7692307692,Developing(11-30),U23,7647605.269230769,198837737,26.96923076923077,26,0.34090909090909094,0.0,1,0.34090909090909094,264.0,,0.0,75.0,769230.7692307692,0.16666666666666666,66.0,0,0,0.05898319862323408,0.7511674434927056
1200,47,Jonas Adjei Adjetey,DEF,VfL Wolfsburg,6000000,11,2003-12-13,188,0,3,3,226,0,0,0,0,0,0,0.0,0.0,0.0,sofascore.com,2026-07-19,Ghana,GHA,L,CAF,49,1690,Carlos Queiroz,False,False,False,False,6000000.0,22.5,1.0,75.33333333333333,0,0,500000.0,Developing(11-30),U23,7647605.269230769,198837737,26.96923076923077,26,0.0,0.0,0,0.0,,,0.0,100.0,500000.0,0.0,75.33333333333333,0,0,-0.3865123225905212,0.21522910272453188
1201,47,Thomas Teye Partey,MID,Villarreal CF,2000000,59,1993-06-13,185,16,3,3,270,0,0,0,0,0,0,0.0,0.0,0.0,sofascore.com,2026-07-19,Ghana,GHA,L,CAF,49,1690,Carlos Queiroz,False,True,False,False,2000000.0,33.0,1.0,90.0,0,0,33333.333333333336,Established(31-60),32+,7647605.269230769,198837737,26.96923076923077,26,0.0,0.0,0,0.0,,,0.0,100.0,33333.333333333336,0.2711864406779661,90.0,0,0,1.3708619402329476,-1.8960603398308196
1202,47,Abdul Mumin Mumin,DEF,Rayo Vallecano,4241887,5,1998-06-06,188,0,0,0,0,0,0,0,0,0,0,0.0,0.0,0.0,Unverified/Unknown,2026-07-19,Ghana,GHA,L,CAF,49,1690,Carlos Queiroz,False,False,False,False,4241887.0,28.0,0.0,0.0,0,0,706981.1666666666,Rookie(<=10),28-31,7647605.269230769,198837737,26.96923076923077,26,,,0,,,,,,706981.1666666666,0.0,0.0,0,3,-2.1375490298843993,-0.2042113519391208
1203,47,Abdul Fatawu Fatawu,FWD,Leicester City FC,7555311,29,2004-03-08,177,3,4,0,128,0,0,0,0,0,0,0.0,0.0,0.0,sofascore.com,2026-07-19,Ghana,GHA,L,CAF,49,1690,Carlos Queiroz,False,False,False,False,7555311.0,22.3,0.0,32.0,0,0,251843.7,Developing(11-30),U23,7647605.269230769,198837737,26.96923076923077,26,0.0,0.0,0,0.0,,,0.0,0.0,251843.7,0.10344827586206896,32.0,0,3,-1.5593911241282858,0.15606339044213413
1204,47,Kwasi Sibo,MID,Real Oviedo,1400000,9,1998-06-24,183,0,4,3,249,0,0,0,0,0,0,0.0,0.0,0.0,sofascore.com,2026-07-19,Ghana,GHA,L,CAF,49,1690,Carlos Queiroz,False,False,False,False,1400000.0,28.0,0.75,62.25,0,0,140000.0,Rookie(<=10),28-31,7647605.269230769,198837737,26.96923076923077,26,0.0,0.0,0,0.0,,,0.0,75.0,140000.0,0.0,62.25,0,0,-0.6164485154079833,-0.4555084995407724
1205,47,Jordan Pierre Ayew,FWD,Leicester City FC,1800000,121,1991-09-11,182,34,4,4,303,0,0,0,0,0,0,0.0,0.0,0.0,sofascore.com,2026-07-19,Ghana,GHA,L,CAF,49,1690,Carlos Queiroz,False,True,True,False,1800000.0,34.7,1.0,75.75,0,0,14754.098360655738,Veteran(60+),32+,7647605.269230769,198837737,26.96923076923077,26,0.0,0.0,0,0.0,,,0.0,100.0,14754.098360655738,0.2809917355371901,75.75,0,2,2.6507086054112263,-3.10009762146401
1206,47,Brandon Michael Clarke Thomas-Asante,FWD,Coventry City FC,4396065,9,1998-12-29,182,1,2,0,51,0,0,0,0,0,0,0.0,0.0,0.0,sofascore.com,2026-07-19,Ghana,GHA,L,CAF,49,1690,Carlos Queiroz,False,False,False,False,4396065.0,27.4,0.0,25.5,0,0,439606.5,Rookie(<=10),28-31,7647605.269230769,198837737,26.96923076923077,26,0.0,0.0,0,0.0,,,0.0,0.0,439606.5,0.1111111111111111,25.5,0,3,-1.7591448010742086,-0.22058373530113573
1207,47,Antoine Serlom Semenyo,MID,Manchester City FC,80000000,35,2000-01-07,185,3,4,4,360,0,1,0,0,0,0,0.0,0.0,0.0,sofascore.com,2026-07-19,Ghana,GHA,L,CAF,49,1690,Carlos Queiroz,True,False,False,False,80000000.0,26.4,1.0,90.0,1,0,2222222.222222222,Established(31-60),24-27,7647605.269230769,198837737,26.96923076923077,26,0.0,0.25,1,0.25,,,0.0,100.0,2222222.222222222,0.08571428571428572,90.0,1,1,1.6711320556814029,1.8444684266782916
1208,47,Joseph Tetteh Anang,GK,St Patrick's Athletic FC,350000,1,2000-06-08,190,0,0,0,0,0,0,0,0,0,0,0.0,0.0,0.0,Unverified/Unknown,2026-07-19,Ghana,GHA,L,CAF,49,1690,Carlos Queiroz,False,False,False,False,350000.0,26.0,0.0,0.0,0,0,175000.0,Rookie(<=10),24-27,7647605.269230769,198837737,26.96923076923077,26,,,0,,,,,,175000.0,0.0,0.0,0,3,-2.3168706349574992,-0.03627735105972692
1209,47,Christopher Bonsu Bonsu Baah,FWD,Al Qadsiah FC,7649098,9,2004-12-14,172,0,0,0,0,0,0,0,0,0,0,0.0,0.0,0.0,Unverified/Unknown,2026-07-19,Ghana,GHA,L,CAF,49,1690,Carlos Queiroz,False,False,False,False,7649098.0,21.5,0.0,0.0,0,0,764909.8,Rookie(<=10),U23,7647605.269230769,198837737,26.96923076923077,26,,,0,,,,,,764909.8,0.0,0.0,0,3,-2.344890685691742,0.5601033120948338
1210,47,Gideon Mensah,DEF,AJ Auxerre,4000000,41,1998-07-18,178,0,4,4,360,0,0,0,0,0,0,0.0,0.0,0.0,sofascore.com,2026-07-19,Ghana,GHA,L,CAF,49,1690,Carlos Queiroz,False,False,False,False,4000000.0,27.9,1.0,90.0,0,0,95238.09523809524,Established(31-60),28-31,7647605.269230769,198837737,26.96923076923077,26,0.0,0.0,0,0.0,,,0.0,100.0,95238.09523809524,0.0,90.0,0,0,0.38601140307364806,-0.7991402710485245
1211,47,Elisha Owusu,MID,AJ Auxerre,4000000,21,1997-11-07,182,0,3,2,152,0,0,0,0,0,0,0.0,0.0,0.0,sofascore.com,2026-07-19,Ghana,GHA,L,CAF,49,1690,Carlos Queiroz,False,False,False,False,4000000.0,28.6,0.6666666666666666,50.666666666666664,0,0,181818.18181818182,Developing(11-30),28-31,7647605.269230769,198837737,26.96923076923077,26,0.0,0.0,0,0.0,,,0.0,66.66666666666666,181818.18181818182,0.0,50.666666666666664,0,0,-0.6410588936505566,-0.5753551266973529
1212,47,Benjamin Asare,GK,Hearts Of Oak SC,100000,14,1992-07-13,188,0,3,2,224,0,0,0,0,0,0,1.0,5.0,2.0,sofascore.com,2026-07-19,Ghana,GHA,L,CAF,49,1690,Carlos Queiroz,False,False,False,False,136750.00000000003,33.9,0.6666666666666666,74.66666666666667,0,0,6666.666666666667,Developing(11-30),32+,7647605.269230769,198837737,26.96923076923077,26,0.0,0.0,0,0.0,,71.42857142857143,33.33333333333333,66.66666666666666,6666.666666666667,0.0,74.66666666666667,0,0,-0.22784040078569703,-1.2056028326180883
1213,47,Abdul Rahman Rahman,DEF,PAOK Saloniki,5582511,53,1994-07-02,179,1,1,0,1,0,0,0,0,0,0,0.0,0.0,0.0,sofascore.com,2026-07-19,Ghana,GHA,L,CAF,49,1690,Carlos Queiroz,False,False,False,False,5582511.0,31.9,0.0,1.0,0,0,103379.83333333333,Established(31-60),32+,7647605.269230769,198837737,26.96923076923077,26,0.0,0.0,0,0.0,,,0.0,0.0,103379.83333333333,0.018867924528301886,1.0,0,3,-1.314097076703411,-1.1785396164371893
1214,47,Jerome Opoku,DEF,Ba ş ak ş ehir FK,5000000,12,1998-10-14,197,1,3,3,270,0,0,0,0,0,0,0.0,0.0,0.0,sofascore.com,2026-07-19,Ghana,GHA,L,CAF,49,1690,Carlos Queiroz,False,False,False,False,5000000.0,27.7,1.0,90.0,0,0,384615.3846153846,Developing(11-30),28-31,7647605.269230769,198837737,26.96923076923077,26,0.0,0.0,0,0.0,,,0.0,100.0,384615.3846153846,0.08333333333333333,90.0,0,0,0.06759001000700426,-0.4307887946314009
1215,47,Inaki Williams,FWD,Athletic Club,5099385,26,1994-06-15,186,2,2,2,128,0,0,1,0,0,0,0.0,0.0,0.0,sofascore.com,2026-07-19,Ghana,GHA,L,CAF,49,1690,Carlos Queiroz,False,False,False,False,5099385.0,32.0,1.0,64.0,0,1,188866.11111111112,Developing(11-30),32+,7647605.269230769,198837737,26.96923076923077,26,0.0,0.0,0,0.0,,,0.0,100.0,188866.11111111112,0.07692307692307693,64.0,0,0,0.49136442704078515,-1.0976504620582819
1216,47,Augustine Boakye,MID,AS Saint-Etienne,4000000,0,2000-11-03,178,0,0,0,0,0,0,0,0,0,0,0.0,0.0,0.0,Unverified/Unknown,2026-07-19,Ghana,GHA,L,CAF,49,1690,Carlos Queiroz,False,False,False,False,4000000.0,25.6,0.0,0.0,0,0,4000000.0,Rookie(<=10),24-27,7647605.269230769,198837737,26.96923076923077,26,,,0,,,,,,4000000.0,,0.0,0,3,-2.3089699951987566,0.1143964676444542
1217,47,Kojo Peprah Oppong,DEF,OGC Nice,10000000,4,2004-06-04,185,0,2,0,47,0,0,1,0,0,0,0.0,0.0,0.0,sofascore.com,2026-07-19,Ghana,GHA,L,CAF,49,1690,Carlos Queiroz,False,False,False,False,10000000.0,22.0,0.0,23.5,0,1,2000000.0,Rookie(<=10),U23,7647605.269230769,198837737,26.96923076923077,26,0.0,0.0,0,0.0,,,0.0,0.0,2000000.0,0.0,23.5,0,3,-1.714154747616385,0.5654702561751611
1218,47,Kamal Deen Sulemana,FWD,Atalanta Bergamo,17000000,29,2002-02-15,174,1,2,2,129,0,0,0,0,0,0,0.0,0.0,0.0,sofascore.com,2026-07-19,Ghana,GHA,L,CAF,49,1690,Carlos Queiroz,False,False,False,False,17000000.0,24.3,1.0,64.5,0,0,566666.6666666666,Developing(11-30),24-27,7647605.269230769,198837737,26.96923076923077,26,0.0,0.0,0,0.0,,,0.0,100.0,566666.6666666666,0.034482758620689655,64.5,0,0,-0.07194611893214173,0.08431686114053459
1219,47,Derrick Luckassen,DEF,Pafos FC,1200000,1,1995-07-03,188,0,2,2,180,1,0,0,0,0,0,0.0,0.0,0.0,sofascore.com,2026-07-19,Ghana,GHA,L,CAF,49,1690,Carlos Queiroz,False,False,False,False,1200000.0,30.9,1.0,90.0,1,0,600000.0,Rookie(<=10),28-31,7647605.269230769,198837737,26.96923076923077,26,0.5,0.0,1,0.5,180.0,,0.0,100.0,600000.0,0.0,90.0,0,0,0.4258604153867685,-0.49310219603628436
1220,47,Ernest Nuamah Nuamah,FWD,Olympique Lyonnais,3963480,20,2003-11-01,178,4,3,1,88,0,1,0,0,0,0,0.0,0.0,0.0,sofascore.com,2026-07-19,Ghana,GHA,L,CAF,49,1690,Carlos Queiroz,False,False,False,False,3963480.0,22.6,0.3333333333333333,29.333333333333332,1,0,188737.14285714287,Developing(11-30),U23,7647605.269230769,198837737,26.96923076923077,26,0.0,1.0227272727272727,1,1.0227272727272727,,,0.0,33.33333333333333,188737.14285714287,0.2,29.333333333333332,0,3,-0.8434816023204028,0.575409983828165
1221,47,Prince Kwabena Adu,FWD,FC Viktoria Plze ň,3000000,6,2003-09-23,179,0,3,0,38,0,0,0,0,0,0,0.0,0.0,0.0,sofascore.com,2026-07-19,Ghana,GHA,L,CAF,49,1690,Carlos Queiroz,False,False,False,False,3000000.0,22.7,0.0,12.666666666666666,0,0,428571.4285714286,Rookie(<=10),U23,7647605.269230769,198837737,26.96923076923077,26,0.0,0.0,0,0.0,,,0.0,0.0,428571.4285714286,0.0,12.666666666666666,0,3,-2.2172546164190057,0.32929676829401255
1222,47,Marvin Elom Senaya,DEF,AJ Auxerre,3000000,3,2001-01-28,181,0,4,4,280,0,0,0,0,0,0,0.0,0.0,0.0,sofascore.com,2026-07-19,Ghana,GHA,L,CAF,49,1690,Carlos Queiroz,False,False,False,False,3000000.0,25.4,1.0,70.0,0,0,750000.0,Rookie(<=10),24-27,7647605.269230769,198837737,26.96923076923077,26,0.0,0.0,0,0.0,,,0.0,100.0,750000.0,0.0,70.0,0,0,-0.45239514875506054,-0.08692301863122774
1223,48,Luis Ricardo Mejia,GK,Club Nacional,11521424,56,1991-03-16,193,0,0,0,0,0,0,0,0,0,0,0.0,0.0,0.0,Unverified/Unknown,2026-07-19,Panama,PAN,L,CONCACAF,34,1680,Thomas Christiansen,False,False,False,False,11521424.0,35.2,0.0,0.0,0,0,202130.24561403508,Established(31-60),32+,6697228.692307692,174127946,30.430769230769233,26,,,0,,,,,,202130.24561403508,0.0,0.0,0,3,-1.1258578560959476,-1.4359981007073295
1224,48,Cesar Rodolfo Blackman,DEF,Å  K Slovan Bratislava,3927703,41,1998-04-02,174,3,2,2,180,0,0,1,0,0,0,0.0,0.0,0.0,sofascore.com,2026-07-19,Panama,PAN,L,CONCACAF,34,1680,Thomas Christiansen,False,False,False,False,3927703.0,28.2,1.0,90.0,0,1,93516.73809523809,Established(31-60),28-31,6697228.692307692,174127946,30.430769230769233,26,0.0,0.0,0,0.0,,,0.0,100.0,93516.73809523809,0.07317073170731707,90.0,0,0,0.8418352742972985,-0.9484312237786673
1225,48,Jose Angel Cordoba,DEF,Norwich City FC,6373119,33,2001-06-03,189,1,3,3,270,0,0,0,0,0,0,0.0,0.0,0.0,sofascore.com,2026-07-19,Panama,PAN,L,CONCACAF,34,1680,Thomas Christiansen,False,False,False,False,6373119.0,25.0,1.0,90.0,0,0,187444.67647058822,Established(31-60),24-27,6697228.692307692,174127946,30.430769230769233,26,0.0,0.0,0,0.0,,,0.0,100.0,187444.67647058822,0.030303030303030304,90.0,0,0,0.20629212482935394,-0.36657689659068304
1226,48,Fidel Escobar,DEF,Deportivo Saprissa,7099067,99,1995-01-09,184,4,1,1,90,0,0,0,0,0,0,0.0,0.0,0.0,sofascore.com,2026-07-19,Panama,PAN,L,CONCACAF,34,1680,Thomas Christiansen,False,False,False,False,7099067.0,31.4,1.0,90.0,0,0,70990.67,Veteran(60+),32+,6697228.692307692,174127946,30.430769230769233,26,0.0,0.0,0,0.0,,,0.0,100.0,70990.67,0.04040404040404041,90.0,0,0,1.4127320139190394,-1.8765996465054648
1227,48,Edgardo Issac Farina,DEF,FC Pari Nizhny Novgorod,8512682,18,2001-10-19,195,0,0,0,0,0,0,0,0,0,0,0.0,0.0,0.0,Unverified/Unknown,2026-07-19,Panama,PAN,L,CONCACAF,34,1680,Thomas Christiansen,False,False,False,False,8512682.0,24.6,0.0,0.0,0,0,448035.8947368421,Developing(11-30),24-27,6697228.692307692,174127946,30.430769230769233,26,,,0,,,,,,448035.8947368421,0.0,0.0,0,3,-2.097874469024818,0.10587330325288126
1228,48,Cristian Jesus Martinez,MID,Hapoel Kiryat Shmona FC,800000,68,1997-02-06,170,2,3,3,243,0,0,0,0,0,0,0.0,0.0,0.0,sofascore.com,2026-07-19,Panama,PAN,L,CONCACAF,34,1680,Thomas Christiansen,False,False,False,False,800000.0,29.3,1.0,81.0,0,0,11594.202898550724,Veteran(60+),28-31,6697228.692307692,174127946,30.430769230769233,26,0.0,0.0,0,0.0,,,0.0,100.0,11594.202898550724,0.029411764705882353,81.0,0,0,0.6910678338636069,-1.4041428640723819
1229,48,Jose Luis Rodriguez,MID,FC Juárez,4137985,71,1998-06-19,180,8,3,3,235,0,0,0,0,0,0,0.0,0.0,0.0,sofascore.com,2026-07-19,Panama,PAN,L,CONCACAF,34,1680,Thomas Christiansen,False,False,False,False,4137985.0,28.0,1.0,78.33333333333333,0,0,57472.01388888889,Veteran(60+),28-31,6697228.692307692,174127946,30.430769230769233,26,0.0,0.0,0,0.0,,,0.0,100.0,57472.01388888889,0.11267605633802817,78.33333333333333,0,0,0.8794926130415753,-1.3063993248109704
1230,48,Adalberto Eliecer Carrasquilla,MID,Pumas UNAM,7966885,73,1998-11-28,171,3,0,0,0,0,0,0,0,0,0,0.0,0.0,0.0,Unverified/Unknown,2026-07-19,Panama,PAN,L,CONCACAF,34,1680,Thomas Christiansen,False,False,False,False,7966885.0,27.5,0.0,0.0,0,0,107660.6081081081,Veteran(60+),28-31,6697228.692307692,174127946,30.430769230769233,26,,,0,,,,,,107660.6081081081,0.0410958904109589,0.0,0,3,-1.1963658020036867,-0.9202331969584379
1231,48,Tomas Abdiel Rodriguez,FWD,Deportivo Saprissa,6398309,13,1999-03-09,183,4,2,1,47,0,0,0,0,0,0,0.0,0.0,0.0,sofascore.com,2026-07-19,Panama,PAN,L,CONCACAF,34,1680,Thomas Christiansen,False,False,False,False,6398309.0,27.3,0.5,23.5,0,0,457022.0714285714,Developing(11-30),28-31,6697228.692307692,174127946,30.430769230769233,26,0.0,0.0,0,0.0,,,0.0,50.0,457022.0714285714,0.3076923076923077,23.5,0,3,-1.1453917295229086,-0.32885497184431867
1232,48,Ismael Diaz,MID,Club León,8182784,57,1997-05-12,184,17,2,0,35,0,0,0,0,0,0,0.0,0.0,0.0,sofascore.com,2026-07-19,Panama,PAN,L,CONCACAF,34,1680,Thomas Christiansen,False,True,False,False,8182784.0,29.1,0.0,17.5,0,0,141082.4827586207,Established(31-60),28-31,6697228.692307692,174127946,30.430769230769233,26,0.0,0.0,0,0.0,,,0.0,0.0,141082.4827586207,0.2982456140350877,17.5,0,3,-0.611292569273354,-1.1582419279228238
1233,48,Edgar Yoel Barcenas,MID,Mazatlán FC,5818242,105,1993-10-23,175,10,3,3,251,0,0,1,0,0,0,0.0,0.0,0.0,sofascore.com,2026-07-19,Panama,PAN,L,CONCACAF,34,1680,Thomas Christiansen,False,False,False,False,5818242.0,32.6,1.0,83.66666666666667,0,1,54889.07547169811,Veteran(60+),32+,6697228.692307692,174127946,30.430769230769233,26,0.0,0.0,0,0.0,,,0.0,100.0,54889.07547169811,0.09523809523809523,83.66666666666667,0,0,2.005850463256174,-2.244075935960063
1234,48,Cesar Jair Samudio,GK,CD Marathón,11678513,5,1994-02-23,189,0,0,0,0,0,0,0,0,0,0,0.0,0.0,0.0,Unverified/Unknown,2026-07-19,Panama,PAN,L,CONCACAF,34,1680,Thomas Christiansen,False,False,False,False,11678513.0,32.3,0.0,0.0,0,0,1946418.8333333333,Rookie(<=10),32+,6697228.692307692,174127946,30.430769230769233,26,,,0,,,,,,1946418.8333333333,0.0,0.0,0,3,-1.8781370487764022,-0.5168916690071852
1235,48,Jiovany Javier Ramos,DEF,Puerto Cabello CF,11158259,24,1997-01-26,188,2,2,2,167,0,0,0,0,0,0,0.0,0.0,0.0,sofascore.com,2026-07-19,Panama,PAN,L,CONCACAF,34,1680,Thomas Christiansen,False,False,False,False,11158259.0,29.4,1.0,83.5,0,0,446330.36,Developing(11-30),28-31,6697228.692307692,174127946,30.430769230769233,26,0.0,0.0,0,0.0,,,0.0,100.0,446330.36,0.08333333333333333,83.5,0,0,0.2969080765572076,-0.6378110436983616
1236,48,Carlos Miguel Harvey,DEF,Minnesota United FC,7787286,29,2000-02-03,184,3,3,3,268,0,0,1,0,0,0,0.0,0.0,0.0,sofascore.com,2026-07-19,Panama,PAN,L,CONCACAF,34,1680,Thomas Christiansen,False,False,False,False,7787286.0,26.4,1.0,89.33333333333333,0,1,259576.2,Developing(11-30),24-27,6697228.692307692,174127946,30.430769230769233,26,0.0,0.0,0,0.0,,,0.0,100.0,259576.2,0.10344827586206896,89.33333333333333,0,0,0.6461750081122709,-0.5082543273484964
1237,48,Eric Javier Davis,DEF,CD Plaza Amador,4330871,107,1991-03-31,180,9,2,0,3,0,0,0,0,0,0,0.0,0.0,0.0,sofascore.com,2026-07-19,Panama,PAN,L,CONCACAF,34,1680,Thomas Christiansen,False,False,False,False,4330871.0,35.2,0.0,1.5,0,0,40100.65740740741,Veteran(60+),32+,6697228.692307692,174127946,30.430769230769233,26,0.0,0.0,0,0.0,,,0.0,0.0,40100.65740740741,0.08411214953271028,1.5,0,3,-0.24524541489737828,-2.3677535177009914
1238,48,Andres Alberto Andrade,DEF,LASK Linz,3229804,51,1998-10-16,187,1,3,3,270,0,0,1,0,0,0,0.0,0.0,0.0,sofascore.com,2026-07-19,Panama,PAN,L,CONCACAF,34,1680,Thomas Christiansen,False,False,False,False,3229804.0,27.7,1.0,90.0,0,1,62111.61538461538,Established(31-60),28-31,6697228.692307692,174127946,30.430769230769233,26,0.0,0.0,0,0.0,,,0.0,100.0,62111.61538461538,0.0196078431372549,90.0,0,0,0.8648264505680566,-0.9935264997400528
1239,48,Jose Fajardo,FWD,CD Universidad Católica,3666045,70,1993-08-18,184,17,3,1,154,0,0,1,0,0,0,0.0,0.0,0.0,sofascore.com,2026-07-19,Panama,PAN,L,CONCACAF,34,1680,Thomas Christiansen,False,True,False,False,3666045.0,32.8,0.3333333333333333,51.333333333333336,0,1,51634.43661971831,Veteran(60+),32+,6697228.692307692,174127946,30.430769230769233,26,0.0,0.0,0,0.0,,,0.0,33.33333333333333,51634.43661971831,0.24285714285714285,51.333333333333336,0,0,0.7615295921741095,-1.937872536096519
1240,48,Cecilio Alfonso Waterman,FWD,CD Universidad De Concepción,8816235,56,1991-04-13,180,15,2,1,76,0,0,0,0,0,0,0.0,0.0,0.0,sofascore.com,2026-07-19,Panama,PAN,L,CONCACAF,34,1680,Thomas Christiansen,False,True,False,False,8816235.0,35.2,0.5,38.0,0,0,154670.7894736842,Established(31-60),32+,6697228.692307692,174127946,30.430769230769233,26,0.0,0.0,0,0.0,,,0.0,50.0,154670.7894736842,0.26785714285714285,38.0,0,0,0.325043638106788,-1.8424907567462914
1241,48,Alberto Abdiel Quintero,MID,CD Plaza Amador,8402030,141,1987-12-18,165,7,1,0,2,0,0,0,0,0,0,0.0,0.0,0.0,sofascore.com,2026-07-19,Panama,PAN,L,CONCACAF,34,1680,Thomas Christiansen,False,False,True,False,8402030.0,38.5,0.0,2.0,0,0,59169.22535211268,Veteran(60+),32+,6697228.692307692,174127946,30.430769230769233,26,0.0,0.0,0,0.0,,,0.0,0.0,59169.22535211268,0.04964539007092199,2.0,0,3,0.29790387135082746,-2.99102075178241
1242,48,Anibal Casis Godoy,MID,San Diego FC,3706253,160,1990-02-10,184,4,1,0,1,0,0,0,0,0,0,0.0,0.0,0.0,sofascore.com,2026-07-19,Panama,PAN,L,CONCACAF,34,1680,Thomas Christiansen,False,False,True,False,3706253.0,36.3,0.0,1.0,0,0,23020.2049689441,Veteran(60+),32+,6697228.692307692,174127946,30.430769230769233,26,0.0,0.0,0,0.0,,,0.0,0.0,23020.2049689441,0.025,1.0,0,3,0.2655855093518856,-3.037607005648543
1243,48,Cesar Augusto Yanis,MID,CD Cobresal,9547230,55,1996-01-28,160,5,0,0,0,0,0,0,0,0,0,0.0,0.0,0.0,Unverified/Unknown,2026-07-19,Panama,PAN,L,CONCACAF,34,1680,Thomas Christiansen,False,False,False,False,9547230.0,30.4,0.0,0.0,0,0,170486.25,Established(31-60),28-31,6697228.692307692,174127946,30.430769230769233,26,,,0,,,,,,170486.25,0.09090909090909091,0.0,0,3,-1.2002400305171352,-1.0260679326701034
1244,48,Orlando Mosquera,GK,Al Fayha FC,700000,50,1994-12-25,191,0,3,3,270,0,0,0,0,0,0,0.0,8.0,4.0,sofascore.com,2026-07-19,Panama,PAN,L,CONCACAF,34,1680,Thomas Christiansen,False,False,False,False,700000.0,31.5,1.0,90.0,0,0,13725.490196078432,Established(31-60),32+,6697228.692307692,174127946,30.430769230769233,26,0.0,0.0,0,0.0,,66.66666666666666,0.0,100.0,13725.490196078432,0.0,90.0,0,0,0.6120272389744461,-1.4168478384224743
1245,48,Michael Amir Murillo,DEF,Be ş ikta ş  JK,7830169,94,1996-02-11,185,9,3,3,270,0,0,0,0,0,0,0.0,0.0,0.0,sofascore.com,2026-07-19,Panama,PAN,L,CONCACAF,34,1680,Thomas Christiansen,False,False,False,False,7830169.0,30.3,1.0,90.0,0,0,82422.83157894737,Veteran(60+),28-31,6697228.692307692,174127946,30.430769230769233,26,0.0,0.0,0,0.0,,,0.0,100.0,82422.83157894737,0.09574468085106383,90.0,0,0,1.483771267609768,-1.7613453992246029
1246,48,Azarías Emmanuel Londono,FWD,CD Universidad Católica,4490434,13,2001-06-21,185,1,3,0,53,0,0,0,0,0,0,0.0,0.0,0.0,sofascore.com,2026-07-19,Panama,PAN,L,CONCACAF,34,1680,Thomas Christiansen,False,False,False,False,4490434.0,25.0,0.0,17.666666666666668,0,0,320745.28571428574,Developing(11-30),24-27,6697228.692307692,174127946,30.430769230769233,26,0.0,0.0,0,0.0,,,0.0,0.0,320745.28571428574,0.07692307692307693,17.666666666666668,0,3,-1.9265341336731525,-0.017995114890935957
1247,48,Roderick Alonso Miller,DEF,Turan Tovuz,9948860,49,1992-04-03,190,2,0,0,0,0,0,0,0,0,0,0.0,0.0,0.0,Unverified/Unknown,2026-07-19,Panama,PAN,L,CONCACAF,34,1680,Thomas Christiansen,False,False,False,False,9948860.0,34.2,0.0,0.0,0,0,198977.2,Established(31-60),32+,6697228.692307692,174127946,30.430769230769233,26,,,0,,,,,,198977.2,0.04081632653061224,0.0,0,3,-1.2031942700148481,-1.3178755756424922
1248,48,Jorge Abdiel Gutierrez,DEF,Deportivo La Guaira,8097757,18,1998-09-01,171,0,1,1,88,0,0,0,0,0,0,0.0,0.0,0.0,sofascore.com,2026-07-19,Panama,PAN,L,CONCACAF,34,1680,Thomas Christiansen,False,False,False,False,8097757.0,27.8,1.0,88.0,0,0,426197.7368421053,Developing(11-30),28-31,6697228.692307692,174127946,30.430769230769233,26,0.0,0.0,0,0.0,,,0.0,100.0,426197.7368421053,0.0,88.0,0,0,0.1066576306718892,-0.4401160609822462
